,artist,song_id,title,url,lyrics
0,Unknown Artist,5697092,The Chicken Wing Song,https://genius.com/Unknown-artist-the-chicken-wing-song-lyrics,"4 ContributorsThe Chicken Wing Song LyricsChicken wing
Chicken wing
Hot dog and baloney
Chicken and macaroni
Chillin’ with my homies
Chicken wing
Chicken wingYou might also like3Embed"
1,Shaboozey,10109093,A Bar Song (Tipsy),https://genius.com/Shaboozey-a-bar-song-tipsy-lyrics,"48 ContributorsTranslationsEspañolDeutschFrançaisУкраїнськаNorsk (bokmål / riksmål)A Bar Song (Tipsy) Lyrics
My baby want a Birkin, she's been tellin' me all night long
Gasoline and groceries, the list goes on and on
This nine-to-five ain't workin', why the hell do I work so hard?
I can't worry 'bout my problems, I can't take 'em when I'm gone, uh

One, here comes the two to the three to the four
Tell 'em ""Bring another round,"" we need plenty more
Two-steppin' on the table, she don't need a dance floor
Oh my, good Lord

Someone pour me up a double shot of whiskey
They know me and Jack Daniеl's got a history
There's a party downtown near 5th Street
Evеrybody at the bar gettin' tipsy

Everybody at the bar gettin' tipsy
Everybody at the bar gettin' tipsy

I've been Boozey since I left
I ain't changin' for a check
Tell my ma I ain't forget (Oh Lord), I
Woke up drunk at 10 a.m.​
We gon' do this shit again
Tell your girl to bring a friend, oh Lord
You might also like
One, here comes the two to the three to the four
Tell 'em ""Bring another round,"" we need plenty more
Two-steppin' on the table, she don't need a dance floor
Oh my, good Lord

Someone pour me up a double shot of whiskey (Double shot of whiskey)
They know me and Jack Daniel's got a history (We go way back)
There's a party downtown near 5th Street
Everybody at the bar gettin' tipsy

Everybody at the bar gettin' tipsy (At the bar gettin' tipsy)
Everybody at the bar gettin' tipsy

One, here comes the two to the three to the four
When it's last call and they kick us out the door
It's gettin' kind of late, but the ladies want some more
Oh my, good Lord (Tell 'em drinks on me)

Someone pour me up a double shot of whiskey (Double shot of whiskey)
They know me and Jack Daniel's got a history (Way back)
There's a party downtown near 5th Street (Come on)
Everybody at the bar gettin' tipsy (Woo-ooh)
Someone pour me up a double shot of whiskey (Double shot of whiskey)
They know me and Jack Daniel's got a history (It's Jack D)
At the bottom of a bottle, don't miss me (Baby, don't miss me)
Everybody at the bar gettin' tipsy (At the bar gettin' tipsy)
Everybody at the bar gettin' tipsy
Everybody at the bar gettin' tipsy

That's fuckin' messed up, bro, they kicked me out the bar6Embed"
2,Billie Eilish,10257626,BIRDS OF A FEATHER,https://genius.com/Billie-eilish-birds-of-a-feather-lyrics,"157 ContributorsTranslationsPortuguêsالعربيةHebrewEspañolTürkçeΕλληνικάDeutschItalianoPolskiBahasa IndonesiaFrançaisРусскийTiếng ViệtNorsk (bokmål / riksmål)ShqipCatalàไทย / Phasa ThaiBIRDS OF A FEATHER Lyrics

I want you to stay
'Til I'm in the grave
'Til I rot away, dead and buried
'Til I'm in the casket you carry
If you go, I'm goin' too, uh
'Cause it was always you (Alright)
And if I'm turnin' blue, please don't save me
Nothin' left to lose without my baby

Birds of a feather, we should stick together, I know
I said I'd never think I wasn't better alone
Can't change the weather, might not be forever
But if it's forever, it's even better

And I don't know what I'm cryin' for
I don't think I could love you more
It might not be long, but baby, I

I'll love you 'til the day that I die
'Til the day that I die
'Til the light leaves my eyes
'Til the day that I die
See Billie Eilish LiveGet tickets as low as $135You might also like
I want you to see, hm
How you look to me, hm
You wouldn't believe if I told ya
You would keep the compliments I throw ya
But you're so full of shit, uh
Tell me it's a bit, oh
Say you don't see it, your mind's polluted
Say you wanna quit, don't be stupid

And I don't know what I'm cryin' for
I don't think I could love you more
Might not be long, but baby, I
Don't wanna say goodbye

Birds of a feather, we should stick together, I know ('Til the day that I die)
I said I'd never think I wasn't better alone ('Til the light leaves my eyes)
Can't change the weather, might not be forever ('Til the day that I die)
But if it's forever, it's even better

I knew you in another life
You had that same look in your eyes
I love you, don't act so surprised22Embed"
3,Post Malone,10187047,I Had Some Help,https://genius.com/Post-malone-i-had-some-help-lyrics,"59 ContributorsTranslationsPortuguêsDeutschNorsk (bokmål / riksmål)EspañolPolskiI Had Some Help Lyrics
You got a lotta nerve, don't you, baby?
I only hit the curb 'cause you made me
You're tellin' all your friends that I'm crazy
Like I'm the only one
Why'd you throw them stones if you
Had a wild hair of your own or two?
Livin' in your big glass house with a view
I thought you knew

I had some help
It ain't like I can make this kinda mess all by myself
Don't act like you ain't help me pull that bottle off the shelf
Been deep in every weekend if you couldn't tell
They say, ""Teamwork makes the dream work""
Hell, I had some help (Help)

(Help)

You thought I'd take the blame for us a-crumbling
Go 'round like you ain't guilty of somethin'
Already lost the game that you been runnin'
Guess it's catchin' up to you, huh
You think that you're so innocent
After all the shit you did
I ain't an angel, you ain't heaven-sent
Can't wash our hands of this
See Post Malone LiveGet tickets as low as $46You might also like
I had some help
It ain't like I can make this kinda mess all by myself
Don't act like you ain't help me pull that bottle off the shelf
Been deep in every weekend if you couldn't tell
They say, ""Teamwork makes the dream work""
Hell, I had some help (Help)
(Help)
(Help)
(Help)

It takes two to break a heart in two, ooh
Baby, you blame me and, baby, I blame you
Aw, if that ain't the truth (Oh)

I had some help
It ain't like I can make this kinda mess all by myself
Don't act like you ain't help me pull that bottle off the shelf
Been deep in every weekend if you couldn't tell
They say, ""Teamwork makes the dream work""
Hell, I had some help (Help)
(Help)
(Help)
(Help)8Embed"
4,Sabrina Carpenter,10257779,Espresso,https://genius.com/Sabrina-carpenter-espresso-lyrics,"108 ContributorsTranslationsСрпскиNorsk (bokmål / riksmål)TürkçePolskiالعربيةFrançaisItalianoDeutschPortuguêsEspañolBahasa Indonesiaไทย / Phasa ThaiTiếng ViệtSlovenčinaБеларускаяРусскийУкраїнськаΕλληνικάCatalà日本語МакедонскиEspresso Lyrics
Now he's thinkin' 'bout me every night, oh
Is it that sweet? I guess so
Say you can't sleep, baby, I know
That's that me espresso
Move it up, down, left, right, oh
Switch it up like Nintendo
Say you can't sleep, baby, I know
That's that me espresso

I can't relate to desperation
My give-a-fucks are on vacation
And I got this one boy and he won't stop calling
When they act this way, I know I got 'em

(Mm) Too bad your ex don't do it for ya
(Mm) Walked in and dream-came-trued it for ya
(Mm) Soft skin and I perfumed it for ya
(Yes) I know I Mountain Dew it for ya
(Yes) That morning coffee, brewed it for ya
(Yes) One touch and I brand-newed it for ya (Ooh)

And now he's thinkin' 'bout me every night, oh
Is it that sweet? I guess so
Say you can't sleep, baby, I know
That's that me espresso
Move it up, down, left, right, oh
Switch it up like Nintendo
Say you can't sleep, baby, I know
That's that me espresso
See Sabrina Carpenter LiveGet tickets as low as $105You might also like
Holy shit
Is it that sweet? I guess so (Mm)

I'm working late 'cause I'm a singer
Oh, he looks so cute wrapped 'round my finger
My twisted humor make him laugh so often
My honeybee, come and get this pollen

(Mm) Too bad your ex don't do it for ya
(Mm) Walked in and dream-came-trued it for ya
(Mm) Soft skin and I perfumed it for ya (Ayy, ayy, oh)
(Yes) I know I Mountain Dew it for ya
(Yes) That morning coffee, brewed it for ya
(Yes) One touch and I brand-newed it for ya (Stupid)

Now he's thinkin' 'bout me every night, oh
Is it that sweet? I guess so
Say you can't sleep, baby, I know
That's that me espresso
Move it up, down, left, right, oh
Switch it up like Nintendo
Say you can't sleep, baby, I know
That's that me espresso (Yes)
Thinkin' 'bout me every night, oh
Is it that sweet? I guess so (Yes)
Say you can't sleep, baby, I know
That's that me espresso (Yes)
Move it up, down, left, right, oh (Move it up, down, left, right, oh)
Switch it up like Nintendo (Yes)
Say you can't sleep, baby, I know
That's that me espresso
Is it that sweet? I guess so
Mm, that's that me espresso28Embed"
5,Lady Gaga & Bruno Mars,10766684,Die With A Smile,https://genius.com/Lady-gaga-and-bruno-mars-die-with-a-smile-lyrics,"126 ContributorsTranslationsTürkçeEspañolPortuguêsDeutschFrançaisItalianoالعربيةΕλληνικάTiếng ViệtBahasa IndonesiaفارسیNederlandsไทย / Phasa ThaiDie With A Smile Lyrics
(Ooh, ooh)

I, I just woke up from a dream
Where you and I had to say goodbye
And I don't know what it all means
But since I survived, I realized

Wherever you go, that's where I'll follow
Nobody's promised tomorrow
So I'ma love you every night like it's the last night
Like it's the last night

If the world was ending
I'd wanna be next to you
If the party was over
And our time on Earth was through
I'd wanna hold you just for a while
And die with a smile
If the world was ending
I'd wanna be next to you

(Ooh, ooh)
You might also like
Ooh, lost, lost in the words that we scream
I don't even wanna do this anymore
'Cause you already know what you mean to me
And our love's the only war worth fighting for

Wherever you go, that's where I'll follow
Nobody's promised tomorrow
So I'ma love you every night like it's the last night
Like it's the last night

If the world was ending
I'd wanna be next to you
If the party was over
And our time on Earth was through
I'd wanna hold you just for a while
And die with a smile
If the world was ending
I'd wanna be next to you

Right next to you
Next to you
Right next to you
Oh-oh
If the world was ending
I'd wanna be next to you
If the party was over
And our time on Earth was through
I'd wanna hold you just for a while
And die with a smile
If the world was ending
I'd wanna be next to you
If the world was ending
I'd wanna be next to you

(Ooh, ooh)
I'd wanna be next to you20Embed"
6,Chappell Roan,10090037,"Good Luck, Babe!",https://genius.com/Chappell-roan-good-luck-babe-lyrics,"101 ContributorsTranslationsBahasa IndonesiaPortuguêsDeutschEspañolFrançaisTürkçeHebrewItalianoDanskCatalàTiếng ViệtPolskiGood Luck, Babe! Lyrics
It's fine, it's cool
You can say that we are nothing, but you know the truth
And guess I'm the fool
With her arms out like an angel through the car sunroof

I don't wanna call it off
But you don't wanna call it love
You only wanna be the one that I call ""baby""

You can kiss a hundred boys in bars
Shoot another shot, try to stop the feeling
You can say it's just the way you are
Make a new excuse, another stupid reason
Good luck, babe (Well, good luck)
Well, good luck, babe (Well, good luck)
You'd have to stop the world just to stop the feeling
Good luck, babe (Well, good luck)
Well, good luck, babe (Well, good luck)
You'd have to stop the world just to stop the feeling

I'm cliché, who cares?
It's a sexually explicit kind of love affair
And I cry, it's not fair
I just need a little lovin', I just need a little air
You might also like
Think I'm gonna call it off
Even if you call it love
I just wanna love someone who calls me ""baby""

You can kiss a hundred boys in bars
Shoot another shot, try to stop the feeling
You can say it's just the way you are
Make a new excuse, another stupid reason
Good luck, babe (Well, good luck)
Well, good luck, babe (Well, good luck)
You'd have to stop the world just to stop the feeling
Good luck, babe (Well, good luck)
Well, good luck, babe (Well, good luck)
You'd have to stop the world just to stop the feeling

When you wake up next to him in the middle of the night
With your head in your hands, you're nothing more than his wife
And when you think about me all of those years ago
You're standing face to face with ""I told you so""
You know I hate to say it, I told you so
You know I hate to say, but I told you so

You can kiss a hundred boys in bars
Shoot another shot, try to stop the feeling (Well, I told you so)
You can say it's just the way you are
Make a new excuse, another stupid reason
Good luck, babe (Well, good luck)
Well, good luck, babe (Well, good luck)
You'd have to stop the world just to stop the feeling
Good luck, babe (Well, good luck)
Well, good luck, babe (Well, good luck)
You'd have to stop the world just to stop the feeling
You'd have to stop the world just to stop the feeling
You'd have to stop the world just to stop the feeling
You'd have to stop the world just to stop the feeling12Embed"
7,Sabrina Carpenter,10628610,Taste,https://genius.com/Sabrina-carpenter-taste-lyrics,"84 ContributorsTranslationsTürkçeTiếng ViệtPolskiFrançaisEspañolСрпскиPortuguêsDeutschCatalàРусскийItalianoไทย / Phasa ThaiМакедонски中文УкраїнськаБеларускаяΕλληνικάTaste Lyrics
Oh, I leave quite an impression
Five feet to be exact
You're wonderin' why half his clothes went missin'
My body's where they're at

Now I'm gone, but you're still layin'
Next to me, one degree of separation

I heard you're back together and if that's true
You'll just have to taste me when he's kissin' you
If you want forever, and I bet you do
Just know you'll taste me too

Uh-huh

He pins you down on the carpet
Makes paintings with his tongue (La-la-la-la-la-la-la)
Hе's funny now, all his jokes hit different
Guеss who he learned that from?

Now I'm gone, but you're still layin'
Next to me, one degree of separation
See Sabrina Carpenter LiveGet tickets as low as $105You might also like
I heard you're back together and if that's true
You'll just have to taste me when he's kissin' you
If you want forever, and I bet you do (I bet you do)
Just know you'll taste me too

La-la-la-la-la-la-la

Every time you close your eyes
And feel his lips, you're feelin' mine
And every time you breathe his air
Just know I was already there
You can have him if you like
I've been there, done that once or twice
And singin' 'bout it don't mean I care
Yeah, I know I've been known to share

Well, I heard you're back together and if that's true
You'll just have to taste me when he's kissin' you
If you want forever, and I bet you do (I bet you do)
Just know you'll taste me too

Taste me too, ow (La-la-la-la-la-la-la)
You'll just have to taste me when he's kissin' you
You, no, yeah, ah-ah (La-la-la-la-la-la-la)
You'll just have to taste me when he's kissin' you12Embed"
8,Teddy Swims,9262512,Lose Control,https://genius.com/Teddy-swims-lose-control-lyrics,"31 ContributorsTranslationsEspañolDeutschУкраїнськаNorsk (bokmål / riksmål)FrançaisLose Control Lyrics
Something's got a hold of me lately
No, I don’t know myself anymore
Feels like the walls are all closin' in
And the devil's knockin’ at my door, woah
Out of my mind, how many times did I tell you
I'm no good at bein' alone?
Yeah, it's taken a toll on me, tryin' my best to keep
From tearin' the skin off my bones, don't you know

I lose control
When you're not next to me
I’m fallin’ apart right in front of you, can't you see?
I lose control
When you’re not next to me, mhm
Yeah, you're breakin' my heart, baby
You make a mess of me

Problematic
The problem is I want your body like a fiend, like a bad habit
Bad habits hard to break when I'm with you
Yeah, I know I can do it on my own
But I want that real full-moon black magic and it takes two
Problematic
The problem is when I’m with you I'm an addict
And I need some relief, my skin in your teeth
Can't see the forest through the trees
Got me down on my knees, darlin', please, oh
See Teddy Swims LiveGet tickets as low as $48You might also like
I lose control
When you're not next to me
I'm fallin' apart right in front of you, can't you see?
I lose control
When you're not next to me (Mm-hmm)
Yeah, you're breakin' my heart, baby
You make a mess of me, yeah


I lose control
When you're not here with me, mm
I'm fallin' apart right in front of you, can't you see?
I lose control
When you're not here with me, mhm
Yeah, you're breakin' my heart, baby
You make a mess of meEmbed"
9,Sabrina Carpenter,10488398,Please Please Please,https://genius.com/Sabrina-carpenter-please-please-please-lyrics,"118 ContributorsTranslationsEspañolСрпскиPortuguêsDeutschTürkçeItalianoPolskiTiếng ViệtBahasa IndonesiaРусскийNorsk (bokmål / riksmål)ไทย / Phasa ThaiFrançaisCatalàМакедонскиDansk中文БеларускаяУкраїнськаΕλληνικάPlease Please Please Lyrics
I know I have good judgment, I know I have good taste
It's funny and it's ironic that only I feel that way
I promise 'em that you're different and everyone makes mistakes
But just don't
I heard that you're an actor, so act like a stand-up guy
Whatever devil's inside you, don't let him out tonight
I tell them it's just your culture and everyone rolls their eyes
Yeah, I know
All I'm asking, baby

Please, please, please
Don't prove I'm right
And please, pleasе, please
Don't bring me to tеars when I just did my makeup so nice
Heartbreak is one thing, my ego's another
I beg you, don't embarrass me, motherfucker, oh
Please, please, please (Ah)

Well, I have a fun idea, babe (Uh-huh), maybe just stay inside
I know you're cravin' some fresh air, but the ceiling fan is so nice (It's so nice, right?)
And we could live so happily if no one knows that you're with me
I'm just kidding, but really (Kinda), really, really
See Sabrina Carpenter LiveGet tickets as low as $105You might also like
Please, please, please (Please don't prove I'm right)
Don't prove I'm right
And please, please, please
Don't bring me to tears when I just did my makeup so nice
Heartbreak is one thing (Heartbreak is one thing), my ego's another (Ego's another)
I beg you, don't embarrass me, motherfucker, oh
Please, please, please (Ah)

If you wanna go and be stupid
Don't do it in front of me
If you don't wanna cry to my music
Don't make me hate you prolifically
Please, please, please (Please)
Please, please, please (Please)
Please (Please), please (Please), please
(Ah)13Embed"
10,Benson Boone,9782708,Beautiful Things,https://genius.com/Benson-boone-beautiful-things-lyrics,"55 ContributorsTranslationsDeutschPortuguêsEspañolУкраїнськаNorsk (bokmål / riksmål)FrançaisBeautiful Things Lyrics
For a while there, it was rough
But lately, I've been doin' better
Than the last four cold Decembers I recall
And I see my family every month
I found a girl my parents love
She'll come and stay the night, and I think I might have it all
And I thank God every day
For the girl He sent my way
But I know the things He gives me, He can take away
And I hold you every night
And that's a feeling I wanna get used to
But there's no man as terrified as the man who stands to lose you

Oh, I hope I don't losе you
Mm, please stay
I want you, I need you, oh God
Don't take
Thеse beautiful things that I've got

Please stay
I want you, I need you, oh, God
Don't take
These beautiful things that I've got
See Benson Boone LiveGet tickets as low as $71You might also like
Oh, ooh
Please don't take

I found my mind, I'm feelin' sane
It's been a while, but I'm finding my faith
If everything's good and it's great, why do I sit and wait 'til it's gone?
Oh, I'll tell ya, I know I've got enough
I've got peace and I've got love
But I'm up at night thinkin' I just might lose it all

Please stay
I want you, I need you, oh God
Don't take
These beautiful things that I've got

Oh, ooh

Please stay
I want you, I need you, oh God
I need
These beautiful things that I've got9Embed"
11,Kendrick Lamar,10359264,Not Like Us,https://genius.com/Kendrick-lamar-not-like-us-lyrics,"1486 ContributorsTranslationsTürkçePortuguêsРусскийEspañolDeutschPolskiRomânăFrançaisالعربيةहिन्दीNot Like Us Lyrics
Psst, I see dead people
(Mustard on the beat, ho)

Ayy, Mustard on the beat, ho
Deebo any rap nigga, he a free throw
Man down, call an amberlamps, tell him, ""Breathe, bro""
Nail a nigga to the cross, he walk around like Teezo
What's up with these jabroni-ass niggas tryna see Compton?
The industry can hate me, fuck 'em all and they mama
How many opps you really got? I mean, it's too many options
I'm finna pass on this body, I'm John Stockton
Beat your ass and hide the Bible if God watchin'
Sometimes you gotta pop out and show niggas
Certified boogeyman, I'm the one that up the score with 'em
Walk him down, whole time, I know he got some ho in him
Pole on him, extort shit, bully Death Row on him
Say, Drake, I hear you like 'em young
You better not ever go to cell block one
To any bitch that talk to him and they in love
Just make sure you hide your lil' sister from him
They tell me Chubbs the only one that get your hand-me-downs
And Party at the party playin' with his nose now
And Baka got a weird case, why is he around?
Certified Lover Boy? Certified pedophiles
Wop, wop, wop, wop, wop, Dot, fuck 'em up
Wop, wop, wop, wop, wop, I'ma do my stuff
Why you trollin' like a bitch? Ain't you tired?
Tryna strike a chord and it's probably A minor
You might also like
They not like us, they not like us, they not like us
They not like us, they not like us, they not like us

You think the Bay gon' let you disrespect Pac, nigga?
I think that Oakland show gon' be your last stop, nigga
Did Cole foul, I don't know why you still pretendin'
What is the owl? Bird niggas and burnt bitches, go
The audience not dumb
Shape the stories how you want, hey, Drake, they're not slow
Rabbit hole is still deep, I can go further, I promise
Ain't that somethin'? B-Rad stands for bitch and you Malibu most wanted
Ain't no law, boy, you ball boy, fetch Gatorade or somethin'
Since 2009, I had this bitch jumpin'
You niggas'll get a wedgie, be flipped over your boxers
What OVO for? The ""Other Vaginal Option""? Pussy
Nigga better straighten they posture, got famous all up in Compton
Might write this for the doctorate, tell the pop star quit hidin'
Fuck a caption, want action, no accident
And I'm hands-on, he fuck around, get polished
Fucked on Wayne girl while he was in jail, that's connivin'
Then get his face tatted like a bitch apologizin'
I'm glad DeRoz' came home, y'all didn't deserve him neither
From Alondra down to Central, nigga better not speak on Serena
And your homeboy need subpoena, that predator move in flocks
That name gotta be registered and placed on neighborhood watch
I lean on you niggas like another line of Wock'
Yeah, it's all eyes on me, and I'ma send it up to Pac, ayy
Put the wrong label on me, I'ma get 'em dropped, ayy
Sweet Chin Music and I won't pass the aux, ayy
How many stocks do I really have in stock? Ayy
One, two, three, four, five, plus five, ayy
Devil is a lie, he a 69 God, ayy
Freaky-ass niggas need to stay they ass inside, ayy
Roll they ass up like a fresh pack of 'za, ayy
City is back up, it's a must, we outside, ayy
They not like us, they not like us, they not like us
They not like us, they not like us, they not like us

Once upon a time, all of us was in chains
Homie still doubled down callin' us some slaves
Atlanta was the Mecca, buildin' railroads and trains
Bear with me for a second, let me put y'all on game
The settlers was usin' townfolk to make 'em richer
Fast-forward, 2024, you got the same agenda
You run to Atlanta when you need a check balance
Let me break it down for you, this the real nigga challenge
You called Future when you didn't see the club (Ayy, what?)
Lil Baby helped you get your lingo up (What?)
21 gave you false street cred
Thug made you feel like you a slime in your head (Ayy, what?)
Quavo said you can be from Northside (What?)
2 Chainz say you good, but he lied
You run to Atlanta when you need a few dollars
No, you not a colleague, you a fuckin' colonizer
The family matter and the truth of the matter
It was God's plan to show y'all the liar

Mm
Mm-mm
He a fan, he a fan, he a fan (Mm)
He a fan, he a fan, he a
Freaky-ass nigga, he a 69 God
Freaky-ass nigga, he a 69 God
Hey, hey, hey, hey, run for your life
Hey, hey, hey, hey, run for your life
Freaky-ass nigga, he a 69 God
Freaky-ass nigga, he a 69 God
Hey, hey, hey, hey, run for your life
Hey, hey, hey, hey, run for your life
Let me hear you say, ""OV-ho"" (OV-ho)
Say, ""OV-ho"" (OV-ho)
Then step this way, step that way
Then step this way, step that way
Are you my friend?
Are we locked in?
Then step this way, step that way
Then step this way, step that way150Embed"
12,The Weeknd & Playboi Carti,10857594,Timeless,https://genius.com/The-weeknd-and-playboi-carti-timeless-lyrics,"369 ContributorsTranslationsPortuguêsEspañolРусскийFrançaisTürkçeDeutsch中文Timeless Lyrics
XO
Ooh, yeah, ooh, yeah, no

Ever since I was a jit, knew I was the shit (Ooh, yeah)
Shorty keep wanna come 'round, she wanna get hit (Wanna get hit so hard)
She think she the main because I keep her by my side
Double-O, bust down the watch, she know that I'm timeless (Timeless)
I put my son in some Rick
I pull that gun off the hip
Pockets hold twenty-two clips (Ah)
I break her heart, Comme Garçon
Put on a shirt, get put on a blimp
Bitch like a stain, get ready to lick
I had to tell her that ever since I was a jit, knеw I was the shit (Oh)
She singin' my songs, she wanna diе lit, tryna get hit
House like a bank, deposit this bitch, 'posit that check
Smile on my face, ain't playing shit, come and get checked (Uh)
Ice on my neck, double-O wrist
She in the Scat, hell of a 'Cat
Fresh out the trench, four hundred packs
Uh, yeah, I'm spinnin' in Paris (Uh)
Dress for these hoes, they finna flock
Just poured a four in a soda, it pop
Them drugs finna hit, I'm feelin' ill
I'm wrestlin' all of my demons, I feel like The Rock
You might also like
(Shit, uh, yeah)
Ever since I was a kid, I been legit (Jit, ooh, nah)
If I was you, I would cut up my wrist (Dumb bit')
XO tatted all over her body, yeah (Yeah)
She just wanna roll and I don't mind it, yeah
Ever since I was a jit, I been legit (Ooh, nah, uh)
You should let her go, she wanna be it (Oh, yeah)
Double-O tatted on her body, yeah
It don't matter what they say, I'm timeless, yeah (Schyeah)

Oh, city on fire when I'm comin' home
Fill up the sky (Yeah), I fill up the Dome
They'll play it one day (Yeah), it's a hell of a show
But it's gonna hurt 'cause we did it first
Feel like Skateboard P, BBC boys on the creep
Feel like it's '03, Neptune drum with a beam (Yeah)
She hippie-flippin' a bean, she wanna fuck with the team
She fell in love with the cream (Yeah), she fell in love with the scene
Ooh, yeah, her man quiet, not a peep (Oh, nah)
Broke his heart, PTSD (Oh, nah)
Hold his chest, let it breathe
Let it breathe, niggas scheme
And I got a priest, he got a cross
Get out of line, send him to God
I shed a tear, pray for a loss, ooh, yeah (Yeah)
Ever since I was a kid, I been legit (Homixide, Homixide, Homixide, oh, oh)
If I was you, I would cut up my wrist (Ah)
XO tatted all over her body, yeah (Body, yeah)
She just wanna roll and I don't mind it, yeah
Ever since I was a jit, I been legit (Yeah, ooh, nah)
You should let her go, she wanna be it (Oh, nah)
Double-O tatted on her body, yeah (Body, yeah)
It don't matter what they say, I'm timeless

Timeless (Oh), timeless, timeless
Timeless, timeless, timeless, we timeless, oh
Timeless, timeless, timeless (Yeah), timeless
Timeless (Yeah), timeless, timeless, we timeless, oh
Oh (Blatt)
Oh (Yuh, lit)46Embed"
13,Hozier,10164888,Too Sweet,https://genius.com/Hozier-too-sweet-lyrics,"118 ContributorsTranslationsEspañolDanskDeutschMagyarالعربيةNorsk (bokmål / riksmål)PortuguêsFrançaisTürkçeToo Sweet Lyrics
It can't be said I'm an early bird
It's 10 o'clock before I say a word
Baby, I can never tell
How do you sleep so well?
You keep tellin' me to live right
To go to bed before the daylight
But then you wake up for the sunrise
You know you don't gotta pretend
Baby, now and then

Don't you just wanna wake up, dark as a lake
Smellin' like a bonfire, lost in a haze?
If you're drunk on life, babe, I think it's great
But while in this world

I think I'll take my whiskey neat
My coffee black and my bed at 3
You're too sweet for me
You're too sweet for me
I take my whiskеy neat
My coffee black and my bed at 3
You're too sweet for mе
You're too sweet for me
See Hozier LiveGet tickets as low as $117You might also like
Ooh, ooh
Ooh, ooh

I aim low
I aim true, and the ground's where I go
I work late where I'm free from the phone
And the job gets done
But you worry some, I know
But who wants to live forever, babe?
You treat your mouth as if it's Heaven's gate
The rest of you like you're the TSA
I wish I could go along
Babe, don't get me wrong

You know you're bright as the morning, as soft as the rain
Pretty as a vine, as sweet as a grape
If you can sit in a barrel, maybe I'll wait
Until that day
I'd rather take my whiskey neat
My coffee black and my bed at 3
You're too sweet for me
You're too sweet for me
I take my whiskey neat
My coffee black and my bed at 3
You're too sweet for me
You're too sweet for me
Woah, woah
Woah, woah
Woah, woah
Woah, woah

I take my whiskey neat
My coffee black and my bed at 3
You're too sweet for me
You're too sweet for me5Embed"
14,Tommy Richman,10317508,MILLION DOLLAR BABY,https://genius.com/Tommy-richman-million-dollar-baby-lyrics,"89 ContributorsTranslationsPortuguêsDeutschEspañolРусскийPolskiNorsk (bokmål / riksmål)MILLION DOLLAR BABY Lyrics
Do it, baby, do what I should think
Do it, do it, baby, do what I could think
Do it, do it, baby, do what I should think
Do it, do it, baby, do what I could think
Do it, do it, do it, baby, do what I should think
Do it, baby, do what I could think
Do it, do it, do it, baby, do what I should think
Do it, do it, baby, do what I could think

I ain't never rep a set, baby (Tsk, tsk)
I ain't do no wrong
I could clean up good for you
Oh, I know right from wrong
'Cause I wanna make it so badly
I'm a million-dollar baby, don't at me
Yeah, oh, hell no (Yeah, yeah)

You rep my city for so damn long (Ah, ah)
But you still don't notice me, my sound next
VA next (Yeah, yeah), I'm at they neck (Yeah, yeah)
I'm running up a check (Yeah, yeah, yeah, yeah)
She a bad lil' mama, she a diva
No matter what happens, he cannot come between us again
I know we're better than friends (Better than friends)
I took her to Queen's Gambit (Yeah, yeah), showed around my friends
Tried to pick some energy up, it don't matter
I know you haven't moved on if you tried (Oh, no)
I don't believe it, baby, I know you lied (Oh, no)
All night long, what you mean I changed?
Haven't stayed the same
I've been losing my mind (Ooh)
I said the city is mine (Ooh)
You might also like
I ain't never rep a set, baby
Ain't do no wrong
I could clean up good for you
Oh, I know right from wrong
'Cause I wanna make it so badly
I'm a million-dollar baby, don't at me
I ain't never rep a set, baby
Ain't do no wrong
I could clean up good for you
Oh, I know right from wrong
'Cause I wanna make it so badly
I'm a million-dollar baby, don't at me (No, no, no)

Hell, hell nah
Yeah, hell, hell no
Hell, hell no
Do it, baby, do what I should think
Do it, do it, baby, do what I could think
Do it, baby, do what I should think
Do it, do it, baby, do what I could think
Hell, hell nah
Yeah, hell, hell nah
Hell, hell nah6Embed"
15,Chappell Roan,8860545,HOT TO GO!,https://genius.com/Chappell-roan-hot-to-go-lyrics,"51 ContributorsTranslationsTürkçeDeutschFrançaisCatalàEspañolPortuguêsItalianoРусскийHOT TO GO! Lyrics
Five, six
Five, six, seven, eight

I could be the one, or your new addiction
It's all in my head, but I want non-fiction
I don't want the world, but I'll take this city
Who can blame a girl? Call me hot, not pretty

Baby, do you like this beat?
I made it so you'd dance with me
It's like a hundred ninety-nine degrees
When you're doing it with me, doing it with me

H-O-T-T-O-G-O
Snap and clap and touch your toes
Raise your hands, now body roll
Dance it out, you're hot to go
H-O-T-T-O-G-O
Snap and clap and touch your toes
Raise your hands, now body roll
H-O-T-T-O-G-O
You might also like
H-O-T-T-O-G-O
You can take me hot to go
H-O-T-T-O-G-O
You can take me hot to go

Well, I woke up alone staring at my cеiling
I try not to care, but it hurts my feelings
You don't have to stare, comе here, get with it
No one's touched me there in a damn hot minute

And baby, don't you like this beat?
I made it so you'd sleep with me
It's like a hundred ninety-nine degrees
When you're doing it with me, doing it with me

H-O-T-T-O-G-O
Snap and clap and touch your toes
Raise your hands, now body roll
Dance it out, you're hot to go
H-O-T-T-O-G-O
Snap and clap and touch your toes
Raise your hands, now body roll
H-O-T-T-O-G-O
H-O-T-T-O-G-O
You can take me hot to go
H-O-T-T-O-G-O
You can take me hot to go

What's it take to get your number?
What's it take to bring you home?
Hurry up, it's time for supper
Order up, I'm hot to go
What's it take to get your number?
Hurry up, it's getting cold
Hurry up, it's time for supper
Order up, I'm hot to go

H-O-T-T-O-G-O
You can take me hot to go (Oh, yeah)
H-O-T-T-O-G-O
You can take me hot to go (Hot to go)
H-O-T-T-O-G-O
You can take me hot to go (Oh, yeah)
H-O-T-T-O-G-O
You can take me hot to go
Whew, it's hot in here
Is anyone else hot?
Woo, you coming home with me?
Okay, it's hot
I'll call the cab7Embed"
16,Morgan Wallen,10507202,Lies Lies Lies,https://genius.com/Morgan-wallen-lies-lies-lies-lyrics,"9 ContributorsTranslationsEspañolLies Lies Lies Lyrics
I don't come down with the Sun
I won't hate myself when the mornin' comes
No thoughts of your body runnin' through my head
No bottle of bourbon beside the bed, 'cause

It wasn't no thing to give you up
I never reach for you in another touch
Don't ever think about you with him
And girl, tonight I won't call again and again
Ain't nothin' but

Lies, lies, lies
Look into my eyes, eyes, eyes
I'm still a fool for you
Nothin' I wouldn't do for you
Lies, lies, lies
Girl, I'm on a downhill dive
Habits and hard heartbreaks are hard to break
So I just tell the same old lies, liеs, lies
Yeah, baby, I can try, try, try

To act like I don't givе a damn, but I do
Bet you're missin' me bad as I miss you
Snowballs to a phone call
Soundin' somethin' stupid
Baby, 'cause the truth is
The ninety proof is tellin' me
You might also like
Lies, lies, lies
Look into my eyes, eyes, eyes
I'm still a fool for you
Nothin' I wouldn't do for you
Lies, lies, lies
Girl, I'm on a downhill dive
Habits and hard heartbreaks are hard to break
So I just tell the same old lies, lies, lyin' to myself
Why, why, why in the hell
Do I keep sayin', ""I can get you back""?
That's about as honest as sayin' that

I don't come down with the Sun
I won't hate myself when the mornin' comes
Them ain't nothin' but

Lies, lies, lies
Look into my eyes, eyes, eyes
I'm still a fool for you
Nothin' I wouldn't do for you
Lies, lies, lies
Girl, I'm on a downhill dive
Habits and hard heartbreaks are hard to break
So I just tell the same old lies, lies, lies
Lies, lies, liesEmbed"
17,Jelly Roll,10462375,I Am Not Okay,https://genius.com/Jelly-roll-i-am-not-okay-lyrics,"12 ContributorsTranslationsEspañolУкраїнськаI Am Not Okay Lyrics
I am not okay
I'm barely gettin' by
I'm losin' track of days
And losin' sleep at night
I am not okay
I'm hangin' on the rails
So if I say I'm fine
Just know I learned to hide it well

I know I can't be the only one
Who's holdin' on for dear life
But God knows, I know
When it's all said and done
I'm not okay
But it's all gonna be alright
It's not okay
But we're all gonna be alright

I woke up today
I almost stayed in bed
Had the devil on my back
And voices in my head
Some days, it ain't all bad
Some days, it all gets worse
Some days, I swear I'm better off
Layin' in that dirt
See Jelly Roll LiveGet tickets as low as $40You might also like
I know I can't be the only one
Who's holdin' on for dear life
But God knows, I know
When it's all said and done
I'm not okay
But it's all gonna be alright
It's not okay
But wе're all gonna be alright
Gonna be alright
Gonna bе alright

I know one day
We'll see the other side
The pain'll wash away
In a holy water tide
And we all gonna be alright

I know I can't be the only one
Who's holdin' on for dear life
But God knows, I know
When it's all said and done
I'm not okay
But it's all gonna be alright
It's not okay
But we're all gonna be alright
I'm not okay
But it's all gonna be alrightEmbed"
18,Marshmello & Kane Brown,10344535,Miles On It,https://genius.com/Marshmello-and-kane-brown-miles-on-it-lyrics,"14 ContributorsMiles On It Lyrics
New truck, big lift
Old roads, we've been
Tearin' up since way back when
But these wheels are innocent
New hitch, new seats, no history
And you just can't fake that
So, let's change that

Girl, let's go put some miles on it
Back of the Chevy with the engine runnin'
Just you and me in a truck bed wide like a California King
We could break it in if you know what I mean
Put some miles on it
Back of the Chevy with the engine runnin'
Just you and me in a truck bed wide like a California King
Wе could break it in if you know what I mean
Put some milеs on it
We could break it in if you know what I mean

All night, no brakes
All tail, no gate
Ain't gotta try too hard
My baby's push to start
All torque, full speed
Off-road, on me
Zero to a hundred fast
My foot ain't touch the gas
I said, ""Hey, baby, slow it down, let's make it last""
You said, ""Where's the fun in that?""
You might also like
Yeah, let's go, put some miles on it
Back of the Chevy with the engine runnin'
Just you and me in a truck bed wide like a California King
We could break it in if you know what I mean
Put some miles on it
We could break it in if you know what I mean
Put some miles on it
We could break it in if you know what I mean

Mile after mile after mile after mile
Turn up the night like that radio dial
Shoulder to shoulder where nobody knows
Know where we're goin', we ain't goin' home

We're puttin' miles on it
Back of the Chevy with the engine runnin'
Just you and me in a truck bed wide like a California King
We could break it in if you know what I mean
Put some miles on it
Back of the Chevy with the engine runnin'
Just you and me in a truck bed wide like a California King
We could break it in if you know what I mean
Put some miles on it
We could break it in if you know what I mean
Put some miles on it
We could break it in if you know what I mean
Put some miles on itEmbed"
19,Luke Combs,10373898,Ain’t No Love in Oklahoma,https://genius.com/Luke-combs-aint-no-love-in-oklahoma-lyrics,"22 ContributorsAin’t No Love in Oklahoma Lyrics
I keep chasing that same old devil
Down the same old dead-end highway
Riding that storm running through my veins
Like a shot down tailspun airplane
Scared of nothing and I'm scared to death
I can't breathe and I catch my breath
But I keep chasing that same old devil
Down the same old dead-end highway

Ain't no love in Oklahoma
Just the whistle of a long black train
You'll know when it's coming for ya
Riding in on the wind and rain

I got saved in the same Red River
The same Red River tryna drown me
It ain't knocking me down, I'm standing my ground
With the whole world falling all around me
I keep running, but I'm standing still
Pray for peace, but I need thе thrill
So I keep chasing that same old devil
Down the samе old dead-end highway
See Luke Combs LiveGet tickets as low as $57You might also like
Ain't no love in Oklahoma
Just the whistle of a long black train
You'll know when it's coming for ya
Riding in on the wind and rain

Ain't no love in Oklahoma
Just the whistle of a long black train
You'll know when it's coming for ya
Riding in on the wind and rain
Ain't no love in Oklahoma
Just the whistle of a long black train
You'll know when it's coming for ya
Riding in on the wind and rainEmbed"
20,Morgan Wallen,8779729,Cowgirls,https://genius.com/Morgan-wallen-cowgirls-lyrics,"12 ContributorsCowgirls Lyrics
She'll set the field on fire just cuttin' across a pasture
She'll have you fallin' for it all and then leave right after
And she got a cold heart but she got a warm smile
Cut from the same cloth, she kinda buck wild
Little bit angel, whole lotta outlaw
She's trouble but I'll tell you right now, y'all

Long live cowgirls
Never gonna settle on down girls
Leave you in a lonely ghost town world
Where the sun don't rise, rodeo for one night
Love you like a mustang
One hand on thеm giddy-up reins
Hole in your heart with somе good aim
On a goodbye ride but it's fine 'cause it's kinda my thing
Long live cowgirls
Yeah, long live cowgirls

I hate that I love the way them kisses taste like whiskey
How they wake up, take on off, and not even miss me
Leave this heart broken, holdin' that smokin' gun
I guess that's just the way them wild horses run
Let 'em run
You might also like
Long live cowgirls
Never gonna settle on down girls
Leave you in a lonely ghost town world
Where the sun don't rise, rodeo for one night
Love you like a mustang
One hand on them giddy-up reins
Hole in your heart with some good aim
On a goodbye ride but it's fine 'cause it's kinda my thing
Long live cowgirls
Yeah, long live cowgirls

Come on, cowgirls
Don't you wanna take me away?
Lay me on down, girl
With the wild kind of lovin' you make
For God's sake

Long live cowgirls
Never gonna settle on down girls
Leave you in a lonely ghost town world
Where the sun don't rise, rodeo for one night
Love you like a mustang
One hand on them giddy-up reins
Hole in your heart with some good aim
On a goodbye ride but it's fine 'cause it's kinda my thing
Long live cowgirls
Yeah, long live cowgirls
Long live cowgirls
Yeah, long live cowgirlsEmbed"
21,Sabrina Carpenter,10628617,Bed Chem,https://genius.com/Sabrina-carpenter-bed-chem-lyrics,"92 ContributorsTranslationsEspañolPortuguêsСрпскиTiếng ViệtPolskiFrançaisItalianoМакедонскиDeutsch日本語Ελληνικά中文CatalàTürkçeБеларускаяУкраїнськаРусскийBed Chem Lyrics
I was in a sheer dress the day that we met
We were both in a rush, we talked for a sec
Your friend hit me up so we could connect
And what are the odds? You send me a text
And now the next thing I know, I'm like
Manifest that you're oversized
I digress, got me scrollin' like
Out of breath, got me goin' like

Ooh (Ah)
Who's the cute boy with the white jacket and the thick accent? Like
Ooh (Ah)
Maybe it's all in my head

But I bеt we'd have really good bеd chem
How you pick me up, pull 'em down, turn me 'round
Oh, it just makes sense
How you talk so sweet when you're doin' bad things
That's bed (Bed) chem (Chem)
How you're lookin' at me, yeah, I know what that means
And I'm obsessed
Are you free next week?
I bet we'd have really good
See Sabrina Carpenter LiveGet tickets as low as $105You might also like
Come right on me, I mean camaraderie
Said you're not in my time zone, but you wanna be
Where art thou? Why not uponeth me?
See it in my mind, let's fulfill the prophecy

Ooh (Ah)
Who's the cute guy with the wide, blue eyes and the big bad mm? Like
Ooh (Ah)
I know I sound a bit redundant

But I bet we'd have really good bed chem
How you pick me up, pull 'em down, turn me 'round
Oh, it just makes sense (Oh, it just makes sense)
How you talk so sweet when you're doin' bad things (Bad)
That's bed chem (Oh, that's bed chem)
How you're lookin' at me, yeah, I know what that means
And I'm obsessed (So obsessed)
Are you free next week?
I bet we'd have really good (Bed chem)

And I bet we'd both arrive at the same time (Bed chem)
And I bet the thermostat's set at six-nine (Bed-bed ch-chem)
And I bet it's even better than in my head (My)
How you pick me up, pull 'em down, turn me 'round (Ooh)
Oh, it just makes sense (Oh, it just makes sense)
How you talk so sweet when you're doin' bad things
That's bed chem (Oh, that's bed chem)
How you're lookin' at me, yeah, I know what that means
And I'm obsessed (So obsessed)
Are you free next week? (Are you free next week?)
I bet we'd have really good

Ha (Make me go), ha
No-no-no
Ha (Make me go), ha
No-no-no, no, oh no, oh
Ha (Make me go), ha (Yeah, yeah)
No-no-no, oh
Ha (Make me go), ha
Ooh, oh, baby
(A little fade-out?)13Embed"
22,Dasha,9860744,Austin (Boots Stop Workin’),https://genius.com/Dasha-austin-boots-stop-workin-lyrics,"37 ContributorsTranslationsNorsk (bokmål / riksmål)EspañolDeutschAustin (Boots Stop Workin’) Lyrics
We had a plan, move out of this town, baby
West to the sand, it's all we talked about lately
I'd pack the car, bring your guitar and Jane for smokin'
First thing at dawn, you'd queue the songs and we'd get goin'
But you weren't home, waited on the porch for ya
Sat there alone, all throughout the morn' 'til I
Got a hunch down in my gut and snuck around the back
Empty cans and I'll be damned, your shit was never packed

Did your boots stop workin'? Did your truck break down? (Truck break down)
Did you burn through money? Did your ex find out? (Ex find out)
Where there's a will, then there's a way, and I'm damn sure you lost it
Didn't even say goodbye, just wish I knew what caused it
Was the whiskey flowin'? Were you in a fight? (In a fight)
Did the nerves come get you? What's your alibi? (Alibi)
I made my way back to LA, and that's where you'll be forgotten
In forty years, you'll still be here, drunk washed up in Austin

Hell of a bluff, you had me believin'
How many months did you plan on leavin'?
What happened? Bad habits?
Did you go back? Go batshit?
I loved you, how tragic, oh-oh
You might also like
Did your boots stop workin'? Did your truck break down? (Truck break down)
Did you burn through money? Did your ex find out? (Ex find out)
Where there's a will, then there's a way, and I'm damn sure you lost it
Didn't even say goodbye, just wish I knew what caused it
Was the whiskey flowin'? Were you in a fight? (In a fight)
Did the nerves come get you? What's your alibi? (Alibi)
I made my way back to LA, and that's where you'll be forgotten
In forty years, you'll still be here, drunk washed up in Austin

(Did your truck break down? Did your ex find out?)Embed"
23,Zach Bryan,10302889,Pink Skies,https://genius.com/Zach-bryan-pink-skies-lyrics,"23 ContributorsTranslationsPolskiEspañolDeutschPink Skies Lyrics
The kids are in town for a funeral
So pack the car and dry your eyes
I know they got plenty of young blood left in 'em
And plenty nights under pink skies you taught 'em to enjoy

So clean the house, clear the drawers, mop the floors, stand tall
Like no one's ever been here before or at all
And don't you mention all the inches that are scraped on the doorframe
We all know you tiptoed up to 4'1"" back in '08

If you could see 'em now, you'd be proud
But you'd think they's yuppiеs
Your funeral was beautiful
I bet God hеard you comin'

The kids are in town for a funeral
And the grass all smells the same as the day you broke your arm swingin'
On that kid out on the river
You bailed him out, never said a thing about Jesus or the way he's livin'

If you could see 'em now, you'd be proud
But you'd think they's yuppies
Your funeral was beautiful
I bet God heard you comin'
See Zach Bryan LiveGet tickets as low as $111You might also like
(Strum it)

If you could see 'em now, you'd be proud
But you'd think they's yuppies
Your funeral was beautiful
I bet God heard you comin'

The kids are in town for a funeral
So pack the car and dry your eyes
I know they got plenty of young blood left in 'em
And plenty nights under pink skies you taught 'em to enjoy2Embed"
24,Teddy Swims,9262522,The Door,https://genius.com/Teddy-swims-the-door-lyrics,"21 ContributorsTranslationsفارسیУкраїнськаThe Door Lyrics
I took a page out of your favorite book
You sold me lies just by the way you look
Taught me a language that I've never speak
Baby, that ain't for me, that, that ain't for me
I dug my grave watchin' the way you move
You took me higher than I ever flew, ooh
Too many times, gave you a second chance
Baby, I'm just a man, I'm, I'm just a man

No more thinkin' about you late night
No more runnin' around with your friends now
Done pickin' up pieces of my
Soul up off the floor, oh, oh

I said I would die for you, baby
But I can't take this pain no more
I thought I was willin'
But tonight I saved my life when I showed you the door
I don't wanna lose you, baby
But I can't play this gamе no more
I thought it would kill me
But tonight I saved my lifе when I showed you the door
See Teddy Swims LiveGet tickets as low as $48You might also like
You never thought this day would ever come
But I looked you in the eyes and pulled the rug
You tried to take away my sanity
Baby, that ain't for me, that, that ain't for me

Oh, no more thinkin' about you late night
No more runnin' around with your friends now
Done pickin' up pieces of my
Soul up out the floor, oh, oh

I said I would die for you, baby
But I can't take this pain no more
I thought I was willin'
But tonight I saved my life when I showed you the door
I don't wanna lose you, baby
But I can't take this game no more
I thought it would kill me
But tonight I saved my life when I showed you the door

When I showed you the door
When I showed you the door
But tonight I saved my life
I said I would die for you, baby
But I can't take this pain no more
I thought I was willin'
But tonight I saved my life when I showed you the door
I don't wanna lose you, baby (I don't wanna lose you, baby)
But I can't take this game no more (No more)
I thought it would kill me (I thought it would kill me)
But tonight I saved my life when I showed you the door

Mm-mm-mm
Woah, oh, ohEmbed"
25,Jimin (지민),10550528,Who,https://genius.com/Jimin-who-lyrics,"35 ContributorsTranslationsالعربيةDeutschItalianoTürkçeУкраїнськаEspañolWho Lyrics
We never met, but she's all I see at night
Never met, but she's always on my mind
Wanna give her the world and so much more
Who is my heart waiting for?

If every day I think about her
Yeah, every day of my life
Then tell me why I haven't found her
(Why, why, why, why, why?)

There's so many people to see (There's so many people to see)
And places to go (There's so many places to go)
I still haven't found your love

We nevеr met, but she's all I see at night
Nevеr met, but she's always on my mind
Wanna give her the world and so much more
Who is my heart waiting for?

I'll take her places they ain't found yet
I'll put it all on the line
I'll be that someone she can count on
One, two, three, four, five
You might also like
There's so many people to see (There's so many people to see)
And places to go (There's so many places to go)
I still haven't found your love

We never met, but she's all I see at night
Never met, but she's always on my mind
Wanna give her the world and so much more
Who is my heart waiting for?
Is she someone that I see every day?
Is she somewhere a thousand miles away?
Wanna give her the world and so much more
Who is my heart waiting for?

(Who is my heart) Heart waiting for?
(Who is my heart) Heart waiting for?
(Who is my heart) Heart waiting for?
(Who is my—) Who is my heart waiting for?

We never met, but she's all I see at night
Never met, but she's always on my mind
Wanna give her the world and so much more
Who is my heart waiting for?
Is she someone that I see every day?
Is she somewhere a thousand miles away?
Wanna give her the world and so much more
Who is my heart waiting for?Embed"
26,Jordan Adetunji,10427521,KEHLANI,https://genius.com/Jordan-adetunji-kehlani-lyrics,"31 ContributorsTranslationsDeutschKEHLANI Lyrics
(Wock)
You got, you, you got potential
You got, you, you got potential

I like the way your body is (I do), is that too obvious?
Okay, I like your confidence (I do), oh, that's what good karma is, okay
Like-like Kehlani is (Uh-huh), bad just like Kehlani is, okay (Uh-huh)
Here where the party is (Uh-huh), right here where the party is
You 'bout to, you 'bout to start a whole fire, uh (Fire)
Now I'm on fire, uh, I need some water, need Tyla, uh
I need Romani, Rebecca, Serena, Selena, let's start a whole choir, uh
I like the way that you get your own bag, you don't need no one help you inspire, huh

But I'ma add to you, I'ma givе you some bands, I'ma add to you (To you)
Been on the avenuе and I ain't never seen no one bad as you (Nobody bad)
Baby, I'm savage too, they can't disrespect you, I'll gladly shoot (Uh-huh)
I don't play about mine, I don't care, I'm addicted to you and it's clear

I like the way your body is (I do), is that too obvious?
Okay, I like your confidence (I do), oh, that's what good karma is, okay
Like-like Kehlani is (Uh-huh), bad just like Kehlani is, okay (Uh-huh)
Here where the party is (Uh-huh), right here where the party is
You 'bout to, you 'bout to start a whole fire, uh (Fire)
Now I'm on fire, uh (Uh-huh), I need some water, need Tyla, uh (Uh-huh)
I need Romani, Rebecca, Serena, Selena, let's start a whole choir, uh
I like the way that you get your own bag, you don't need no one help you inspire, huh
You might also like
Baby, let's make a movie (Let's make a movie)
Come and seduce me (Uh-huh)
Know that I'm choosy (Uh)
I need to you to back it up
Make it clap, that ain't fast enough
You know I'm man enough
And I don't play about it
You know that I'm 'bout it

I like the way your body is (I do), is that too obvious?
Okay, I like your confidence (I do), oh, that's what good karma is, okay
Like-like Kehlani is (Uh-huh), bad just like Kehlani is, okay (Uh-huh)
Here where the party is (Uh-huh), right here where the party is
You 'bout to, you 'bout to start a whole fire, uh (Fire)
Now I'm on fire, uh, I need some water, need Tyla, uh
I need Romani, Rebecca, Serena, Selena, let's start a whole choir, uh
I like the way that you get your own bag, you don't need no one help you inspire, huh

You got, you—
You got, you—Embed"
27,Myles Smith,10352998,Stargazing,https://genius.com/Myles-smith-stargazing-lyrics,"20 ContributorsTranslationsDeutschEspañolNorsk (bokmål / riksmål)Stargazing Lyrics
Ooh-ooh, ooh-ooh, ooh-ooh

Time stood still just like a photograph
You made me feel like this would last forever
Lookin' in your eyes
I see my whole life

Oh, oh
They say you know it when you know it, and I know
Oh, oh
Promise that you'll hold me close, don't let me go (Hey)

Take my heart, don't break it
Love me to my bones
All this time I've wasted
You were right there all along
You and I stargazin'
Intertwinin' souls
We were never strangers
You were right therе all along

I lose my mind
When I'm around you, how I come alivе
When I'm without you, I can't help but feel so lost
I wanna give you all I've got
You might also like
Oh, oh
They say you know it when you know it, and I know
Oh, oh
Promise that you'll hold me close, don't let me go (Hey!)

Take my heart, don't break it
Love me to my bones
All this time I've wasted
You were right there all along
You and I stargazin'
Intertwinin' souls
We were never strangers
You were right there all along

Ooh-ooh, ooh-ooh, ooh-ooh
All along
Ooh-ooh, ooh-ooh, ooh-ooh

Take my heart, don't break it
Love me to my bones
All this time I've wasted
You were right there all alongEmbed"
28,Billie Eilish,10257627,WILDFLOWER,https://genius.com/Billie-eilish-wildflower-lyrics,"104 ContributorsTranslationsPortuguêsالعربيةHebrewEspañolTürkçeΕλληνικάDeutschItalianoPolskiFrançaisРусскийBahasa IndonesiaУкраїнськаNorsk (bokmål / riksmål)WILDFLOWER Lyrics
Things fall apart
And time breaks your heart
I wasn't there, but I know
She was your girl
You showed her the world
But fell out of love and you both let go

She was cryin’ on my shoulder
All I could do was hold her
Only made us closer until July
Now, I know that you love me
You don't need to remind me
I should put it all behind me, shouldn't I?

But I see her in the back of my mind
All the time
Like a fever, like I’m burning alive
Like a sign
Did I cross the line?
(Mm) Hmm

Well, good things don't last (Good things don't last)
And life moves so fast (Life moves so fast)
I'd never ask who was better (I'd never ask who was better)
'Cause she couldn't be (Couldn't)
More different from me (Different)
Happy and free in leather (Happy)
See Billie Eilish LiveGet tickets as low as $135You might also like
And I know that you love me (You love me)
You don’t need to remind me (Remind me)
Wanna put it all behind me, but baby

I see her in the back of my mind (Back of my mind)
All the time (All the time)
Feels like a fever (Like a fever), like I’m burning alive (Burning alive)
Like a sign
Did I cross the line?

You say no one knows you so well (Oh)
But every time you touch me, I just wonder how she felt
Valentine's Day, cryin’ in the hotel
I know you didn't mean to hurt me, so I kept it to myself
And I wonder
Do you see her in the back of your mind in my eyes?

You say no one knows you so well
But every time you touch me, I just wonder how she felt
Valentine's Day, cryin' in the hotel
I know you didn’t mean to hurt me, so I kept it to myself8Embed"
29,Post Malone,10442190,Pour Me A Drink,https://genius.com/Post-malone-pour-me-a-drink-lyrics,"31 ContributorsTranslationsPolskiDeutschEnglishEspañolPour Me A Drink Lyrics
Forty hours got me goin' out my mind
Dallas dropped another game in overtime
Caught a ticket speedin' down the 65
Don't know where I'm goin'

Guess I really went and messed it up again
Now, my baby's goner than the Tulsa wind
Judgin' by the stone-sober state I'm in
Need to crack one wide open

Somebody pour me a drink, somebody bum me a smoke
I'm 'bout to get on a buzz, I'm 'bout to get on a roll
Yeah, I've been breakin' my back just keepin' up with the Joneses
Y'all know what I mean, and y'all know how it goes
When it's up on a Friday and I'm paid, slide one over my way
I can't even think when I can hear one callin' my name (Hey)

Somebody pour me a drink
Pour me a drink

Bourbon-brown eyes tryna get me drunk
Ain't stoppin' 'til the bottle and the job is done
Hey, I think I might've found my future love
Buddy, you should probably buy her one
See Post Malone LiveGet tickets as low as $46You might also like
Somebody pour me a drink, somebody bum me a smoke
I'm 'bout to get on a buzz, I'm 'bout to get on a roll
Yeah, I've been breakin' my back just keepin' up with the Joneses
Y'all know what I mean, yeah, y'all know how it goes
When it's up on a Friday and I'm paid, slide one over my way
I can't even think when I can hear one callin' my name (Hey)

Somebody pour me a drink
Somebody pour me a drink

Ooh, ooh, ooh

Somebody pour me a drink, somebody bum me a smoke
I'm 'bout to get on a buzz, I'm 'bout to get on a roll
Yeah, I've been breakin' my back just keepin' up with the Joneses
Y'all know what I mean, yeah, y'all know how it goes
When it's up on a Friday and I'm paid, slide one over my way
I can't even think when I can hear one callin' my name (Hey)

Somebody pour me a drink
Somebody pour me a drink
Yeah, somebody pour me a drink
Hey
Yes, sir
Pour me a drink
I'm on it, buddy
Pour me a drink2Embed"
30,Ella Langley & Riley Green,10534748,​you look like you love me,https://genius.com/Ella-langley-and-riley-green-you-look-like-you-love-me-lyrics,"8 ContributorsTranslationsDeutsch​you look like you love me Lyrics
I was all but twenty-two, I think at the time
I'd been out on the road lonely at night
And it'd been a while, huh, so it was on my mind
Well, I saw him walk in with his cowboy hat
And I thought to myself, ""I could use some of that""
His boots like glass on a sawdust floor, huh
Had moves like nothin' I'd ever seen before
So I walked right up, and I pulled him to the side
I handed that man a beer and looked him in the eyes
And I said, ""Baby, I think you're gonna wanna hear this""
Then I told him

""Excuse me
You look like you love me
You look like you want me to want you to come on home
And, baby, I don't blame you
For lookin' me up and down across this room
I'm drunk and I'm ready to leavе
And you look like you love me""

Wеll, I was down at a local beer joint with a few of the guys
When this cute little country girl caught my eye
And, boy, let me tell you
She was the prettiest thing I'd ever seen in a pair of boots
Well, she walked right up to me, handed me a beer
Gave me a look like, ""Let's get outta here""
And that's when I realized that she was every cowboy's dream come true
She told me this right here
She said
You might also like
""Excuse me
You look like you love me
You look like you want me to want you to come on home
And, baby, I don't blame you
For lookin' me up and down across this room
I'm drunk and I'm ready to leave
And you look like you love me""
Alright, now


So if you ever see a man in a cowboy hat
And you think to yourself, ""I could use some of that""
Don't waste your time
Just give him this here line
Goes a little like this

""Excuse me
You look like you love me
You look like you want me to want you to come on home
And, baby, I don't blame you
For lookin' me up and down across this room
I'm drunk and I'm ready to leave
And you look like you love me
I'm drunk and I'm ready to leave
And you look like you love me""Embed"
31,Gracie Abrams,10259441,"I Love You, I’m Sorry",https://genius.com/Gracie-abrams-i-love-you-im-sorry-lyrics,"56 ContributorsTranslationsУкраїнськаItalianoPolskiPortuguêsFrançaisTürkçeDeutschРусскийEspañolI Love You, I’m Sorry Lyrics
Two Augusts ago
I told the truth, oh, but you didn't like it, you went home
You're in your Benz, I'm by the gate
Now you go alone
Charm all the people you train for, you mean well but aim low
And I'll make it known like I'm getting paid

That's just the way life goes
I like to slam doors closed
Trust me, I know it's always about me
I love you, I'm sorry

Two summers from now
We'll have been talking, but not all that often, we're cool now
I'll be on a boat, you're on a plane going somewhere, same
And I'll have a drink
Wistfully lean out my window and watch the sun set on the lake
I might not feel real, but it's okay, mm

'Cause that's just the way life goes
I push my luck, it shows
Thankful you don't send someone to kill me
I love you, I'm sorry
See Gracie Abrams LiveGet tickets as low as $76You might also like
You were the best but you were the worst
As sick as it sounds, I loved you first
I was a dick, it is what it is
A habit to kick, the age-old curse
I tend to laugh whenever I'm sad
I stare at the crash, it actually works
Making amends, this shit never ends
I'm wrong again, wrong again

The way life goes
Joyriding down our road
Lay on the horn to prove that it haunts me
(I'm wrong again, wrong again)
I love you, I'm sorry
The way life goes
(You were the best but you were the worst)
(As sick as it sounds, I loved you first)
I wanna speak in code
(I was a dick, it is what it is)
(A habit to kick, the age-old curse)
Hope that I don't, won't make it about me
(I tend to laugh whenever I'm sad)
(I stare at the crash, it actually works)
I love you, I'm sorry3Embed"
32,GloRilla,10477952,TGIF,https://genius.com/Glorilla-tgif-lyrics,"36 ContributorsTGIF Lyrics
GloRilla
On the gang, gang
Huh, uh, uh, uh (Chaii's hard)
Ayy

It's 7 p.m. Friday (Yup)
It's ninety-five degrees (Woo)
I ain't got no nigga and no nigga ain't got me (Let's go)
I'm 'bout to show my ass (Baow)
These niggas love a freak (Uh)
How the fuck is that your man (Huh?)
If he right here with me? (The fuck? Ayy)

Turnt up with my niggas (Ayy)
Turnt up with my bitches (Ayy)
Turnt up at my shows, yeah
Cuzzo got that blicky (Ayy)
Sixty thousand fans came to see me do my dance (Huh)
Got a million and one haters, and they all can kiss my ass (Mwah)

Turnt up with my niggas (Ayy)
Turnt up with my bitches (Ayy)
Turnt up at my shows, yeah
Cuzzo right here with me (Ayy, cuh)
Off a fifth of Hen', yeah, gettin' fucked up with my twin
Got a Backwood full of 'Za and a bankroll full of bands
All that, all that Twitter typin', bitches see me and ain't do nothin' (Weak ass)
Crop top with some bikers shorts, I'm showin' off my moose knuckle (Woo)
I'm feelin' good today (Yeah)
I'm outsidе with your bae (Uh-huh)
Got a brown-skin nigga with dreads (Okay)
And a black-ass nigga with waves (Lеt's go, ayy)
He gon' drop that neck (Ayy)
He love the way I sex (Ayy)
Fake nails, bitches pressed (Ayy)
So high, I'm damn-near wrecked (Ayy)
I keep this pussy fresh (Ayy)
Yeezy shirt, I'm wet (Ayy)
Who want smoke? Say what? (Ayy)
Ho, get that off your chest (The fuck?)
You might also like
Turnt up with my niggas (Ayy)
Turnt up with my bitches (Ayy)
Turnt up at my shows, yeah
Cuzzo got that blicky (Ayy)
Sixty thousand fans came to see me do my dance (Huh)
Got a million and one haters, and they all can kiss my ass (Mwah)

It's 7 p.m. Friday (Yup)
It's ninety-five degrees (Woo)
I ain't got no nigga, and no nigga ain't got me (Let's go)
I'm 'bout to show my ass (Baow)
These niggas love a freak (Huh?)
How the fuck is that your man (Huh?)
If he right here with me? (Eww)

Friday night, hot as hell, and you know the hoes out (Where they at?)
Mani-pedi, fresh set, and I got my toes out (Pff)
I'm rockin' Off-White (Hey) on an off night (Uh-huh)
These bitches with me pretty (Yeah), and they all can fight, yeah (Ayy)
Fuck you mean? Forty inches, six-thirteen (Hey)
I'm lookin' fine as hell (Woah), I'm tryna be seen (Duh)
I'm finna wreck the scene (Huh), I'm off the 17' (Hey)
Turnt up with my nigga 'nem, watch me do my, ah, ah
Turnt up with my niggas (Ayy)
Turnt up with my bitches (Ayy)
Turnt up at my shows, yeah
Cuzzo got that blick (Ayy)
Sixty thousand fans came to see me do my dance (Huh)
Got a million and one haters, and they all can kiss my ass (Mwah)

It's 7 p.m. Friday (Yup)
It's ninety-five degrees (Woo)
I ain't got no nigga, and no nigga ain't got me (Let's go)
I'm 'bout to show my ass (Baow)
These niggas love a freak (Eww)
How the fuck is that your man (Huh?)
If he right here with me?

Ew, ew, ew, ew
Ew, ew3Embed"
33,Gigi Perez,10675672,Sailor Song,https://genius.com/Gigi-perez-sailor-song-lyrics,"57 ContributorsTranslationsPortuguêsEspañolDeutschSailor Song Lyrics
I saw her in the rightest way
Looking like Anne Hathaway
Laughing while she hit her pen and coughed, and coughed
And then she came up to my knees
Begging, ""Baby, would you please
Do the things you said you'd do to me, to me?""

Oh, won't you kiss me on the mouth and love me like a sailor?
And when you get a taste, can you tell me, what's my flavor?
I don't believe in God, but I believe that you're my savior
My mom says that she's worried, but I'm covered in this favor
And when we're getting dirty, I forget all that is wrong
I sleep so I can see you 'cause I hate to wait so long
I sleep so I can see you, and I hate to wait so long

She took my fingers to her mouth
The kind of thing that makes you proud
That nothing else had ever worked out, worked out
And lately, I tried other things
But nothing can capture the sting
Of the venom she's gonna spit out right now, oh

Oh, won't you kiss me on the mouth and love me like a sailor?
And when you get a taste, can you tell me, what's my flavor?
I don't believe in God, but I believe that you're my savior
I know that you've been worried, but you're dripping in my favor
And when we're getting dirty, I forget all that is wrong
I sleep so I can see you 'cause I hate to wait so long
I sleep so I can see you, and I hate to wait so long
You might also like
And we can run away to the walls inside your house
I can be the cat, baby, you can be the mouse
And we can laugh off things that we know nothing about
We can go forever until you wanna sit it out9Embed"
34,Taylor Swift,10024512,I Can Do It With a Broken Heart,https://genius.com/Taylor-swift-i-can-do-it-with-a-broken-heart-lyrics,"173 ContributorsTranslationsTürkçePortuguêsEspañolالعربيةفارسیСрпскиFrançaisItalianoPolskiDeutschHebrewไทย / Phasa ThaiChinese TraditionalNorsk (bokmål / riksmål)SlovenščinaCatalàБеларускаяУкраїнськаI Can Do It With a Broken Heart Lyrics
I can read your mind
""She's having the time of her life""
There in her glittering prime
The lights refract sequin stars off her silhouette every night
I can show you lies
(One, two, three, four)

'Cause I'm a real tough kid
I can handle my shit
They said, ""Babe, you gotta fake it 'til you make it"" and I did
Lights, camera, bitch, smile
Even when you wanna die
He said he'd love me all his life
But that life was too short
Breaking down, I hit the floor
All the piеces of me shatterеd as the crowd was chanting, ""More""
I was grinnin' like I'm winnin'
I was hittin' my marks
'Cause I can do it with a broken heart
(One, two, three, four)
I'm so depressed, I act like it's my birthday every day
I'm so obsessed with him, but he avoids me like the plague
I cry a lot, but I am so productive, it's an art
You know you're good when you can even do it with a broken heart
See Taylor Swift LiveGet tickets as low as $1,206You might also like
I can hold my breath
I've been doin' it since he left
I keep finding his things in drawers
Crucial evidence I didn't imagine the whole thing
I'm sure I can pass this test
(One, two, three, four)

'Cause I'm a real tough kid
I can handle my shit
They said, ""Babe, you gotta fake it 'til you make it"" and I did
Lights, camera, bitch, smile
In stilettos for miles
He said he'd love me for all time
But that time was quite short
Breaking down, I hit the floor
All the pieces of me shattered as the crowd was chanting, ""More""
I was grinnin' like I'm winnin'
I was hittin' my marks
'Cause I can do it with a broken heart
(One, two, three, four)

I'm so depressed, I act like it's my birthday every day
I'm so obsessed with him, but he avoids me (He avoids me), like the plague
I cry a lot, but I am so productive, it's an art
You know you're good when you can even do it with a broken heart
You know you're good when you can even do it with a broken heart
You know you're good
And I'm good
'Cause I'm miserable (Haha)
And nobody even knows
Ah, try and come for my job13Embed"
35,SZA,8734418,Saturn,https://genius.com/Sza-saturn-lyrics,"104 ContributorsTranslationsDeutschFrançais한국어Tagalog / ᜆᜄᜎᜓᜄ᜔PortuguêsEspañolBahasa IndonesiaSaturn Lyrics
If there's another universe
Please make some noise (Noise)
Give me a sign (Sign)
This can't be life
If there's a point to losing love
Repeating pain (Why?)
It's all the same (Same)
I hate this place
Stuck in this paradigm
Don't believe in paradise
This must be what Hell is like
There's got to be more, got to be more
Sick of this head of mine
Intrusive thoughts, they paralyzе
Nirvana's not as advertised
Therе's got to be more, been here before

Ooh (Ooh, ooh)
Life's better on Saturn
Got to break this pattern
Of floating away
Ooh (Ooh, ooh)
Find something worth saving
It's all for the taking
I always say
See SZA LiveGet tickets as low as $94You might also like
I'll be better on Saturn
None of this matters
Dreaming of Saturn, oh

If karma's really real
How am I still here?
Just seems so unfair
I could be wrong though
If there's a point to being good
Then where's my reward?
The good die young and poor
I gave it all I could

Stuck in this terradome (Ooh)
All I see is terrible (Ooh)
Making us hysterical (Ooh)
There's got to be more, got to be more
Sick of this head of mine (Ooh)
Intrusive thoughts, they paralyze (Ooh)
Nirvana's not as advertised (Ooh)
There's got to be more, been here before

Ooh (Ooh, ooh)
Life's better on Saturn
Got to break this pattern
Of floating away
Ooh (Ooh, ooh)
Find something worth saving
It's all for the taking
I always say
I'll be better on Saturn
None of this matters
Dreaming of Saturn, oh

(Ooh, ooh, ooh)
(Ooh, ooh, ooh)10Embed"
36,Tate McRae,10794283,It’s ok I’m ok,https://genius.com/Tate-mcrae-its-ok-im-ok-lyrics,"32 ContributorsTranslationsEspañolHrvatskiСрпскиPolskiРусскийУкраїнськаБеларускаяDeutschItalianoIt’s ok I’m ok Lyrics
Mm
Yeah, uh

See you so excited (Mm)
You got him locked down (Mmh, yeah)
You're movin' like I did (Mm)
Before I found out
He ain't just a pretty-faced talker
Good with his money, close to his mother
You're seein' one-sided (Sided)
You got him right now

And she be like, ""He's so perfect""
I be like, ""Oh, what version?""
""Ain't nobody got me this nervous""
Oh baby, I been there (Hey)
And right in that same position (Hey)
So, baby, don't get this twisted (Hey)
No, nothin' could make me miss it
Take him, he's yours

It's okay, I'm okay, had him in the first place
It's okay, I'm okay (I'm okay, yeah, yeah)
It's okay, I'm okay, I don't really gotta say
It's okay (Okay)
See Tate McRae LiveGet tickets as low as $83You might also like
You can have him anyway (Way)
Anyway (Way)
You can have him anyway (Way)
Anyway (Oh, oh, oh, oh)

Was such a romantic (Romantic)
You got me like, ""Fuck that""
Some months and some long flights
Now I can't go near that

And she be like, ""He's so perfect""
I be like, ""Oh, what version?""
""Ain't nobody got me this nervous""
Oh baby, I've been there (Hey)
And right in that same position (Hey)
So, baby, don't get this twisted (Hey)
No, nothin' could make me miss it
Take him, he's yours

It's okay, I'm okay, had him in the first place
It's okay, I'm okay (I'm okay)
It's okay, I'm okay, I don't really gotta say
It's okay (Okay)
You can have him anyway (Way)
Anyway (Way)
You can have him anyway (Way)
Anyway (Way, way, way)

It's okay, I'm okay, had him in the first place
It's okay, I'm okay (I'm okay, I'm okay)
It's okay, I'm okay, I don't really gotta say (It's okay)
It's okay

You can have him anyway (Anyway)
Anyway (Anyway)
You can have him anyway (Anyway)
Anyway (Oh, oh, oh, oh)

I don't want him anyway, girl, take him
I don't want him anyway, girl, take him
I don't want him anyway, girl, take him (Girl, just take him)
I don't want him (Yeah, I don't), I don't want him (Yeah, I don't)
I don't want him (Anyway) anyway, girl, take him (Anyway)
I don't want him (Anyway) anyway, girl, take him
I don't, it's okay, it's okay, take him
I don't want him (Yeah, I don't), I don't want him1Embed"
37,Chappell Roan,5455913,Pink Pony Club,https://genius.com/Chappell-roan-pink-pony-club-lyrics,"64 ContributorsTranslationsEspañolDeutschCatalàItalianoPortuguêsPink Pony Club Lyrics
I know you wanted me to stay
But I can't ignore the crazy visions of me in LA
And I heard that there's a special place
Where boys and girls can all be queens every single day

I'm having wicked dreams
Of leaving Tennessee
Hear Santa Monica
I swear it's calling me
Won't make my mama proud
It's gonna cause a scene
She sees her baby girl
I know she's gonna scream

God, what have you done?
You're a pink pony girl
And you dance at the club
Oh mama, I'm just having fun
On the stage in my heels
It's where I belong down at the
Pink Pony Club
I'm gonna keep on dancing at the
Pink Pony Club
I'm gonna keep on dancing down in
West Hollywood
I'm gonna keep on dancing at the
Pink Pony Club, Pink Pony Club
You might also like
I'm up and jaws are on the floor
Lovers in the bathroom and a line outside the door
Black lights and a mirrored disco ball
Every night's another reason why I left it all

I thank my wicked dreams
A year from Tennessee
Oh, Santa Monica
You've been too good to me
Won't make my mama proud
It's gonna cause a scene
She sees her baby girl
I know she's gonna scream

God, what have you done?
You're a pink pony girl
And you dance at the club
Oh mama, I'm just having fun
On the stage in my heels
It's where I belong down at the
Pink Pony Club
I'm gonna keep on dancing at the
Pink Pony Club
I'm gonna keep on dancing down in
West Hollywood
I'm gonna keep on dancing at the
Pink Pony Club, Pink Pony Club
Don't think I've left you all behind
Still love you and Tennessee
You're always on my mind
And mama, every Saturday
I can hear your southern drawl a thousand miles away, saying

God, what have you done
You're a pink pony girl
And you dance at the club
Oh mama, I'm just having fun
On the stage in my heels
It's where I belong down at the
Pink Pony Club
I'm gonna keep on dancing at the
Pink Pony Club
I'm gonna keep on dancing down in
West Hollywood
I'm gonna keep on dancing at the
Pink Pony Club, Pink Pony Club

I'm gonna keep on dancing
I'm gonna keep on dancing7Embed"
38,"Future, Metro Boomin & Kendrick Lamar",10125497,Like That,https://genius.com/Future-metro-boomin-and-kendrick-lamar-like-that-lyrics,"500 ContributorsTranslationsPortuguêsEspañolРусскийTürkçeDeutschNorsk (bokmål / riksmål)ItalianoPolskiFrançaisLike That Lyrics
Gotta fire my joint up on this bitch
Young Metro, young Metro, young Metro, three times
Yeah

Stickin' to the code, all these hoes for the streets
I put it in her nose, it's gon' make her pussy leak
Pussy niggas told, ain't gon' wake up out they sleep
You can't hear that switch, but you can hear them niggas scream
All my hoes do shrooms, nigga, all my hoes do coke
Twenty-carat ring, I put my fingers down her throat (Uh, uh, uh)
If I lose a carat, she might choke (Uh, uh, uh)
I know she gon' swallow, she a G.O.A.T. (Uh, uh, uh)
Freeband nigga, bring the racks in
Got the shooters in the corner like the pack in
She think 'cause she exotic bitch, she attractive
That's that shit'll get you put up out the section, brrt
And the motto still the same
Ball like I won a championship game
You know these hoes hungry, they gon' fuck for a name
I put her on the gang, she get fucked for a chain
Got your girl in this bitch, she twirlin' on the dick
I got syrup in this bitch, turn up in this bitch
And we brought the 'Ercs in this bitch, get murked in this bitch
All these pointers on me, baby, you know it's game time
Bring a friend, bitch, we fucked 'em at the same time
I'm a different nigga, no, we not the same kind
You can have that lil'— if she ain't mine (Yeah)
You might also like
Young dope dealer, sellin' dope, is you like that? (If you like that)
Kickin' doors, kickin' in doors, is you like that? (Yeah)
Young throwed nigga, sellin' loads, is you like that? (Yeah)
All '24, you on go, is you like that? (If you like that)
Niggas from the bottom really like that (If you like that)
Steppin' in Balencis if you like that (If you like that)
Pop another bottle if you like that (If you like that)

He was once a thug from around the way

These niggas talkin' out of they necks
Don't pull no coffin out of your mouth, I'm way too paranoid for a threat
Ayy-ayy, let's get it, bro
D-O-T, the money, power, respect
The last one is better
Say, it's a lot of goofies with a check
I mean, ah, I hope them sentiments symbolic
Ah, my temperament bipolar, I choose violence
Okay, let's get it up, it's time for him to prove that he's a problem
Niggas clickin' up, but cannot be legit, no 40 Water, tell 'em
Ah, yeah, huh, yeah, get up with me
Fuck sneak dissin', first-person shooter, I hope they came with three switches
I crash out like, ""Fuck rap,"" diss Melle Mel if I had to
Got 2TEEZ with me, I'm snatchin' chains and burnin' tattoos, it's up
Lost too many soldiers not to play it safe
If he walk around with that stick, it ain't André 3K
Think I won't drop the location? I still got PTSD
Motherfuck the big three, nigga, it's just big me
Nigga, bum
What? I'm really like that
And your best work is a light pack
Nigga, Prince outlived Mike Jack'
Nigga, bum
'Fore all your dogs gettin' buried
That's a K with all these nines, he gon' see Pet Sematary (Yeah)
Nigga, bum
Young dope dealer, sellin' dope, is you like that? (If you like that, yeah, yeah)
Kickin' doors, kickin' in doors, is you like that? (How?, yeah)
Young throwed nigga, sellin' loads, is you like that? (Holy water, Holy water, yeah)
All '24, you on go, is you like that? (If you like that)
Niggas from the bottom really like that (If you like that)
Steppin' in Balencis if you like that (If you like that)
Pop another bottle if you like that (If you like that)

He was once a thug from around the way

Young dope dealer, sellin' dope, is you like that?
Kickin' doors, kickin' in doors, is you like that?
Young throwed nigga, sellin' loads, is you like that?
All '24, you on go, is you like that? (If you like that)
Niggas from the bottom really like that (If you like that)
Steppin' in Balencis if you like that (If you like that)
Pop another bottle if you like that (If you like that)

He was once a thug, he was, he
Came in banging dope, niggas was young, slangin' powder
Walk in the strip club, make it rain for three hours
Locked in and now I got my Phantom and my driver
Perc'd out, took chances in my hood like Nevada
Surfed out outside, white interior, lasagna
Hundred thousands, I just cashed out on designer
Gotta devour, nigga, I learned that in the jungle
Once I sell this load, that's a million in a week60Embed"
39,KAROL G,10489180,Si Antes Te Hubiera Conocido,https://genius.com/Karol-g-si-antes-te-hubiera-conocido-lyrics,"13 ContributorsTranslationsPortuguêsEnglishDeutschSi Antes Te Hubiera Conocido Lyrics

¿Qué lo que?
Estamo' a rulay
Empezó el verano
Fuego

¿Qué hubiera sido?
Si antes te hubiera conocido
Seguramente, estarías bailando esta conmigo
No como amigos

Sino como otra cosa
Usted cerca me pone peligrosa
Por un besito hago cualquier cosa
La novia suya me pone celosa y aunque es hermosa
¡Ey!

No te va a tratar como yo
No te va a besar como yo
No está tan rica así como yo
Ella es tímida y yo no
Con esta' ganas que tengo yo
Me atrevo a comerme los do'
Hoy estás jangueando con ella
Pero, mmm, después tal vez no
You might also like
¿Qué hubiera sido?
Si antes te hubiera conocido
Seguramente, estarías bailando esta conmigo
No como amigos, ¡ey!
¿Qué hubiera sido?
Ay, si antes te hubiera conocido
Seguramente, estarías bailando esta conmigo
No como amigos, ¡ey!

Y yo te veo y no sé cómo actuar
Bebé, pa' conquistarte que me pasen el manual
Espero lo que sea, yo no me voy a quitar
Tengo fe que esos ojito' un día me van a mirar
Yo me caso contigo
Mi nombre suena bien con tu apellido
'Toy esperando el primer descuido
Pa' presentarte como mi marido
Yo me caso contigo
Mi nombre suena bien con tu apellido
'Toy esperando el primer descuido
Pa' presentarte como mi marido
No has entendido que

No te va a tratar como yo
No te va a besar como yo
No está tan rica así como yo
Ella es tímida y yo no
Con esta' ganas que tengo yo
Me atrevo a comerme los do'
Hoy estás jangueando con ella
Pero (Mmm) después tal vez no
¿Qué hubiera sido?
Si antes te hubiera conocido (Ey, ¿cómo?)
Seguramente, estarías bailando esta conmigo
No como amigos, no, no, no
Ey, ey, ey, ey
(¿Qué hubiera sido?)
(Si antes te hubiera conocido)
Chiqui-chá, chiqui-chá, chiqui-chá, chiqui-chá (Jaja, ah)
Uh-uh-uh-uh
(¿Qué hubiera sido?)
(Si antes te hubiera conocido)Embed"
40,Koe Wetzel & Jessie Murph,10387088,High Road,https://genius.com/Koe-wetzel-and-jessie-murph-high-road-lyrics,"8 ContributorsTranslationsEspañolHigh Road Lyrics
I can tell that you're mad
And I ain't half surprised about that
Since the day that we met
It's always who cuts first and never who bleeds last
Rumors always turn into yelling and fighting
And once it's in your mind, only one way you're driving

I know, I know
I'ma take the high road, maybe get stoned
Have a little too much of something terrible
I'ma let you cool down while I walk out
You ain't messing me up like the times before
I don't need a ticket to your shit show
Knock yourself out and hit a new low
Well I'ma take the high road, take the high road, take the high road

You don't wanna talk about it, boy, that's no surprisе
You come home smelling likе liquor like every other night
If I catch you with her, you gon' catch me with him
You think I don't hear about it, you better think again
You know that rumors always turn into yelling and fighting
And once it's in my mind, only one way I'm driving
You might also like
You know, I know
I'ma take the high road, maybe get stoned
Have a little too much of something terrible
I'ma let you cool down while I walk out
You ain't messing me up like the times before
I don't need a ticket to your shit show
Knock yourself out and hit a new low
Well I'ma take the high road, take the high road, take the high road
Whoa, whoa


I'ma take the high road, maybe get stoned
Have a little too much of something terrible
I'ma let you cool down while I walk out
You ain't messing me up like the times before
And I don't need a ticket to your shit show
Knock yourself out and hit a new low
Well I'ma take the high road, take the high road, take the high road
I'ma take the high road, take the high road, take the high road
Oh, yeah, yeah, mmEmbed"
41,The Weeknd,10828188,Dancing In The Flames,https://genius.com/The-weeknd-dancing-in-the-flames-lyrics,"106 ContributorsTranslationsPortuguêsTürkçeEspañolDeutschFrançais中文УкраїнськаDancing In The Flames Lyrics
(Yeah)

Traffic dies while we are racin' home
Melted lights cover the open road
I hope we make it 'cause I've been chasin'
Another odyssey, oh

I can't wait to see your face
Crash when we're switchin' lanes
My love's beyond the pain
But if I miss the brake
We're dancin' in the flames
It's indescribable

Ooh, yeah

""The world can't heal,"" they say on the radio (Oh, no)
So grab the wheel, want you to be in control
We're dodgin' headlights, and you say, ""Hold tight""
Another odyssey, oh, hey
See The Weeknd LiveGet tickets as low as $55You might also like
I can't wait to see your face
Crash when we're switchin' lanes
My love's beyond the pain
But if I miss the brake
We're dancin' in the flames
It's indescribable

Ooh (Indescribable), oh
Ooh
Everything's faded, we barely made it
The fire's ragin' but you're still beautiful
And it's amazin' 'cause I can taste it
Our final odyssey, oh

I can't (I can't) wait to see your face (Can't wait to see, ha)
Crash when we're switchin' lanes
My love's beyond the pain (Hey)
But if I miss the brake
We're dancin' in the flames (Dancin' in the flames)
So just have faith (Just have faith in me)
We'll never be the same (We'll never be, never be)
It's indescribable
Ooh (Indescribable), oh, hey
Ooh (Indescribable)15Embed"
42,Zach Bryan,10271485,28,https://genius.com/Zach-bryan-28-lyrics,"19 ContributorsTranslationsEspañol28 Lyrics
You took a train to the south side of Boston
You showed me where your old man stayed
Took twenty-eight years of blood I was lost in
To feel loved on my own birthday
And I always felt like I's in between somethin'
Like home and somewhere far away
But tonight on the west side in a bar out in Brooklyn
I saw tears outline your face

How lucky are we?
It's been a hell of a week, but you're all grown now
There's smoke seepin' out of your bloody teeth
But you're home somehow

And I'll be upstairs with the guitar I's given
When I was barely fourteen
When did McGlinchеy's get so crowded
And why are thе crowds so damn green?
I lost my mind on the streets of the city
And maybe I lost all hope too
Took twenty-eight years of blood pumpin' through me
To get to this evening with you
See Zach Bryan LiveGet tickets as low as $111You might also like
How lucky are we?
It's been a hell of a week, but we're all grown now
There's smoke seepin' out of the bar down the street
But we're home somehow

How lucky are we?
It's been a hell of a week and we're all grown now
There's smoke seepin' out of the bar down the street
But we're home somehow

You took a train to the south side of Boston
You showed me where your whole heart stayed
Took twenty-eight years of blood pumpin' through me
To feel loved on my own birthdayEmbed"
43,Tucker Wetmore,10153145,Wind Up Missin’ You,https://genius.com/Tucker-wetmore-wind-up-missin-you-lyrics,"10 ContributorsTranslationsEspañolPortuguêsWind Up Missin’ You Lyrics
I know I might look like
Another ball cap on a bar stool
Underneath a PBR light
Sayin' everything under the moon
To get you into my arms tonight
You probably heard it all a thousand times
But it ain't what it looks like
Girl, let me tell you what it looks like

You look like waves on a sunset
And you can crash on me all night
You look like wine in a truck bed
A little what I'm doin' for the rest of my life 'cause
You look like I'm done lookin'
But girl the hard truth is
If this night don't turn into two
You look like I'm gonna wind up missin' you

I gotta tell you, baby, I've been
The kind of boy your daddy never wanted
You to go and fall in love with
The kinda boys you're probably done with their dumb shit, yeah
I bet you heard the stories and
Can't say I'm proud of that, but
I've turned the page on the old me
And now I ain't lookin' back 'cause
You might also like
You look like waves on a sunset
And you can crash on me all night
And you look like wine in a truck bed
A little what I'm doin' for the rest of my life 'cause
You look like I'm done lookin'
But girl the hard truth is
If this night don't turn into two
You look like I'm gonna wind up missin'

Missin' you in the mornin'
Probably for the next few years
When I look back on it
I'll still see you right here

You look like waves on a sunset
And you can crash on me all night
And you look like wine in a truck bed
A little what I'm doin' for the rest of my life 'cause
You look like I'm done lookin'
But girl the hard truth is
If this night don't turn into two
You look like I'm gonna wind up missin' you
Wind up missin' you
Wind up missin' youEmbed"
44,Sabrina Carpenter,10628613,Good Graces,https://genius.com/Sabrina-carpenter-good-graces-lyrics,"53 ContributorsTranslationsTiếng ViệtPolskiEspañolСрпскиPortuguêsItalianoМакедонскиDeutschไทย / Phasa ThaiFrançais中文CatalàTürkçeБеларускаяУкраїнськаРусскийΕλληνικάGood Graces Lyrics
(I won't give a fuck about you)
Oh, mm
(I won't give a fuck about you)
Mm

When I love you, I'm sweet like an angel
Drawin' hearts 'round our names
And dreamin' of writing vows, rockin' cradles
Don't mistake my nice for naive

I don't waste a second, I know lots of guys
You do somethin' suspect, this cute ass bye-bye
Like, ooh
Baby, you say you really like it being mine?
So let me give you some advice

Boy, it's not that complicated
You should stay in my good graces
Or I'll switch it up like that so fast
'Cause no one's more amazin'
At turnin' lovin' into hatred
Boy, it's not that complicated
You should stay in my good graces
Or I'll switch it up like that (Like that) so fast (So fast)
'Cause no one's more amazin'
At turnin' lovin' into hatred
See Sabrina Carpenter LiveGet tickets as low as $105You might also like
I won't give a fuck about you
I won't give a fuck about you
I won't give a fuck about you
That was cool
I won't give a fuck about you (Oh)
I won't give a fuck about you
I won't give a fuck about you
Yeah

I'll tell the world you finish your chores prematurely
Break my heart and I swear I'm movin' on
With your favorite athlete
Shoot his shot every night

Want you every second, don't need other guys
You do somethin' sus, kiss my cute ass bye

Boy, it's not that complicated
You should stay in my good graces (Ah)
Or I'll switch it up like that so fast
'Cause no one's more amazin' (Amazin')
At turnin' lovin' into hatred
Boy, it's not that complicated (No)
You should stay in my good graces (Ah)
Or I'll switch it up like that (Like that) so fast (So fast)
'Cause no one's more amazin'
At turnin' lovin' into hatred
I won't give a fuck about you
I won't give a fuck about you
I won't give a fuck about you
Oh, no
I won't give a fuck about you (Oh)
I won't give a fuck about you
I won't give a fuck about you
Oh

No, I won't
I won't give a fuck about you, no, I won't
(I won't, I won't, I won't)
No, I won't
I won't give a fuck about you, no, I won't
(I won't, I won't, I won't)7Embed"
45,Sabrina Carpenter,10628603,Juno,https://genius.com/Sabrina-carpenter-juno-lyrics,"71 ContributorsTranslationsEspañolPortuguêsСрпскиTiếng ViệtDeutschPolskiFrançaisМакедонскиHebrewTürkçe中文БеларускаяУкраїнськаΕλληνικάРусскийItalianoไทย / Phasa ThaiJuno Lyrics
(Ooh, ah-ah, ooh)

Don't have to tell your hot ass a thing
Oh yeah, you just get it
Whole package, babe, I like the way you fit
God bless your dad's genetics, mm, uh

You make me wanna make you fall in love
Oh, late at night, I'm thinking 'bout you, ah-ah
Wanna try out my fuzzy pink handcuffs?
Oh, I hear you knockin', baby, come on up

I know you want my touch for life
If you love me right, then who knows?
I might let you make me Juno
You know I just might
Let you lock me down tonight
One of me is cute, but two though?
Give it to me, baby
You make me wanna make you fall in love (Oh)

I showed my friends, then we high-fived (Ah-ah)
Sorry if you feel objеctified (Ah-ah)
Can't help myself, hormonеs are high
Give me more than just some butterflies
See Sabrina Carpenter LiveGet tickets as low as $105You might also like
You make me wanna make you fall in love
Oh, late at night, I'm thinking 'bout you, ah-ah
Wanna try out some freaky positions?
Have you ever tried this one?

I know you want my touch for life
If you love me right, then who knows?
I might let you make me Juno
You know I just might
Let you lock me down tonight
One of me is cute, but two though?
Give it to me, baby
You make me wanna make you fall in love

Adore me
Hold me and explore me
Mark your territory (Ah-ah)
Tell me I'm the only, only, only, only one (Ah-ah)
Adore me
Hold me and explore me (Ah-ah)
I'm so fuckin' horny
Tell me I'm the only, only, only, only one
Ah
Ooh-ooh

(Oh, I) I know you want my touch for life
If you love me right, then who knows?
I might let you make me Juno
You know I just might (Might)
Let you lock me down tonight
One of me is cute, but two though?
Give it to me, baby
You make me wanna make you fall in love5Embed"
46,Benson Boone,9927114,Slow It Down,https://genius.com/Benson-boone-slow-it-down-lyrics,"21 ContributorsTranslationsDeutschУкраїнськаEspañolNorsk (bokmål / riksmål)Slow It Down Lyrics
I'd never met you, but I wanted
To invite you to the party
Then you walked in with those green eyes
Never stolen by nobody
And they flicker to the future
For a moment, I could picture
Then you touch me and I come back
And we're talking on the staircase
'Bout your big dreams on the big screens
Out of Georgia, now you're lonely in this city
Lyin' with me
And you're scared it's movin' quickly
Oh, now you're crying, you're in pieces
'Cause the only love you've ever known is Jesus
I can feel it
Oh, I hate that I'm the reason that you're

In your head right now
While your world is spinning out

So slow it down
Take a moment now
We're too young to drown
Deep in dirty waters
Full of hopeless doubt
Let me pull you out
Let me hold you now
Let me slow it down
See Benson Boone LiveGet tickets as low as $71You might also like
Ain't it funny how it changes?
How the future rearranges
I get nervous, oh, I'm anxious
Maybe loving you is dangerous
I could lose you like the others
Only girl that's never left me is my mother
Oh, I love her
And I know you'll probably hate it, but I'm

In my head right now

So slow it down
Take a moment now
We're too young to drown
Deep in dirty waters
Full of hopeless doubt
Let me pull you out
Let me hold you now
Let me (Slow it down)

Slow it down
When you're on the ground
And you're crying
I'm trying (Slow it down)
To slow it down
When you're spinning 'round
In your head
(Ooh-ooh-ooh, ooh-ooh)
I'll help you slow it down3Embed"
47,Peso Pluma & Neton Vega,10444977,LA PATRULLA,https://genius.com/Peso-pluma-and-neton-vega-la-patrulla-lyrics,"12 ContributorsTranslationsEnglishLA PATRULLA Lyrics

Miren, ¿quién lo pensaría?
El muchacho se fue pa' arriba
Le sobra la calidad
De varias la ha librado andando en la patrulla
Las ganas de superarme por las noches me perturban
Sigo siendo el mismo, solo que cambie los planes y los medios zumban
Y de repente nos vamos de rumba
Porque hoy se puede hacer lo que me gusta
Los doble cara me caen en la punta
Y lo peor del caso que de esos abundan

Me muero si tú no estás
Véngase pa' acá, mi nena, mamá
Véngase, márqueme a mi celular
Te quiero acariciar y tu pelo rozar

Así nomás, compa Neton, pa' que sepan, viejo
Y así suena la Doble P, viejillo
Jálese la greña

Todo le he aprendido al viejo, bien firmes con su bandera
Prohibido decir su nombre, da la vuelta al mundo y en su jet despega
Siente el peligro y la Glock desenfunda
No digo el nombre por si se preguntan
Uno de uva aquí me vo'a prender
De varias la ha librado andando en la patrulla
You might also like
Me muero si tú no estás
Véngase pa' acá, mi nena, mamá
Llámame, márcame a mi celular
Te quiero acariciar y tu pelo rozar1Embed"
48,Megan Thee Stallion,10559500,Mamushi,https://genius.com/Megan-thee-stallion-mamushi-lyrics,"72 ContributorsTranslationsRomanizationEnglishEspañolРусскийItalianoFrançaisPolskiDeutschMamushi Lyrics

(Koshy アッツー)
私は スター
スター ミーガン
Ah
雄喜 千葉

I get money, I'm a star, star, star
Star, star, star, star
I get money, I'm a star, star, star
Star, star, star, star
お金 稼ぐ 俺らは スター
お金 稼ぐ 私は スター
スター、スター、スター、スター、キラキラ
私は スター (Real hot girl shit)

He know who I am, ain't had to say my name
Stack it up like Tetris, but this money ain't a game
私、可愛い いい体
Drinkin' out the bottle, gettin' twisted, Maruchan
Big exotic, Hermès, this a croc', hmm
Watch too expensive, ain't no way I'm gettin' clocked, hmm
I think I'm so sexy, every shirt I own is cropped, hmm
So many carats, diamonds do the bunny hop (Ah)
In the US or Japan, if he meet me, he gon' bow
I got yen for your friends, if they pretty, bring 'em out
Goin' dumb in Madam Woo, pourin' sake in they mouth
Told him put me on his plate, bring them chopsticks to the south
You might also like
I gеt money, I'm a star, star, star
Star, star, star, star
I get money, I'm a star, star, star
Star, star, star, star
お金 稼ぐ 俺らは スター
お金 稼ぐ 私は スター
スター、スター、スター、スター、キラキラ
私は スター

流れる  星たち どこに向かう？
また 願い叶えながら暮らす
ジュエリー身につけたまま歌う
スター達が集まったスタジオ
夜な夜な酒たくさん並ぶアジト
さっきまで六本木で収録ラジオ
そっからテレビ撮影するはしご
カメラたち追いかけてる俺たちを
大好きピカピカのダイヤ
暗いとこ輝いてる毎晩
Nicе to meet you する挨拶
I'm so happy ありがたいな

I get money, I'm a star, star, star
Star, star, star, star
I get money, I'm a star, star, star
Star, star, star, star
お金 稼ぐ 俺らは スター
お金 稼ぐ 私は スター
スター、スター、スター、スター、キラキラ
私は スター7Embed"
49,Luke Bryan,10114891,"Love You, Miss You, Mean It",https://genius.com/Luke-bryan-love-you-miss-you-mean-it-lyrics,"8 ContributorsTranslationsEspañolLove You, Miss You, Mean It Lyrics
We were small-town meant to be
My momma loved her, her daddy loved me
We burned up the road between her house and mine
We'd kiss in her driveway
And by the time I hit the highway
She called to tell me goodnight one more time

And she'd say, ""Love you, miss you, mean it
Boy, I'll see you when I'm dreamin'
I can't wait to feel you hold me again
Till then, I'll be countin' down the minutes
I'll be climbin' up these walls
Your kiss, I want it, need it
Love you, miss you, mean it, baby""

When graduation came
UGA was callin' her name
We thought two hundred miles wasn't nothin' we couldn't get through
But after that first fall
The time got longer between the calls
And I couldn't help but wonder what happened to

My little love you, miss you, mean it
Girl, I'll see you when I'm dreamin'
I can't wait to feel you hold me again
Till then I'll be countin' down the minutes
I'll be climbin' up these walls
Your kiss, I want it, need it
Love you, miss you, mean it, baby, yeah
(Woo, uh)
See Luke Bryan LiveGet tickets as low as $102You might also like
Years went by, pages got turned
But I never did forget about her
Late one night, out of the blue
My phone lit up and my heart did too

She said, ""I don't know about you
But I love you, miss you, meant it
I still see you when I'm dreamin'
I just wanna feel you hold me again
And I've been countin' down the minutes
I'll keep climbin' up these walls
Your kiss, I want it, need it
Love you, miss you, mean it, baby""

(Love you, miss you, mean it)
Love you, miss you, mean it, baby
(Love you, miss you, mean it)
Love you, miss you, mean it, babyEmbed"
50,Charli xcx,10235578,360,https://genius.com/Charli-xcx-360-lyrics,"116 ContributorsTranslationsPolskiEspañolDanskLatviešuLietuviųItalianoБеларускаяPortuguêsРусскийTürkçe한국어FrançaisΕλληνικάDeutschHebrew360 Lyrics
I went my own way and I made it
I'm your favorite reference, baby
Call me Gabbriette, you're so inspired
Ah, ah
I'm tectonic, moves, I make 'em
Shock you like defibrillators
No style? I can't relate
I'll always be the one, ah

Drop down, yeah
Put the camera flash on
So stylish
Baby tee is all gone
Drop down, yeah
Lookin' like an icon
Work angles, yeah

Yeah, 360
When you're in the mirror, do you like what you see?
When you're in the mirror, you're just looking at me
I'm everywhere, I'm so Julia
Ah-ah, ah
When you're in the party b-b-bumpin' that beat
666 with a princess streak
I'm everywhere, I'm so Julia
Ah-ah, ah
See Charli xcx LiveGet tickets as low as $70You might also like
Bumpin' that
Bumpin' that
Bumpin' that

That city sewer slut's the vibe
Internationally recognized
I set the tone, it's my design
And it's stuck in your mind
Legacy is undebated
You gon' jump if A. G. made it
If you love it, if you hate it
I don't fucking care what you think

Drop down, yeah
Put the camera flash on
So stylish
Baby tee is all gone
Drop down, yeah
Lookin' like an icon
Work angles, yeah

Yeah, 360
When you're in the mirror, do you like what you see?
When you're in the mirror, you're just looking at me
I'm everywhere, I'm so Julia
Ah-ah, ah
When you're in the party b-b-bumpin' that beat
666 with a princess streak
I'm everywhere, I'm so Julia
Ah-ah, ah
Bumpin' that
Bumpin' that
Bumpin' that
Ah-ah, ah
Bumpin' that
Bumpin' that
Bumpin' that
Ah-ah, ah8Embed"
51,Tito Double P & Peso Pluma,10773004,DOS DÍAS,https://genius.com/Tito-double-p-and-peso-pluma-dos-dias-lyrics,"4 ContributorsTranslationsEnglishDOS DÍAS Lyrics

Un, dos, tres
Un, dos, tres

Unos tragos pa' la panza
Ese periquito, la neta, nomás no se baja
Ando atravesado porque no me dices qué pasa
Dos días enojada, dos días que no me habla'
Otra de tus payasadas
Yo aquí con los panas y tú siempre de exagerada
Cuando dices ""te quiero"", mija, nomás no te creo nada
Todo lo que planeaba se nos fue a la chingada

Mira en qué me convertí
Me encantan las pacas, me mama el dinero
Baby, yo te lo advertí
Que estando solito yo era un cagadero
No fui yo, sino por ti
Quе me hice adicto a andar en еsta loquera
Guacha lo que conseguí
Un chingo de culos y ni uno me llena
You might also like
Ay, mamá
Tito Double P, ah
Así suena la puta Doble P, compa Tito
Ay-ay-ay
Chau

El polvo ya ni me pasa
Me contestas a medias, mi niña, ya dime qué tranza
Me acordé de las noches que chingamos allá en tu sala
Pues pasé por tu casa y saludé a tu mamá

Mira en qué me convertí
Me encantan las pacas, me mama el dinero
Baby, yo te lo advertí
Que estando solito yo era un cagadero
No fui yo, sino por ti
Que me hice adicto a andar en esta loquera
Guacha lo que conseguí
Un chingo de culos y ni uno me llenaEmbed"
52,"NLE Choppa, 41 & Kyle Richh",10832795,Or What,https://genius.com/Nle-choppa-41-and-kyle-richh-or-what-lyrics,"26 ContributorsOr What Lyrics
(EMRLD)
Fuck
Bitch, is we fuckin' or what? (Damn)
Ayy, ayy, ayy, ayy
Ayy, ayy, ayy, ayy
Let me nut on your butt (Damn)
Ayy, ayy, ayy, ayy
Ayy, ayy, ayy, ayy
Fuck

Is we fuckin' tonight?
Toes right and her pussy is tight
Like, she ride my dick like a bike
Like, I beat the pussy like fight night
Scary movie, she wanna record it, we watch it again like the hot ice
Baby, you know you my type, type

Feel like Freddy, together for five nights
She in love through the dash like a hyphen
Can't spend no time with these bitches, I'm timeless
Said she sick of mе, she caught the itis
I feel like Trav', in this room, I'm thе highest
We could lay up and look at the starlights
If she not fuckin', she gotta get depart, like (It's Carter, dickhead)
Girl, we been huggin' and cuddlin' all night
Is we fuckin' or what? (Grrah, bang)
You might also like
Pretty, but she hard to solve like a riddle
Yeah, once I touch it, it jiggle
If we get drunk enough, we could kiss
Is we fuckin'? I'm not tryna see what them hips do
Yeah, brown skin joint with a dimple
Light skin, she like, ""I buy it, it's simple""
12 a.m., after dark, I'm a slut
Don't got time for no games, is we fuckin' or what?

Ayy, ayy, ayy, ayy
Ayy, ayy, ayy, ayy
Let me nut on your butt
Ayy, ayy, ayy, ayy
Ayy, ayy, ayy, ayy (Phew)

Is we fuckin' or not?
I got a whole 'nother ho in the spot (Phew)
I'm tryna tie that bitch up like a knot (Knot)
She thick like O's in a pot
She wanna fuck at the Ritz
She know that I'm rich
But really ain't throwin' no fits
But she throw it back on that dick
Throw up on it like you sick
Don't tell nobody
Think I'm in love with a ratchet
Two seats when we ride in traffic
Twin G-locks, we matchin'
She don't know her dad, but she call me, ""Daddy""
She want a thug, she need some love, she wanna get off them drugs
When you take this pink pill, bae, is we fuckin' or what? (Ooh)
If I was a bad bitch (Ooh)
If I was a ratchet (Let me nut on your butt, ooh)
If I was a bad bitch
I'd wanna fuck me too
Yes, I love pills and Percocets, yes, yes (Let's go)
I— I love pills and Percocets, yes, let's fuck (Let's go, let's go, yeah)

Ayy, ayy, ayy, ayy
Ayy, ayy, ayy, ayy
Let me nut on your butt (Let's fuck)
Ayy, ayy, ayy, ayy
Ayy, ayy, ayy, ayy (Let's fuck)2Embed"
53,Real Boston Richey,10474552,Help Me,https://genius.com/Real-boston-richey-help-me-lyrics,"8 ContributorsHelp Me Lyrics
At this point, it's like I'm beggin'
Shit, if I gotta fight for love, then, shit
It's like I don't even, I don't even want it
(Known to let that MAC fly just like my nigga Doe, bah)
Help me
Baby, can you help me?
Baby, can you help me?
Baby, can you help me?

I'm tryna get my life together, leave these hoes alone
Pray to God I can leave the streets, this thuggin' shit gettin' more than old
Baby, please don't leave, but every day, her hеart get more than cold
I'm tired of pipin' thеse bitches up, on top of shit like provolone
I'm tryna run my digits up, at the same time, watch what them crackers on
Bitch, I call, you ain't pickin' up, what the fuck these hoes be on?
I just went bought fourteen acres, used to stay up in the mobile homes
Need a bad bitch with low body count to put my focus on
Nigga, he tried to end my career, truth be told, I don't fuck with holmes
So many bad bitches up in here, which one of them I'm takin' home?
Bitch, I'm ballin' on all these niggas, same court that the Lakers on
I'm more wealthy than all these niggas, baby girl, my paper long

Do you love me? Do you trust me?
Say you got my back, but it's that paper got you wanna fuck me
Can I keep it real for a second, baby? Would you judge me?
I can't lie, I ain't been the same ever since them niggas stuck me
That shit corrupt me
I'ma get that get-back even if I get life, trust me
'Til the end, nigga, I'm kicked back in the cut poppin' up on bubbly
Look your nigga in the eyes and tell him I say he can't fuck with me
If I take her to my house, stick it in, that lil' bitch stuck with me
See Real Boston Richey LiveGet tickets as low as $66You might also like
Lil' bitch playin' mind games, tryna trick my mindframe
You block me, bitch, I won't call you back, I promise it's just a mind thing
In that Hellcat, hit the gas, you hear that whine, ain't it?
Upped a hundred pack, I'm talkin' way before I got signed, baby
Why I ain't got no hit song yet? 'Cause I guess it ain't my time yet
Promise to stay down with this shit until my eyes go blind, yeah
Told you, bitch, I'm done with all that cheatin', stop that cryin', yeah
Same shit I said the last time, but I ain't done yet
Fuckin' another bitch, I told you I'm out here gettin' mon', yeah
Told you I'm on the way, but I'm still fuckin', bitch, I ain't cum yet
Bought you another whip, but you just speak on what I ain't done yet
Yeah, I cheated on you, but you were the realest bitch, I love that

Do you love me? Do you trust me?
Say you got my back, but it's that paper got you wanna fuck me
Can I keep it real for a second, baby? Would you judge me?
I can't lie, I ain't been the same ever since them niggas stuck me
That shit corrupt me
I'ma get that get-back even if I get life, trust me
'Til the end, nigga, I'm kicked back in the cut poppin' up on bubbly
Look your nigga in the eyes and tell him I say he can't fuck with me
If I take her to my house, stick it in, that lil' bitch stuck with meEmbed"
54,Addison Rae,10731051,Diet Pepsi,https://genius.com/Addison-rae-diet-pepsi-lyrics,"58 ContributorsTranslationsEspañolPortuguêsDiet Pepsi Lyrics
My boy's a winner, he loves the game
My lips reflect off his cross gold chain
I like the way he's telling me
My ass looks good in these ripped blue jeans
My cheeks are red like cherries in the spring
Body's a work of art you'd die to see

Untouched, XO
Young lust, let's— (Ah)

When we drive in your car, I'm your baby (So sweet)
Losing all my innocence in the backseat
Say you love, say you love, say you love me (Love me)
Losing all my innocence in the backsеat
When we drive in your car, I'm your baby (So sweet)
Losing all my innocеnce in the backseat
Say you love, say you love, say you love me (Love me)
Losing all my innocence in the backseat

Break all the rules 'til we get caught
Fog up the windows in the parking lot
Summer love (Ah, ah), sexy
Sitting on his lap, sippin' Diet Pepsi
I write my name with lipstick on your chest
I leave a mark so you know I'm the best
You might also like
Untouched (Untouched), XO (XO)
Young lust, let's go (Ah)

When we drive in your car, I'm your baby (So sweet)
Losing all my innocence in the backseat
Say you love, say you love, say you love me (Love me)
Losing all my innocence in the backseat
When we drive in your car, I'm your baby (So sweet)
Losing all my innocence in the backseat
Say you love, say you love, say you love me (Love me)
Losing all my innocence in the backseat

When we—
I'm your baby
I'm your baby
When we—
(XO)

When we drive in your car, I'm your baby (So sweet)
Losing all my innocence in the backseat
Say you love, say you love, say you love me (Love me)
Losing all my innocence in the backseat (Ah)
When we drive in your car, I'm your baby (So sweet)
Losing all my innocence in the backseat
Say you love, say you love, say you love me (Love me)
Losing all my innocence in the backseat
Untouched
Young lust
XO
Let's go3Embed"
55,Thomas Rhett,10365067,Beautiful As You,https://genius.com/Thomas-rhett-beautiful-as-you-lyrics,"9 ContributorsBeautiful As You Lyrics
Baby girl, you out your mind, you're way too good for me
Thinkin' 'bout the day we met, you coulda just ignored me
Here I am, layin' next to you, lookin' extra cute in the mornin'
Lookin' back, all through the past, everything before you was borin'

You're the type people wishin' they'd sit next to on a flight
Top of list, who I wanna wash up on a island with
You're the dream, even if we countin' girls in magazines
It's still a mystery

What's someone as beautiful as you
Doin' ridin' 'round with someone like me?
I swear, girl, you could have anyonе you choose
I should stop askin' questions 'fore you gеt up and leave
What's someone as beautiful as you
Doin' wakin' up with someone like me?
Ain't gonna lie, you could have anyone you choose
I should stop askin' questions 'fore you get up and leave

How someone as beautiful as you could just fall out of the blue?
When you're walkin' 'round in my sweater, girl, there's no better view
Spend the rest of forever just treasurin' you
Ooh, I'll follow you wherever and you know that's the truth, yeah
See Thomas Rhett LiveGet tickets as low as $33You might also like
You're the type people wishin' they'd sit next to on a flight
Top of list, who I wanna spend like every second with
You're the dream, even if we countin' girls up on the screen
Still a mystery

What's someone as beautiful as you
Doin' ridin' 'round with someone like me?
I swear, girl, you could have anyone you choose
I should stop askin' questions 'fore you get up and leave
What's someone as beautiful as you
Doin' wakin' up with someone like me?
Ain't gonna lie, you could have anyone you choose
I should stop askin' questions 'fore you get up and leave

I just had to let you know, know, yeah, yeah (Know, know, yeah, yeah)
I could never let you go, go, yeah, yeah (Go, go, yeah, yeah)
Oh, I just had to let you know, know, yeah, yeah (Know, know, yeah, yeah)
I could never let you go, go, yeah, yeah (Go, go, yeah, yeah)

What's someone as beautiful as you
Doin' wakin' up with someone like me?
I swear, girl, you could have anyone you choose
I should stop askin' questions 'fore you get up and leaveEmbed"
56,Moneybagg Yo,7638042,WHISKEY WHISKEY,https://genius.com/Moneybagg-yo-whiskey-whiskey-lyrics,"24 ContributorsWHISKEY WHISKEY Lyrics
Another shot, she'll love me again
(Run that back, Turbo)
Haha, make it a double

Whiskey, whiskey, won’t you go away?
Come again some other day
'Cause her memory came out to play
And I'm tired of it, tired of it
I don’t wanna wonder where she been (Where she at?)
She was here, now she gone again (Need her back)
Now it's me and all my whiskey friends
And I'm tired of it (Hey), tired of it (Yeah, speak)

Dark brown skin, caught eye contact while walkin' in (On the walk up)
Perfect timing, get beside me, now we lockin' in (Linked in)
She like, ""Tell me how you want it, on the rocks again (What else?)
Lil' salt around the rim (Okay), filled to the top again?"" (Let's go)
Fell back, now I'm back in it
Del Dia shots got me sinning
Big racks, but these jeans skinny
Plain Richard Mille square business (Boss)
See me in the club two-steppin’
Diamonds ’round my neck square-dancing
You done made a gangster romantic
Fiendin' for your love, I’m an addict (Ayy)
So addicted, ain't nothin' we can do about it (Nah)
Country motherfucker, I say, ""What's up?"" she say, ""Howdy"" (Howdy)
Call you my lil’ cowgirl how you ride it like a stallion (Uh, uh)
Don't know why I love it
Can't get tired of it (I'm on you bad)
You might also like
Whiskey, whiskey, won't you go away?
Come again some other day
'Cause her memory came out to play
And I'm tired of it, tired of it
I don't wanna wonder where she been (Where she at?)
She was here, now she gone again (Need her back)
Now it's me and all my whiskey friends
And I'm tired of it, tired of it

Put you up and hide you on the shelf, I swear I'm through with you
You so hard to leave alone, it's always something new with you
Ain't no way to get her gone, gone, gone
So I guess I'm gonna tie one on
She's so cold, I had to go and pour you over ice
Way you got me locked down, you'd think whiskey was my wife
You so good, I had to take you home and hit it twice
Two of you gon' keep me up all night

Whiskey, whiskey, won't you go away?
Come again some other day
'Cause her memory came out to play
And I'm tired of it, tired of it
I don't wanna wonder where she been (Where she at?)
She was here, now she gone again (Need her back)
Now it's me and all my whiskey friends
And I'm tired of it, tired of it
And I'm tired of it, tired of itEmbed"
57,Eminem,10465609,Houdini,https://genius.com/Eminem-houdini-lyrics,"476 ContributorsTranslationsРусскийDeutschNorsk (bokmål / riksmål)EspañolTürkçePolskiRomână한국어PortuguêsFrançaisУкраїнськаहिन्दीHoudini Lyrics
Hey, Em, it's Paul
Uh, I was listening to the album
Good fucking luck, you're on your own

Guess who's back, back again?
Shady's back, tell a friend
Guess who's back, guess who's back
Guess who's back, guess who's back
Guess who's back, guess who's back
Guess who's back
(Da-da-da, da, da, da, da, da, da)
(Da-da-da, da, da, da, da)

Well, look what the stork brung
(What?) Little baby devil with the forked tongue
And it's stickin' out, yeah, like a sore thumb
(Bleah) With a forehead that it grew horns from
Still a white jerk
Pullin' up in a Chrysler to the cypher with the vic's, percs and a Bud Light shirt
Lyrical technician, an electrician y'all light work
And I don't gotta play pretend, it's you I make believe
And you know I'm here to stay 'cause me
If I was to ever take a leave, It would be aspirin to break a feve
If I was to ask for Megan Thee Stallion if she would collab with me
Would I really have a shot at a feat? (Ha!)
I don't know, but I'm glad to be back, like
See Eminem LiveGet tickets as low as $138You might also like
Abra-abracadabra
(And for my last trick) I'm 'bout to reach in my bag, bruh
Abra-abracadabra
(And for my last trick, poof) Just like that and I'm back, bruh

Now back in the days of old me
(When) Right around the time I became a dope fiend
Ate some codeine, as a way of coping taste of opiates, case of O.E
​Turned me into smiley face emoji
My shit may not be age appropri—
Ate but I will hit an eight year old in the face with a participation trophy
'Cause I have zero doubts
That this whole world's 'bout to turn into some girl scouts
That censorship bureau's out
To shut me down so when I started this verse
It did start off light-hearted at first
But it feels like I'm targeted
Mind bogglin' how my profit has skyrocketed, look what I pocketed
Yeah, the shit is just like y'all have been light joggin' and I've been running at full speed
And that's why I'm ahead like my noggin, and I'm the fight y'all get in
When you debate who the best but ops I'm white-chalkin' when
I step up to that mic, cock it then
""Oh my god, it's him... not again!""
Abra-abracadabra
(And for my last trick) I'm 'bout to reach in my bag, bruh
Abra-abracadabra
(And for my last trick, poof) Just like that and I'm back, bruh

Sometimes I wonder what the old me'd say
(If what?) If he could see the way shit is today
(Look at this shit, man) He'd probably say that everything is gay
(Like happy!) What's my name, what's my name?

So, how many little kids still wanna act like me?
I'm a bigger prick than cacti be
And that's why these words sting, just like you were being attacked by bees
In the coupe leaning back my seat
Bumpin' R. Kelly's favorite group, the black guy pee's
In my Air Max 90's
White T's walkin' parental advisory
My transgender cat's Siamese
Identifies as black, but acts Chinese
Like a motherfuckin' hacky sack I treat the whole world, 'cause I got it at my feet
How can I explain to you?
That even myself, I'm a danger too
I hop on tracks like a kangaroo
And say a few things or two to anger you
But fuck that, if I think that shit, I'ma say that shit
Cancel me what? Okay, that's it, go ahead, Paul, quit
Snake-ass prick, you male crossdresser, fake-ass bitch
And I'll probably get shit for that
(Watch) But you can all suck my dick, in fact
Fuck them, fuck Dre, fuck Jimmy, fuck me, fuck you, fuck my own kids they're brats (Fuck 'em)
They can screw-off, them and you all
You too, Paul, got two balls, big as RuPaul's, what you thought you saw ain't what you saw
'Cause you're never gon' see me
Caught sleepin' and see the kidnappin' never did happen
Like Sherri Papini, Harry Houdini, I vanish into the thin air as I'm leaving, like
Abra-abracadabra
(And for my last trick) I'm 'bout to reach in my bag, bruh
Abra-abracadabra
(And for my last trick, poof) Just like that and I'm back, bruh142Embed"
58,Charli xcx & Billie Eilish,10713096,Guess featuring billie eilish,https://genius.com/Charli-xcx-and-billie-eilish-guess-featuring-billie-eilish-lyrics,"151 ContributorsTranslationsEspañolFrançaisDeutschPortuguêsРусский日本語PolskiItalianoTürkçeΕλληνικάGuess featuring billie eilish Lyrics
Hey, Billie, you there?
Uh-uh

You wanna guess the colour of my underwear
You wanna know what I got goin' on down there
Is it pretty in pink or all see-through?
Is it showin' off my brand-new lower-back tattoo?
You wanna put 'em in your mouth, pull 'em all down south
You wanna turn this shit out, that's what I'm talkin' about
Pu-pu-pu-put 'em in your mouth, pull 'em all down south
You wanna turn this shit out, that's what l'm talkin' about (Yeah)

Try it, bite it, lick it, spit it
Pull it to the side and get all up in it
Wear 'em, post 'em, might remix it
Send 'em to The Dare, yeah, I think he's with it
Try it, bite it, lick it, spit it
Pull it to the side and get all up in it
Wear 'em, post 'em, might remix it
Eat it up for lunch, yeah, it's so delicious
(Work it out)

Don't have to guess the color of your underwear
Already know what you've got goin' on down there
It's that lacy black pair with the little bows
The ones I picked out for you in Tokyo
I saw them when you sat down, they were peekin' out
I'm gonna tell you right now, they're all I'm thinkin' about
You might also like
I wanna try it, bite it, lick it, spit it
Pull it to the side and get all up in it
Kiss it, ride it, can I fit it?
Charli likes boys, but she knows I'd hit it
(Knows I'd hit it)
Charli, call me if you're with it

Yeah, guess, guess, guess, guess, guess, guess, guess, guess
Guess, guess, guess, guess, guess, guess, guess, guess
Guess, guess, guess, guess, guess, guess, guess, guess
Guess, guess, guess, guess, guess, guess, guess, guess

You wanna guess what me and Billie have been textin' about? (We've been disrespectful)
Still tryin' to guess the password to my Google Drive (Are you obsessed with me?)
You wanna guess the address of the party we're at (You know you're not invited)
You wanna guess if we're serious about this song13Embed"
59,mgk & Jelly Roll,10386004,Lonely Road,https://genius.com/Mgk-and-jelly-roll-lonely-road-lyrics,"16 ContributorsLonely Road Lyrics
Lonely road
Take me home
Take me home
Lonely road

I'ma go downtown
Ain't been in a long time
I'm takin' back Sundays
Since you took away my life (Since you took away my life)
There's some things that I know now (Mm)
Couple songs that I'd rewrite (Yeah)
Start over like Mondays
Pourin' strong on a weeknight (Mm)

See, I hear the devil wears Prada, but I couldn't read the tags
And your horns started showin' when I seen you mad
But I'll wait for you 'cause this is not the face I knew
I probably could've saved us, but instead, I let us crash
'Cause I don't trust no one to love me back, but shе say, ""I do""
And this is not the place for you

Lonely road, takе me home
To the place that we went wrong
Where'd you go now?
It's been a ghost town
And I'm still here all alone
You might also like
When the days feel long and the nights get cold
And I'm thousands of miles away (Ah-ah-ah)
I use alcohol just to fill that hole
Will our home ever be the same?

I hear the devil wears Prada, but I couldn't read the tags
And your horn started showin' when I see you mad
But I'll wait for you 'cause this is not the face I knew
And I probably could've saved us, but instead, I let us crash
'Cause I don't trust no one to love me back, but you say, ""I do""
And this is not the place for you

Lonely road, take me home
To the place that we went wrong
Where'd you go now?
It's been a ghost town
And I'm still here all alone

And if you could salvage my soul
Would you sacrifice this life to not die alone?
'Cause even a palace ain't home without you
So I might leave here soon, but I wanna leave you this song
(Hey)
Lonely road (Lonely road)
Take me home (Won't you take me home?)
To the place (To the place) that we went wrong
Where'd you go now? (Where'd you go now?)
It's been a ghost town
And I'm still here (I'm still here) all alone

(This lonely road) Yeah, I'm on this road now
(This lonely road) Feeling so alone
Take me home
(This lonely road) Mm, I'm on this road now
(This lonely road) Feeling so alone
Take me home, mm4Embed"
60,Post Malone,10061689,Guy For That,https://genius.com/Post-malone-guy-for-that-lyrics,"34 ContributorsTranslationsPolskiPortuguêsDeutschEspañolGuy For That Lyrics
I got a guy designin' my rifle
My mama's new boyfriend re-binds bibles
Ricky down the road, he resoles Red Wings
Hell, I got a guy for every damn thing
Oh, that ain't exactly what I'm lookin' for
'Cause I'm lookin' for

Someone to put her tires back in the drive
And if they don't, then I just might
Lose what's left of my never-lovin' mind
I'm damn near down to my last dime
I'm pretty good at breakin' down a heart
But pickin' up the pieces is the hard part
She's searchin' for someone who's gonna build it back
But I ain't got a guy for that

Ain't got a guy for that, ain't got a guy for that
Ain't got a guy for that

Know a VIP up at MIT
And he still won't lеt me fly the time machinе
Someone to turn back the hands on my new AP
But, buddy, what I really need
See Post Malone LiveGet tickets as low as $46You might also like
Is someone to put her tires back in the drive
And if they don't, then I just might
Lose what's left of my never-lovin' mind
I'm damn near down to my last dime
I'm pretty good at breakin' down a heart
But picking up the pieces is the hard part
She's searchin' for someone who's gonna build it back
But I ain't got a guy for that

Ain't got a guy for that, ain't got a guy for that (Guy for that)
Ain't got a guy, I ain't got a guy for that
Ain't got a guy for that, ain't got a guy for that
Ain't got a guy, I ain't got a guy for that5Embed"
61,The Kid LAROI,8414440,NIGHTS LIKE THIS,https://genius.com/The-kid-laroi-nights-like-this-lyrics,"65 ContributorsTranslationsDeutschTürkçeEspañolNIGHTS LIKE THIS Lyrics
Hold my hand until we turn to ashes
Love me 'til they put me in my casket
I got all these feelings that I'm maskin'
Can I lay it on you? That's what I'm askin'
Red wine kissing in the house that your parents
Got for you, rented, how'd you forget it?
I think about you and nothin' else
So if you would just come over, I could show you for myself

And it's nights like this when I need your love
When I need someone that'll heal my soul
It's nights like this
Nights like, nights like this, ooh, ooh

Nights like this
Ooh, ooh

And it's nights like this when I need your love
When I need someone that'll heal my soul
It's nights like this
Nights like, nights likе this, ooh, oohSee The Kid LAROI LiveGet tickets as low as $50You might also like8Embed"
62,Megan Moroney,10495136,Am I Okay?,https://genius.com/Megan-moroney-am-i-okay-lyrics,"11 ContributorsAm I Okay? Lyrics
I check my pulse and my heart's still beatin'
Exhale I think I'm still breathin'
Both feet on the ground, but something's changed
I've been playin' less Black Keys, baby
And my friends swear I've gone crazy
I don't know how to act, I don't know what to say

'Cause, oh, my God, he walked in
Like a 6'2'' dream Heaven sent
He says what he means, and he means what he says
And he's funny and he's smart
And he's good in — (Good in — )
Maybe love ain't always what it was
Not cryin' and dyin', and messin' me up
I think I'm really happy, I think I wanna stay
Oh, my God, am I okay?

Who knew guys still brought flowers
Or picked up the phonе before a last call hour?
And not 'cause thеy cheated, and not 'cause they lied
And not 'cause they're sorta sorry after a fight
And wait, there's guys that can communicate
That aren't lookin' for a heart to break
Always thought hell no, no way
See Megan Moroney LiveGet tickets as low as $62You might also like
And then, oh, my God, he walked in
Like a 6'2'' dream Heaven sent
He says what he means, and he means what he says
And he's funny and he's smart
And he's good in — (Good in — )
Maybe love ain't always what it was
Not cryin' and dyin', and messin' me up
I think I'm really happy, I think I wanna stay
Oh, my God, am I okay?

I don't feel like a sad song soundtrack
The old me doesn't know how to feel about that
Am I okay? I think I'm okay

'Cause, oh, my God, he walked in
Like a 6'2'' dream Heaven sent
He says what he means, and he means what he says
And he's funny and he's smart
And he's good in — (Good in — )
Maybe love ain't always what it was
Not cryin' and dyin', and messin' me up
I think I'm really happy, I think I wanna stay
Oh, my God, am I okay?
I check my pulse and my heart's still beatin'
Exhale I think I'm still breathin'Embed"
63,Future,10839580,LIL DEMON,https://genius.com/Future-lil-demon-lyrics,"35 ContributorsTranslationsEspañolFrançaisLIL DEMON Lyrics
My bitch a princess cut (My lil' demon)
Lil' demon in the cut (Fuck you mean?)
Go raidin' at the church (Shit I'm seein')
You movin' wrong, we clutching (That's gang)
We slime, we sharin' sluts (That's slatt)
My twin, it's only us (We trappin')
Go platinum, fuck a budget (My lil' demon)
Lil' demon in the cut (Fuck you mean?)
Go raidin' at the church (Shit I'm seein')
You movin' wrong, we clutching (That's gang)
We slime, we sharin' sluts (It ain't no cappin')

Real rap, I'm trappin' bags (How you comin'?)
Real ice on both of my sleeves (We trappin')
Good numbers on them bales (How you get it?)
They gon' think you sellin' kis (Where we goin'?)
Ferrari truck, the new one (From where?)
Just shipped from overseas (Freebandz)
We got M's and changed the quota (Ayy, say, gang), right now, we chasin' B's (Pockets loaded)
Inhalin' dirty rackies (Achoo), that shit there make me sneeze (Oh, you slime)
I knew how to count through money (Super) before I learned to read (Ayy, say, gang)
Put a yacht out the coast, yeah (What's up?)
Put a yacht on the coast, yeah (Who you with?)
La Cosa Nostra (Say, gang)
They ready to vote me in (Skrrt, skrrt)
Push the Royce like a Rover (Who you with?)
I get love from the vultures (Super)
Yeah, came up with the roaches
Yeah, young niggas down like an oath (Super)
More respect than the Pope (What you gon' get?)
She give me top on the low (What you doin'?)
Wipe his nostril like a snotty nose (What you gon' do?)
Wipe his nostril like a snotty nose (What you gon' do?)
Wipe his nostril like you got a cold (Woo)
Yeah, I'm trappin' (Yessirski)
Yeah, I'm trappin' (Yeah, I trap)
Yeah, I'm trappin', yeah, I'm trappin', yeah, I'm still trappin' (Yessirski)
Yeah, I get money, I'm having (Yeah, I get money)
Yeah, I get money, I'm having (Yeah, I get money)
Yeah, I get money, yeah, I get money, yeah, I get money, I'm having (Yessirski)
Bales (What you serving?)
Bales, bales, bales (Ayy, what you serving?)
Bales, bales
Prrt, prrt (Ayy, what that is?)
Shells, shells
Once before a crook
Pluto'll get you cooked
You might also like
My bitch a princess cut (My lil' demon)
Lil' demon in the cut (Fuck you mean?)
Go raidin' at the church (Shit I'm seein')
You movin' wrong, we clutching (That's gang)
We slime, we sharin' sluts (That's slatt)
My twin, it's only us (We trappin')
Go platinum, fuck a budget
My bitch a princess cut (My lil' demon)
Lil' demon in the cut (Fuck you mean?)
Go raidin' at the church (Shit I'm seein')
You movin' wrong, we clutching (That's gang)
We slime, we sharin' sluts (That's slatt)
My twin, it's only us (We trappin')
Go platinum, fuck a budget4Embed"
64,Cody Johnson & Carrie Underwood,10895191,I’m Gonna Love You,https://genius.com/Cody-johnson-and-carrie-underwood-im-gonna-love-you-lyrics,"6 ContributorsI’m Gonna Love You Lyrics
Stars are gonna light up the midnight sky
The sun's gonna burn on the fourth of July
Tides are gonna turn with the pull of the moon
And I'm gonna love you

Birds are flyin' south when the winter comes
Snow's gonna fall, and rivers gonna run
April's gonna rain, and flowers gonna bloom
And I'm gonna love you

So good that it almost hurts
Steady and true as a Bible verse
My heart skips just thinkin' of you
Go on and bet it all, baby, we can't lose

Earth's gonna shake every now and then
Some runaway roads are gonna dead end
And on those days when the world feels cruel
I'm gonna love you, yeah

Ooh-mmh
You might also like
So good that it almost hurts
Steady and true as a Biblе verse
My heart skips just thinkin' of you
Go on and bеt it all, baby, we can't lose

Time's gonna put a few lines on our face
We can cover it up, but hair's gonna gray
Life's gonna fly and be gone too soon
And I'm gonna love you
Baby, I'm gonna love youEmbed"
65,BossMan Dlow,9837610,Shake Dat Ass (Twerk Song),https://genius.com/Bossman-dlow-shake-dat-ass-twerk-song-lyrics,"8 ContributorsShake Dat Ass (Twerk Song) Lyrics
Uh
Yeah
Big Za

I'm a gettin'-money-ass nigga
And I ain't chasin' shit unless it's money and liquor
Naw, I ain't no referee, but she know I'm official
She got both asscheeks bouncin', that's double dribble
That ass perfect, baby
I love the way you bend it over and twerk it, baby
You know you doin' that shit on purpose, baby
That pussy wetter than some water,  let me surf it, baby

He don't like me, but his bitch love me
Got kicked out the house at fourteen, I was still thuggin'
She ate that dick so much, her knee ugly
He know I fucked the bitch, he seen me and be mean muggin'
Uh, that shit don't mean nothin'
You play with me and you know how my team comin'
Ayy, that ass sit up better than two bunkbeds
Oh, she thick, thick, she eat her cornbread
Yeah, yeah, that shit there homemade
She get on her knees and make that ass go both ways
She mix Patrón with the OJ
She mix Amiri with the Dolce
If he can't buy you Dior, then he pi-or
Or maybe you just a basic bitch
Keep a—, nigga play, spray the bitch
I'm so clean, look at me, take a pic
I got bands in my pants, I'm so lit
I'm pullin' up foreign truck, five percent
That ass natural, I gotta have it, look how it sit
Get on your ass, she gon' crash 'bout that dick
She talkin' to me like she like me or somethin'
Bae, bend that ass over like you hikin' or somethin'
She wanna fuck me and her friend like she dykin' or somethin'
Oh, just do it to me, baby, like this Nike or somethin'
She talkin' to me like she like me or somethin'
Bae, bend that ass over like you hikin' or somethin'
She wanna fuck me and her friend like she dykin' or somethin'
Oh, just do it to me, baby, like this Nike or somethin'
You might also like
I'm a gettin'-money-ass nigga
And I ain't chasin' shit unless it's money and liquor
Naw, I ain't no referee, but she know I'm official
She got both asscheeks bouncin', that's double dribble
That ass perfect, baby
I love the way you bend it over and twerk it, baby
You know you doin' that shit on purpose, baby
That pussy wetter than some water, let me surf it, baby

That ass perfect, baby
That shit perfect, baby
Oh, I love the way you twerk it, baby
That shit perfect, baby
Slow motion, baby
Wanna see you bust it open, baby
That ass perfect, baby
That shit perfect, baby

I'm a gettin'-money-ass nigga
And I ain't chasin' shit unless it's money and liquor
Naw, I ain't no referee, but she know I'm official
She got both asscheeks bouncin', that's double dribble
That ass perfect, baby
I love the way you bend it over and twerk it, baby
You know you doin' that shit on purpose, baby
That pussy wetter than some water, let me surf it, babyEmbed"
66,Chappell Roan,8967237,Red Wine Supernova,https://genius.com/Chappell-roan-red-wine-supernova-lyrics,"68 ContributorsTranslationsDeutschEspañolPortuguêsFrançaisTürkçeCatalàItalianoRed Wine Supernova Lyrics
She was a playboy, Brigitte Bardot
She showed me things I didn't know
She did it right there out on the deck
Put her canine teeth in the side of my neck
I'm in the hallway waitin' for ya
Mini skirt and my go-go boots (Uh-Uh)
I just want you to make a move
So slow down, sit down, it's new

I just wanna get to know ya
Guess I didn't quite think it through (Nah-uh, girl)
Fell in love with the thought of you
Now I'm choked up, face down, burnt out

Baby, why don't you come over?
Red wine supernova, falling into me
(Let's pick it up now)
I don't care that you're a stoner
Red wine supernova, fall right into me

I like (I like)
What you like (What you like)
Long hair (No bra)
It's my type (That's right)
You just told me
Want me to fuck you
Baby, I will 'cause I really want to
You might also like
I just wanna get to know ya
Guess I didn't quite think it through (Nah-uh, girl)
Fell in love with the thought of you
Now I'm choked up, face down, burnt out

Baby, why don't you come over?
Red wine supernova, falling into me
(Okay, y'all, let's pick it up now)
I don't care that you're a stoner
Red wine supernova, fall right into me

Well, back at my house
I've got a California king
Okay, maybe it's a twin bed
And some roommates (Don't worry, we're cool)
I heard you like magic
I've got a wand and a rabbit
So baby, let's get freaky, get kinky
Let's make this bed get squeaky

Baby, why don't you come over?
Red wine supernova, falling into me
I don't care that you're a stoner
Red wine supernova, fall right into me9Embed"
67,Zach Top,10247233,I Never Lie,https://genius.com/Zach-top-i-never-lie-lyrics,"4 ContributorsI Never Lie Lyrics
Well, it's been some time
You still look like an angel
I heard you're doin' fine
Got promoted back in April and you met someone
Your dad says he's okay
Well, I've never been better
Things are going my way

I sleep like a baby
I never show up late for work
I don't drink whiskey
I don't know how it feels to hurt
Oh, and I ain't been lonely since you said goodbye
I wish I could say I miss you
But you know I never lie

Yeah, I met somebody too
She's a model out in LA
And she's begging me to move
She's says Malibu is really great
Ain't decided if I'm going or not
But at the end of the day
You might also like
I sleep like a baby
I never show up late for work
I don't drink whiskey
I don't know how it feels to hurt
Oh, and I ain't been lonely since you said goodbye
Wish I could say I miss you
But you know I never lie

Yeah, I've never been better
Things are going my way

I sleep like a baby
I never show up late for work
Oh, and I don't drink whiskey
I don't know how it feels to hurt
Oh, and I ain't been lonely since you said goodbye
Wish I could say I miss you
Oh, but you know I never lieEmbed"
68,Chris Stapleton,9345439,Think I’m In Love With You,https://genius.com/Chris-stapleton-think-im-in-love-with-you-lyrics,"6 ContributorsThink I’m In Love With You Lyrics
Baby, do you ever wonder
Whatever happened way back when
Or if I'll see you again
And maybe if you ever wonder
Aw, you might wish things could change
I know this might sound strange but

I think I'm in love with you
I didn't know it at the time
I know what I wanna do
It's makin' me lose my mind
I thought about thinkin' it through
And every time I do I find
I wanna make your dreams come true
I think I'm in love with you
I'm in love with you

Ooh, you are the power over me
You are the truth that I believe
You are my life, you are my world
You are thе air I'm breathin', girl
You are the light I wanna see
You'rе all of everythin' to me
You are the reasons that I am
Woman
See Chris Stapleton LiveGet tickets as low as $93You might also like
I think I'm in love with you
I didn't know it at the time
I know what I wanna do
It's makin' me lose my mind
I thought about thinkin' it through
And every time I do I find
I wanna make your dreams come true
I think I'm in love with you
Oh, I think I'm in love with you
I didn't know it at the time
I know what I wanna do
It's makin' me lose my mind, girl
I thought about thinkin' it through
And every time I do I find
I wanna make your dreams come true
I think I'm in love with you
Oh, I think I'm in love with you
I didn't know it at the time
I know what I wanna do
It's makin' me lose my mind, girl
I thought about thinkin' it through
And every time I do I find
I wanna make your dreams come true
I think I'm in love with you
I'm in love with you
I think I'm in love with you
I think I'm in love with you
I think I'm in love with you (Yeah)
I think I'm in love with you
I think I'm in love with you (Yeah)
I think I'm in love with youEmbed"
69,Alex Warren,10837241,Burning Down,https://genius.com/Alex-warren-burning-down-lyrics,"13 ContributorsTranslationsDeutschBurning Down Lyrics
I guess you never know
Someone you think you know
Can't see the knife when you're too close, too close
It scars forever when
Someone you called a friend
Shows you the truth can be so cold, so cold

I'd wipe the dirt off your name
With the shirt off my back
I thought that you'd do the same
But you didn't do that (Yeah)

Said I'm the one who's wanted
For all the fires you started
You knew the house was burning down
I had to get out
You led your saints and sinners
And fed 'em lies for dinnеr
You knew the house was burning down
And look at you now

(Ooh-ooh, ooh-ooh, ooh-ooh)
(Ooh-ooh, ooh-ooh, ooh) And look at you now
You might also like
How do you sleep at night?
No onе to hide behind
Betrayed every alibi you had, you had
You had every chance to make amends
Instead, you got drunk on bitterness
And you still claim that you're innocent, it's sad
That you

Said I'm the one who's wanted
For all the fires you started
You knew the house was burning down
I had to get out
You led your saints and sinners
And fed 'em lies for dinner
You knew the house was burning down
(And look at you now)

Used to tell me you'd pray for me
You were praying for my downfall
You were digging a grave for me
We were sharing the same four walls
Used to tell me you'd pray for me
You were praying for my downfall
You were digging a grave for me
We were sharing the same four walls
And you
Said I'm the one who's wanted
For all the fires you started
You knew the house was burning down
I had to get out
You led your saints and sinners
And fed 'em lies for dinner
You knew the house was burning down
(And look at you now)

Used to tell me you'd pray for me (Pray for me)
You were praying for my downfall (For my downfall)
You were digging a grave for me
We were sharing the same four walls
Used to tell me you'd pray for me
You were praying for my downfall
You were digging a grave for me
We were sharing the same four walls
And youEmbed"
70,21 Savage & Summer Walker,9934529,prove it,https://genius.com/21-savage-and-summer-walker-prove-it-lyrics,"47 Contributorsprove it Lyrics
You are the love—
You are the love of my life (Precious little baby)
I dedicate my love to you
You are my child, oh
My child (Yeah, woah)

I'm pourin' up Wocky in Greece
I came a long way from the east
She leavin' her cream on the sheets
My brother say he want a niece
When I'm with you, it's a safe space
Baby, you bringin' me peace
You know how it get in the streets
Ain't none of it shallow, it's deep
Yeah
I wanna cuddle for weeks
Your mama'nem think that you innocent
I know you turn into a freak
Don't really carе about your exes
Whatevеr it is, it could be
They playin', I'm makin 'em see
I know you swingin' them hoes like the D
I had to comb out the dreads
She fell in love with the braids
Gutter bitch, she cook and clean
And she'll load up the Ks
Your body got me in a daze
It don't matter the look, you get slayed
Her face card never decline
Man, fuck all that makeup, you fine
Better tell all them niggas you mine
She a dollar, way more than a dime
When I'm with you, I get nervous
It gotta be love, it's a sign
Yeah
I don't care where we goin', I'm ridin'
Fuck what you bring to the table
'Cause bae you the table, I'm eatin', let's dine (Oh-oh)
You might also like
You know you my baby, you know you my twin
If they disrespect me, then it's comin' to an end
If them niggas play with me, we know that you gon' sin
Baby, if only you knew
How much I do love you
How much I do trust you
I pray these hoes don't make me have to prove it

You need a nigga to mold you (I know)
You need a nigga to hold you (I do)
He a lil' boy and I told you
Why you keep lookin' for closure?
Hit Eliantte and froze her (Yeah, yeah)
Now you a bear, polar
Play with her cat, Doja (Oh)
Throw that shit back like you 'posed to
Trust me, I'm takin' it easy
I really wanna get neeky
You actin' shy, but you freaky (Oh)
I want a piece, no Reese (Oh)
She sayin', ""Bae, come meet me
At the salon, I'm on Peachtree""
She know I'm pullin' up BP (Oh yeah)
Ten Presidentials, no D.C. 
She love Louis and CC (Oh)
No 2K, I got VC
Grab on that ass when she greet me
I heard of your nigga, he sweet tea
You cuffed me, don't ever release me (No, baby)
Talk about me in your stories
Bae, sub-tweet me
You know you my baby, you know you my twin
If they disrespect me, then it's comin' to an end
If them niggas play with me, we know that you gon' sin
Baby, if only you knew
How much I do love you
How much I do trust you
I pray these hoes don't make me have to prove it

You are the love of my life
I dedicate
I dedicate it all to you2Embed"
71,Fuerza Regida,10679440,NEL,https://genius.com/Fuerza-regida-nel-lyrics,"5 ContributorsTranslationsEnglishNEL Lyrics

Hoy pensé en salir a buscarte, pero nel
Llamarte, pero nel
Otra noche, otro hotel
Palos van más de tre'
La loca ni sé quién es
La enamoró mi Cartier
Sí, bien rica, pero nel
Culoncita, pero nel

Colombianas, puras de diez, camarada
Chanel, Prada, mami, me prendes, me mamas
Si tú quieres, te pongo Jeepeta y casa
Pieles verdes, esta loquera me encanta

Baby, es que me perdí en tus ojos
Desde esa noche, mami, me tienes bien loco
Whiskey y tequila, y que no falte la de coco
Mami, yo te toco, quítame el antojo

Hoy pensé en salir a buscarte, pero nel
Llamarte, pero nel
Otra noche, otro hotel
Palos van más de tre'
La loca ni sé quién es
La enamoró mi Cartier
Sí, bien rica, pero nel
Culoncita, pero nel
See Fuerza Regida LiveGet tickets as low as $19You might also like
Tú mi muñequita aferrafter
Pa'l tusi una experta, una master
Preciosa, una alérgica al látex
Cómo lo bate, cómo lo bate (Duro)
Tú mi muñequita aferrafter
Pa'l tusi una experta, una master
Preciosa, una alérgica al látex
Cómo lo bate, cómo lo bate

Baby, es que me perdí en tus ojos
Desde esa noche, mami, me tienes bien loco
Whiskey y tequila, y que no falte la de coco
Mami, yo te toco, quítame el antojo

Tú mi muñequita aferrafter
Cómo lo bate, cómo lo bateEmbed"
72,Linkin Park,10842713,The Emptiness Machine,https://genius.com/Linkin-park-the-emptiness-machine-lyrics,"94 ContributorsTranslationsPortuguêsDeutschEspañolFrançaisPolskiItalianoРусскийУкраїнськаNorsk (bokmål / riksmål)MagyarThe Emptiness Machine Lyrics
Your blades are sharpened with precision
Flashing your favorite point of view
I know you're waiting in the distance
Just like you always do, just like you always do

Already pulling me in
Already under my skin
And I know exactly how this ends, I

Let you cut me open just to watch me bleed
Gave up who I am for who you wanted me to be
Don't know why I'm hopin' for what I won't receive
Fallin' for the promise of the emptiness machine
The emptiness machine

Goin' around like a revolver
It's been decided how we lose
'Cause there's a fire under the altar
I keep on lyin' to, I keep on lyin' to

Already pulling me in
Already under my skin
And I know exactly how this ends, I
See Linkin Park LiveGet tickets as low as $92You might also like
Let you cut me open just to watch me bleed
Gave up who I am for who you wanted me to be
Don't know why I'm hopin' for what I won't receive
Fallin' for the promise of the emptiness machine

I only wanted to be part of something
I only wanted to be part of, part of
I only wanted to be part of something
I only wanted to be part of, part of
I only wanted to be part of something
I only wanted to be part

I let you cut me open just to watch me bleed
Gave up who I am for who you wanted me to be
Don't know why I'm hopin', so fuckin' naive
Fallin' for the promise of the emptiness machine
The emptiness machine

(I only wanted to be part of something)
The emptiness machine, oh
(I only wanted to be part of)
The emptiness machine5Embed"
73,Future,10871307,TOO FAST,https://genius.com/Future-too-fast-lyrics,"43 ContributorsTranslationsFrançaisTOO FAST Lyrics
Yeah (Yeah), yeah, yeah, nigga
Oh, yeah, yeah
I don't even know, I just be gettin' out my body sometimes
It's just matchin' up to my aesthetics, but you know what I'm sayin'?
Motherfuckers don't even be appreciatin' this shit, but it's cool

Bought the Patek, I was movin' too fast
New G-Wagon, I was movin' too fast
Got the condo, I was movin' too fast (Goin' too fast)
Only sorry 'cause I was movin' too fast
So we said I knew it wasn't gon' last (Yeah)
Bought the Patek, I was movin' too fast (Yeah)
Richard Millie, I was movin' too fast (What's up)
And I knew it wouldn't last, yeah, yeah-yeah

Poppin' out, I swap 'em out like every other week (Pluto)
Cashin' out, sixty-three, should've got a lеase (Racks)
Goin' brazy on Rodeo, let hеr have a feast (Let her)
Her third day with me, I'm already tryna go to Greece (I'm crazy)
Treat her to Hermès, think she ain't fuckin' nobody (And a trick)
A quarter million in by the time I heard 'bout it (I ain't even know)
I say her name in a song, she gon' be too poppin'
Bro think I'm wrong, keepin' it too solid (Too solid)
I just bought another Kelly, I hope she really deserve it
Had a talk with all the friends, told me, ""Stop splurgin'""
Maybe you need to settle down, buy it for someone worth it
It's the one that woke up with me, she get new purses
Pull the coupe up and you know I got it from out the gutter
We go backdoor at Cha-ne-ne, treatin' her like I love her
All this unnecessary spendin', hidin' it from my mother
These bitches might try to get revenge, go and fuck my brother
Yeah
You might also like
New G-Wagon, I was movin' too fast (Too fast)
Got the condo, I was movin' too fast (Too fast)
Only sorry 'cause I was movin' too fast (It's why I'm sorry)
So we said I knew it wasn't gon' last (Yeah)
Bought the Patek, I was movin' too fast (AP)
Richard Millie, I was movin' too fast (What we see)
And I knew it wouldn't last, yeah

A dollar fifty, I'm spendin' racks on you too fast
Without even tryin', I spend a bag on you
Drivin' it fast, doin' the dash, without even tryin' to
No, I didn't birth you, but I designed you
I went AP without even tryin' to
We holdin' up traffic, bought out Design District
Had to get two trucks for all these bags that I'm pilin' in it
Feel like Bvlgari, get to wildin' in it
Get out my body, throw your Carti' with it
You love bracelets, got me lustin' over you
It's bad luck havin' niggas fuckin' on you
Imagine me doin' my bid when niggas end up nuttin' on you
Who put invisible princess cuts on you?
I'ma be lookin' bogus, got you ridin' with me
It's flawless baguette, I'm so ready to let it shine on you
Do anything, see my bitch go up
Covered in Pucci from the floor up
Let you run through these racks 'til you exhausted and throw up
Bought the Patek, I was movin' too fast (Yeah)
New G-Wagon, I was movin' too fast (Too fast)
Got the condo, I was movin' too fast (Too fast)
Only sorry 'cause I was movin' too fast (It's why I'm sorry)
So we said I knew it wasn't gon' last (Yeah)
Bought the Patek, I was movin' too fast (AP)
Richard Millie, I was movin' too fast (What we see)
And I knew it wouldn't last, yeah, yeah-yeah

Baby girl said I move too fast
Like my man said I move too fast
Get out my body and I move too fast
New G-Wagon, I was movin' too fast (Too fast)
Got the condo, I was movin' too fast (Too fast)
Only sorry 'cause I was movin' too fast
So we said—Embed"
74,Chris Brown,10145657,Residuals,https://genius.com/Chris-brown-residuals-lyrics,"22 ContributorsResiduals Lyrics
Don't know when my nights became so complicated
Can’t recall my mornings ever being this faded
Maybe this is karma, definition of jaded, oh
This stays on my mind, this stays on my mind
Tryna put a muzzle on my crazy feelings
One minute I'm cool and then the next, I'm tripping, no
With somebody new, I swear she don’t deserve this
Wasted on my mind, she still on my mind

Do we build it up, build it up
Just to let it wash away?
Tell me did I lace you up, lace you up
Just to watch you run away?

Please tell me who
Who's getting all my love? (Love)
Who's getting all my love?
Tell me who
Who's getting all my time?
All of that used to be mine, oh
Who did you teach what I taught ya? (Oh)
Better not give him my nickname
I don't like thinking about it
I swear that it's wearing me down, no
But tell me who
Who's getting all of my?
Who's getting all of my residuals?
See Chris Brown LiveGet tickets as low as $57You might also like
(Who)
Who’s getting all of my?
Who’s getting all of my residuals?
(Who)
Who's getting all of my?
Who’s getting all of my residuals?

Made it clear you didn't wanna see the sequel
I was lying when I said the feeling's mutual, oh
It took some time to realize that we're different people
And love is blind, I see love is blind

Do we build it up, build it up
Just to let it wash away?
And tell me did I lace you up, lace you up
Just to watch you run away?

Please tell me who
Who’s getting all my love? (Who's getting? Love)
Who's getting all my love? (My love)
And tell me who
Who's getting all my time? (My time, no)
All of that used to be mine, oh (Believe it)
Who did you teach what I taught ya? (Oh)
Better not give him my nickname
I don't like thinking about it
I swear that it's wearing me down, no
But tell me who (So tell me who, yeah)
Who's getting all of my? (My)
Who's getting all of my (Oh) residuals?
(Who)
(Who)Embed"
75,Chappell Roan,8309433,Casual,https://genius.com/Chappell-roan-casual-lyrics,"57 ContributorsTranslationsEspañolFrançaisDeutschTürkçeCatalàPortuguêsItalianoCasual Lyrics
My friends call me a loser
'Cause I'm still hanging around
I've heard so many rumors
That I'm just a girl that you bang on your couch
I thought you thought of me better
Someone you couldn't lose
You said, ""We're not together""
So now when we kiss, I have anger issues

You said, ""Baby, no attachment""
But we're

Knee-deep in the passenger seat and you're eating me out
Is it casual now?
Two weeks and your mom invites me to her house in Long Beach
Is it casual now?
I know what you tell your friends
It's casual, if it's casual now
Then baby, get me off again
If it's casual, it's casual now

Dumb love, I love being stupid
Dream of us in a year
Maybe we'd have an apartment
And you'd show me off to your friends at the pier
You might also like
I know, ""Baby, no attachment""
But we're

Knee-deep in the passenger seat and you're eating me out
Is it casual now?
Two weeks and your mom invites me to her house in Long Beach
Is it casual now?
I know what you tell your friends
It's casual, if it's casual now
Then baby, get me off again
If it's casual, oh, oh, oh

It's hard being casual
When my favorite bra lives in your dresser
And it's hard being casual
When I'm on the phone talking down your sister
And I try to be the chill girl that
Holds her tongue and gives you space
I try to be the chill girl but
Honestly, I'm not

Knee-deep in the passenger seat and you're eating me out
Two weeks and your mom invites me to her Long Beach house
I know what you tell your friends
Baby, get me off again
I fucked you in the bathroom when we went to dinner
Your parents at the table, you wonder why I'm bitter
Bragging to your friends I get off when you hit it
I hate to tell the truth, but I'm sorry, dude, you didn't
I hate that I let this drag on so long, now I hate myself
I hate that I let this drag on so long, you can go to hell7Embed"
76,Tito Double P,10772990,EL LOKERÓN,https://genius.com/Tito-double-p-el-lokeron-lyrics,"6 ContributorsTranslationsEnglishEL LOKERÓN Lyrics

Con la gorrita de lado, los ojos tumbados y cargo un placón
Loco cabrón, así me dicen que soy
Los plebes andan ondeados, si bajan los vidrios, un humaderón
Sale el olor a pura flor
Tengo llamadas perdidas, mi morra ya varias veces me marcó
Quiere que ya me regrese pa'l cantón
Y que la dé por perdida, no hay pedo, aquí tengo a su amiga a un lado
Y lo mueve mucho mejor, mucho mejor

No te tengo aquí, a mi lado, pero me la paso chingón
Van cuatro días enfiestado, encerrado, traigo un loquerón
Un loquerón, no es por amor el loquerón

Tito Double P
El loquerón, mi pa
Ay, mamá

Pata a fondo, acelerado, bien adiamantado traigo el Rolexón
Y atrás de mí viene un convoy (Convoy)
Los plebes andan ondeados, las puntas por fuera, se ve el blindadón
Y en el depa un reventón
Ya empezó y pónganse pilas, que las bandidas llegarán en calor
Y ahí vienen dos pa' Miguelón
No se me duerma, plebada, que ahí vienen morritas de medio millón
En el TikTok, de lo mejor, de lo mejor
You might also like
No te tengo aquí, a mi lado, pero me la paso chingón
Van cuatro días enfiestado, encerrado, traigo un loquerón
Un loquerón, no es por amor el loquerón
Embed"
77,Mark Ambor,10065271,Belong Together,https://genius.com/Mark-ambor-belong-together-lyrics,"13 ContributorsTranslationsEspañolDeutschNorsk (bokmål / riksmål)Belong Together Lyrics
I know sleep is friends with death
But maybe I should get some rest
'Cause I've been out here workin' all damn day
Blueberries and butterflies
The pretty things that greet my eyes
When you call and I say, ""I'm on my way""
(One, two!)

You and me belong together
Like cold iced tea and warmer weather
Where we lay out late underneath the pines
And we still have fun when thе sun won't shine
You and me belong togеther all the time

(Mm, mm, mm)
(Oh, woah, oh)

Spillin' wine and homemade drinks
We throw a cheers, the worries sink
Damnit, it's so good to be alive
We know that we don't got much
But, then again, it's just enough
To always find a way for a good time
You might also like
You and me belong together
Like cold iced tea and warmer weather
Where we lay out late underneath the pines
And we still have fun when the sun won't shine
You and me belong together

This love is all we need
Oh, we've got so much
You and me, oh

You and me belong together
Like cold iced tea and warmer weather
Where we lay out late underneath the pines
And we still have fun when the sun won't shine
You and me belong together all the time

It goes on and on and on (Hey)
It goes on and on and on (Ha-ha-ha)
It goes on and on and on (Woo)Embed"
78,Future,10894198,PLUTOSKI,https://genius.com/Future-plutoski-lyrics,"99 ContributorsTranslationsРусскийFrançaisPLUTOSKI Lyrics
Woah
Yeah, yeah
I don't even know what she is
I just took care of the bill
We not no regular niggas
These not the regular pointers
Stunt this and I'm just gon' show it
Thousand one grams on a chain
I'm gettin' my currency changed
Goin' out the country, street nigga, we gangsters
Shit you can get bein' famous
Can't hang with a nigga false claimin'
They just be tryna talk like us, yeah
Bitch don't know what clarity is
I've been runnin' shit for more than a few years, yeah (Plutoski)

Chop off the doors again (Ski)
Chop all the doors off the hinges (Plutoski)
Whip up the bowl again (Ski)
Trappin' out loads (Plutoski)
Sippin' on dope again (Ski)
I'm back in that mode (Plutoski)
Told all the dogs, ""Work the other one"" (Ski)
We got another one (Plutoski)
Filipino or Korean
I don't even know even know what she is
I just been taggin' 'em in
Ridin' with Satan again (Plutoski)
I throw the magazine in
Streets turn a boy to a man
We goin' dark, it's nasty
Use the lil' blogs to gas me
You might also like
Yeah, uh, oh, yeah
Trappin' out the trap, oh, yeah (Yeah, yeah)
I'm flippin' out the strap, oh, yeah (For the syrup)
I'm flippin' the— oh, yeah
I'm thuggin' the thug, oh, yeah
I'm thuggin' again, oh, yeah
I'm blessin', I'm bless, oh, yeah, yeah, yeah
I'm flippin', I'm flippin', oh, yeah, yeah, yeah
Yeah
Uh, oh, yeah
Trappin' out the trap, oh, yeah
I'm flippin' out the strap, oh, yeah
I'm flippin' the— oh, yeah
I'm thuggin' the thug, oh, yeah
I'm thuggin' again, oh, yeah
I'm blessin', I'm bless, oh, yeah, yeah, yeah
I'm flippin', I'm flippin', oh, yeah, yeah, yeah
Yeah

Rappin' and robbin' again
Streets turned a boy to a millionaire, drinkin' on lean again
I don't even know what she is
Filipino or Korean
Send out the lo' and I'm pullin' up, I got it on me again
Six in the mornin' again
Hoggin' the road in the Benz
I'm on my way to the tail
She tanglin' up with her friend
I'm tanglin' up with 'em too
I'm doin' what a rich nigga do
I throw a party inside my crib
I'm throwin' a Ferrari inside my ears
Yeah, uh, oh, yeah
Trappin' out the trap, oh, yeah (Yeah, yeah)
I'm flippin' out the strap, oh, yeah (For the syrup)
I'm flippin' the— oh, yeah
I'm thuggin' the thug, oh, yeah
I'm thuggin' again, oh, yeah
I'm blessin', I'm bless, oh, yeah, yeah, yeah
I'm flippin', I'm flippin', oh, yeah, yeah, yeah
Yeah
Uh, oh, yeah
Trappin' out the trap, oh, yeah
I'm flippin' out the strap, oh, yeah
I'm flippin' the— oh, yeah
I'm thuggin' the thug, oh, yeah
I'm thuggin' again, oh, yeah
I'm blessin', I'm bless, oh, yeah, yeah, yeah
I'm flippin', I'm flippin', oh, yeah, yeah, yeah
Yeah4Embed"
79,Billie Eilish,10257605,CHIHIRO,https://genius.com/Billie-eilish-chihiro-lyrics,"115 ContributorsTranslationsPortuguêsالعربيةHebrewEspañolTürkçeItalianoPolskiDeutschΕλληνικά日本語Bahasa IndonesiaFrançaisРусскийУкраїнськаNorsk (bokmål / riksmål)فارسیCHIHIRO Lyrics
To take my love away
When I come back around, will I know what to say?
Said you won't forget my name
Not today, not tomorrow
Kinda strange, feelin' sorrow
I got change (Yup), you could borrow (Borrow)
When I come back around, will I know what to say?
Not today, maybe tomorrow

Open up the door, can you open up the door?
I know you said before you can't cope with any more
You told me it was war, said you'd show me what's in store
I hope it's not for sure, can you open up the door?

Did you take
My love away
From me? Me
Me

Saw your seat at the counter when I looked away
Saw you turn around, but it wasn't your face
Said, ""I need to be alone now, I'm takin' a break""
How come when I rеturned, you were gonе away?
See Billie Eilish LiveGet tickets as low as $135You might also like
I don't, I don't know why I called
I don't know you at all
I don't know you
Not at all
I don't, I don't know why I called
I don't know you at all
I don't know you

Did you take
My love away
From me? Me

And that's when you found me

I was waitin' in the garden
Contemplatin', beg your pardon
But there's a part of me that recognizes you
Do you feel it too?
When you told me it was serious
Were you serious? Mm
They told me they were only curious
Now it's serious, mm
Open up the door, can you open up the door?
I know you said before you can't cope with any more
You told me it was war, said you'd show me what's in store
I hope it's not for sure, can you open up the door?

Wringing my hands in my lap
And they tell me it's all been a trap
And you don't know if you'll make it back
I said, ""No, don't say that""

(Wringing my hands in my lap)
(And you tell me it's all been a trap)
(And you don't know if you'll make it back)
(But I said, ""No, don't say that"")
(Wringing my hands in my lap)
(Tell me it's all been a trap)
(Don't know if you'll make it back)
(Don't say that)
Hm-hm9Embed"
80,The Marías,8228562,No One Noticed,https://genius.com/The-marias-no-one-noticed-lyrics,"31 ContributorsTranslationsTürkçeEspañolNo One Noticed Lyrics
Maybe I
Lost my mind
No one noticed
No one noticed

It's getting old (I'd kinda like it if you'd call me)
All alone ('Cause I'm so over bein' lonely)
May have lost it (I need a virtual connection)
I have lost it (Be my video obsession)

No one tried
To read my eyes
No one but you
Wish it weren't true
Maybe I (I'd kinda like it if you'd call me)
It's not right ('Cause I'm so over bein' lonely)
Make you mine (I need a virtual connection)
Take our time (Be my video obsеssion)

Come on, don't leave mе, it can't be that easy, babe
If you believe me, I guess I'll get on a plane
Fly to your city excited to see your face
Hold me, console me, and then I'll leave without a trace
Come on, don't leave me, it can't be that easy, babe
If you believe me, I guess I'll get on a plane
Fly to your city excited to see your face
Hold me, console me, then I'll leave without a trace
Come on, don't leave me, it can't be that easy, babe
If you believe me, I guess I'll get on a plane
Fly to your city excited to see your face
Hold me, console me, and then I'll leave without a trace (Maybe I)
Come on, don't leave me, it can't be that easy, babe (It's not right)
If you believe me, I guess I'll get on a plane (Make you mine)
Fly to your city excited to see your face (Take our time)
Hold me, console me and then I'll leave without a trace
You might also like
I'd kinda like it if you'd call me (It's not right)
'Cause I'm so over bein' lonely (Make you mine)
I need a virtual connection (Take our time)
Be my video obsession3Embed"
81,Future,10894186,TEFLON DON,https://genius.com/Future-teflon-don-lyrics,"42 ContributorsTranslationsEspañolFrançaisTEFLON DON Lyrics
Yeah, yeah, yeah
Yeah, yeah, yeah, yeah
Beat the first case like John Gotti, woah
Beat the first case like

Beat the first case like John Gotti
Anything you want, my dogs got
Bitch, I'm a boss, I call shot
Spread a few bands at the raw spot (Boy, you been)

Got the rock poppin' at the hotel
Ready, run a play for a whole bail (How you get—)
'Fore it hit the plate, make the house smell
Throwin' up trays and Margiela
Once I'm in the chain, need an Advil (Freebandz, nigga)
Motion on motion, that's how I feel
Came from the field, I'ma crash first (Fuck all the opps)
Makе your mama cry, gotta hit her where it hurts (Grrt, grrt)
Thеy come from my side, they gon' shoot up the church
From nine to five, got nine goin' bezerk (Ayy, say gang)
I'm goin' on a mission, I'm stayin' alert
I'm the man on the streets, chop the top off the vert (Plutoski)
Bitch, you feelin' me? Bitch, I'm feelin' me too, got the energy
Turn a ho on a stroll out in Tennessee
I control all the motion, it been beneath
Really crunk up the shit, talkin' V-nee-nee
All my bitches be turnt, that Cha-nee-nee
I got stripes on the turf, ain't no kiddin' me
Got my ice on the dirt, is you shittin' me?
Got the load on the boat, dropped the pin in it
Hit the nitro, the motor, I'm pushin' it (Freebandz)
I don't want a recorder, two hundred me
I'm on top of this shit, killers under me
Might just fuck up the money on a tragedy
You put bread on a dummy for threatenin' me (Murk)
Put that tape on a drummy and press delete
He was drivin', his brain was sittin' on the seat
I fly dope out the country to Treasure Tree (Woo)
I been flyer than a pilot, I got the key
Fuck it, put them narcotics back on the street
Run the block, we gon' snatch you a Cuban link (Ski)
Tote two Dracos on me 'cause the trench in me (Ski)
Hear my chains when they clank 'cause I'm turnin' up (Freebandz)
See the money you get, I be burnin' up
That's a forty on the fit, I put on the stuff (Slatt)
I went out and went got it when time was tough (Slatt)
I whooped up a Bugatti, this one for Chuck
Free my brothers forever, it's only us
Ain't no love for the others, we set 'em up
Grrt, grrt, ski
You might also like
Plutoski, yeah, yeah, yeah
Yeah, yeah, yeah, yeah
Beat the first case like John Gotti, woah
Beat the first case like

Beat the first case like John Gotti
Anything you want, my dogs got
Bitch, I'm a boss, I call shot
Spread a few bands at the raw spot (MIXTAPE PLUTO)

Yeah, yeah, ski
Yeah, yeah, ski
Ski
MIXTAPE PLUTO5Embed"
82,Charli xcx,9503796,Apple,https://genius.com/Charli-xcx-apple-lyrics,"99 ContributorsTranslationsPolskiTürkçeEspañolHebrewРусскийItalianoFrançaisPortuguêsΕλληνικάDeutschApple Lyrics
I guess the apple don't fall far from the tree
'Cause I've been looking at you so long
Now I only see me
I wanna throw the apple into the sky
Feels like you never understand me
So I just wanna drive
To the airport, the airport
The airport, the airport

I guess the apple could turn yellow or green
I know there's lots of different nuances
To you and to me
I wanna grow the apple, keep all the seeds
But I can't help but get so angry
You don't listen, I leave
To the airport, the airport
The airport, the airport
The airport, the airport
The airport, the airport

(Yeah, yeah)
I'm gonna drive, gonna drive all night
I'm gonna drive, gonna drive all night
See Charli xcx LiveGet tickets as low as $70You might also like
I think the apple's rotten right to the core
From all the things passed down
From all the apples coming before
I split the apple down symmetrical lines
And what I find is kinda scary
Makes me just wanna drive
(Drive, drive, drive, dr-dr-dr-drive, drive, drive)
(I'm gonna drive, gonna drive all night)
(I'm gonna drive, gonna drive all night)
(Drive, drive, drive, dr-dr-dr-drive, drive)

I wanna know where you go
When you're feeling alone
When you're feeling alone, do you?
I wanna know where you go
When you're feeling alone
When you're feeling alone, do you?
(Do you, do you, do you, do you)
(Do you, do you, do you, do you)
(Do you, do you, do you, do you)
(Do you, do you, do you, do you)
(Do you, do you, do you, do you)
(Do you, do you, do you, do you)
(Do you, do you, do you, do you)
(Do you, do you, do you, do you)
(Do you, do you)7Embed"
83,KSI,10826052,Thick Of It,https://genius.com/Ksi-thick-of-it-lyrics,"233 ContributorsTranslationsРусскийDeutschPortuguêsEspañolTürkçeThick Of It Lyrics
I'm in the thick of it, everybody knows
They know me where it snows, I skied in and they froze
I don't know no nothin' 'bout no ice, I'm just cold
Forty somethin' milli' subs or so, I've been told

I'm in my prime, and this ain't even final form
They knocked me down, but still, my feet, they find the floor
I went from living rooms straight out to sold-out tours
Life's a fight, but trust, I'm ready for the war

Woah-oh-oh
This is how the story goes
Woah-oh-oh
I guess this is how the story goes

I'm in the thick of it, everybody knows
They know me where it snows, I skied in and they froze
I don't know no nothin' 'bout no ice, I'm just cold
Forty somethin' milli' subs or so, I'vе been told

From the screen to the ring, to the pеn, to the king
Where's my crown? That's my bling, always drama when I ring
See, I believe that if I see it in my heart
Smash through the ceiling 'cause I'm reaching for the stars
You might also like
Woah-oh-oh
This is how the story goes
Woah-oh-oh
I guess this is how the story goes

I'm in the thick of it, everybody knows
They know me where it snows, I skied in and they froze (Woo)
I don't know no nothin' 'bout no ice, I'm just cold
Forty somethin' milli' subs or so, I've been told

Highway to heaven, I'm just cruisin' by my lone'
They cast me out, left me for dead, them people cold
My faith in God, mind in the sun, I'm 'bout to sow (Yeah)
My life is hard, I took the wheel, I cracked the code (Yeah-yeah, woah-oh-oh)
Ain't nobody gon' save you, man, this life will break you (Yeah, woah-oh-oh)
In the thick of it, this is how the story goes

I'm in the thick of it, everybody knows
They know me where it snows, I skied in and they froze (Woo)
I don't know no nothin' 'bout no ice, I'm just cold
Forty somethin' milli' subs or so, I've been told
I'm in the thick of it, everybody knows (Everybody knows)
They know me where it snows, I skied in and they froze (Yeah)
I don't know no nothin' 'bout no ice, I'm just cold
Forty somethin' milli' subs or so, I've been told (Ooh-ooh)
Woah-oh-oh (Nah-nah-nah-nah, ayy, ayy)
This is how the story goes (Nah, nah)
Woah-oh-oh
I guess this is how the story goes10Embed"
84,GloRilla,10801794,HOLLON,https://genius.com/Glorilla-hollon-lyrics,"21 ContributorsHOLLON Lyrics
Ayy, hol' on, ho, hol' on, hol' on, hol' on, ho
Ayy, hol' on, ho, hol' on, hol' on, hol' on, ho
Ayy, hol' on, ho, hol' on, hol' on, hol' on, ho
Ayy, hol' on, ho, hol' on, hol' on, hol' on, ho

Ho, you must not know what you just started (Fuck)
Me and my bitches go gnarly
Give a fuck about this party
We gon' step on shit regardless (Stamp that)
Get my goons, swipe that bitch, and now dispute the charges (On gang)
Makin' music, beatin' on bitches, I be really marchin' (Woo)
I got hands for a ho, I get bands for a show
He want chance after chance, after chance, nigga, no (Uh-uh)
I keep sayin', ""Free Lil Four""
Do my dance on them folks
If it's up, it's goin' down soon as I land on them folks

Ayy, hol' on, ho, hol' on, hol' on, hol' on, ho
Ayy, hol' on, ho, hol' on, hol' on, hol' on, ho
Ayy, hol' on, ho, hol' on, hol' on, hol' on, ho
Ayy, hol' on, ho, hol' on, hol' on, hol' on, ho

I-I-I-I do what I want, I'm pressure (Pressure)
Don't follow the rules, I'm rebel (No)
I stand out, bitch, I'm special (Ayy)
I'm a stand up bitch like Kevin (On God)
You a bum-ass bitch, you messy (Messy)
Don't start with me, bitch, I'm petty (Ho)
Linе any bitch up, I'm ready
I don't pick and choose, it's up with whoevеr
All my, all my diamonds cert' (Ice)
And all these members certi' too
Smilin' at my nigga? Ho
Knock out all your thirty-two (Bum-ass)
C8 doors open up for me
Hear the engine vroom (Vroom)
Switch to sport
I got somewhere to be, lil' baby, I'm important (On gang)
You might also like
Ayy, hol' on, ho, hol' on, hol' on, hol' on, ho
Ayy, hol' on, ho, hol' on, hol' on, hol' on, ho
Ayy, hol' on, ho, hol' on, hol' on, hol' on, ho
Ayy, hol' on, ho, hol' on, hol' on, hol' on, ho

Glock .19, it came with a drum, yeah, that's my favorite gun (Bop)
Asked if he my only nigga, I said, ""No, but you my favorite one"" (Nah, for real)
Yeah, rare-ass bitch, nigga, I'm one of one (Fuck you mean?)
Nah, I can't make you mines, but I can make you cum
Freak up in the sheets, in them streets, baby, I'm a thug
I just threw ten-thousand-somethin' ones in this fuckin' club (Huh, hoo)
I'm poppin' it so hard 'cause I ain't used to shit (I ain't used to shit)
These niggas ain't got no type, they want a stupid bitch (On gang)

Ayy, hol' on, ho, hol' on, hol' on, hol' on, ho
Ayy, hol' on, ho, hol' on, hol' on, hol' on, ho
Ayy, hol' on, ho, hol' on, hol' on, hol' on, ho
Ayy, hol' on, ho, hol' on, hol' on, hol' on, ho1Embed"
85,Jelly Roll,10469769,Liar,https://genius.com/Jelly-roll-liar-lyrics,"8 ContributorsTranslationsУкраїнськаLiar Lyrics
I, I let you drive around my mind
I can't count the times you made me feel like I'm nothin'
Played me like a fool, like a fool

Saying, ""Drink another whiskey
Pop another pill
Money makes you happy
Heaven isn't real
You won't find nobody to love
Because your heart's too broke""
Now I know

You ain't nothin' but a liar
Yeah, I walk right out the fire
Yeah, you try to keep me down
Try to put me underground
But I'm only going higher
I can hear you in my head
In my bed when I'm dreaming
You try to be my friend
But you're blowing smoke
Oh, and now, I ain't scared of
Tellin' you where you can go
'Cause I know
You're nothing but a liar
See Jelly Roll LiveGet tickets as low as $40You might also like
You burned me one too many times
Like a devil in disguise, hiding your true colors
Just leave me alone
Keep leading me on

Saying, ""Drink another whiskey
Pop another pill
Money makes you happy
Heaven isn't real
You won't find nobody to love
Because your heart's too broke""
Now I know

You ain't nothin' but a liar
Yeah, I walk right out the fire
Yeah, you try to keep me down
Try to put me underground
But I'm only going higher
I can hear you in my head
In my bed when I'm dreaming
You try to be my friend
But you're blowing smoke
Oh, and now, I ain't scared of
Tellin' you where you can go
'Cause I know
You're nothing but a liar
If I was doin' what you do
Then you would swear I poisoned you

You're nothing but a liar (Liar)
Yeah, I walk right out the fire (Fire)
Yeah, you try to keep me down
Try to put me underground
But I'm only going higher
I can hear you in my head
In my bed when I'm dreaming
You try to be my friend
But you're blowing smoke
Oh, and now, I ain't scared of
Tellin' you where you can go
'Cause I know
You're nothing but a liarEmbed"
86,"Coldplay, Little Simz, Burna Boy, Elyanna & TINI",10915227,WE PRAY,https://genius.com/Coldplay-little-simz-burna-boy-elyanna-and-tini-we-pray-lyrics,"11 ContributorsTranslationsDanskItalianoWE PRAY Lyrics
Woah
Oh
And so we pray
Ooh

I pray that I don't give up, pray that I do my best
Pray that I can lift up, pray my brother is blessed
Praying for enough, pray Virgilio wins
Pray I judge nobody and forgive me my sins
I pray we make it, pray my friend will pull through
Pray as I take it unto others, I do
Praying on your love, we pray with every breath
Though I'm in the valley of the shadow of death

And so we pray
For someone to come and show me the way
And so we pray
For some shelter and some records to play
And so we pray
We'll be singing ""Baraye""
Pray that we make it to thе end of the day
And so we pray
I know somеwhere that Heaven is waitin'
And so we pray
I know somewhere there's something amazin'
And so we pray
I know somewhere we'll feel no pain
Until we make it to the end of the day
You might also like
I pray that love will shelter us from our fears
Oh, I pray you trust to let me wipe off your tears
Confront all the pain that we felt inside
With all the cards we been dealt in life
Pray I speak my truth and keep my sisters alive
So for the ones who parted seas (Ah, yeah)
For the ones who's followin' dreams (Ah, yeah)
For the ones who knocked down doors (Ah, yeah)
And allowed us to pass down keys (Ah, yeah)
Pray that we speak with a tongue that is honest
And that we understand how to be modest
Pray when she looks at herself in the mirror
She sees a queen, she sees a goddess

And so we pray
For someone to come and show me the way
And so we pray
For some shelter and some records to play
And so we pray
We'll be singin' ""Baraye""
Pray that we make it to the end of the day
And so we pray
I know somewhere that Heaven is waitin'
And so we pray
I know somewhere there's something amazin'
And so we pray
I know somewhere we'll feel no pain
Until we make it to the end of the day
On my knees, I pray, as I sleep and wake
'Cause inside my head is a frightening place
Keep a smiling face, only by His grace
'Cause love's more than I can take, hey

And so we pray
And so we pray
And so we pray
And so we pray
And so we pray
We'll be singin' ""Baraye""
Till nobody's in need and everybody can say (Oh)

La-la-la, la-la, la-la (La-la)
La-la-la, la-la, la-la (La-la-la, la)
La-la-la, la-la, la-la (Sing it to me)
La-la-la, la-la, we pray, we pray
La-la-la, la-la, la-la (I know somewhere that Heaven is waitin', is waitin')
La-la-la, la-la, la-la (I know somewhere there's something amazin', something amazin')
La-la-la, la-la, la-la (Until we feel no pain)
La-la-la, la-la, we pray, we pray

La-la-la, la-la, la-la
La-la-la, la-la, la-la
La-la-la, la-la, la-la
La-la-la, la-la, we pray, we pray, we pray1Embed"
87,Nate Smith,10795657,Fix What You Didn’t Break,https://genius.com/Nate-smith-fix-what-you-didnt-break-lyrics,"3 ContributorsFix What You Didn’t Break Lyrics
I was a ten-year train wreck
With a last-call longneck
I was searchin', I'd been hurt real bad
Movin' on, gettin' sidetracked
One step forward and five back
Not your fault, I was scared to fall

And I don't know why
Why you saw somethin' in me, baby
Girl, but you saw right through
All the pain, and you came and saved me

Yeah, I know you didn't leave me lonely
Weren't the one that put the heartbreak on me
Picked up the pieces
It wasn't the mess that you made
Could've left me just the way you found me
But you came and put your wings around me
Girl, you went out of your way
To fix what you didn't break

You were the star in the pitch black
Shine the way on the way back
Out of nowhere, answered all my prayers
Picked up the towel that I threw in
Took in a heart that was ruined
Showed me the past ain't a tattoo
Loved me, even when you didn't have to
See Nate Smith LiveGet tickets as low as $13You might also like
Yeah, I know you didn't leave me lonely
Weren't the one that put the heartbreak on me
Picked up the pieces
It wasn't the mess that you made
Could've left me just the way you found me
But you came and put your wings around me
Girl, you went out of your way
To fix what you didn't break
To fix what you didn't break

And I don't know why
Why you saw somethin' in me, baby
Girl, but you saw right through
All the pain, and you came and saved me

Yeah, I know you didn't leave me lonely
Weren't the one that put the heartbreak on me
Picked up the pieces
It wasn't the mess that you made
Could've left me just the way you found me
But you came and put your wings around me
Girl, you went out of your way
To fix what you didn't break
To fix what you didn't breakEmbed"
88,Sabrina Carpenter,10628616,Coincidence,https://genius.com/Sabrina-carpenter-coincidence-lyrics,"41 ContributorsTranslationsEspañolPortuguêsСрпскиTiếng ViệtPolskiFrançaisCatalàTürkçeБеларускаяУкраїнськаРусскийΕλληνικάItalianoМакедонскиDeutschCoincidence Lyrics
(One, two, a-one, two, three, woo)

The second I put my head on your chest
She knew, she's got a real sixth sense
Now her name comes up once, then it comes up twice
And without her even bein' here, she's back in your life
Now she's in the same damn city on the same damn night

And you've lost all your common sense
What a coincidence

Oh, na-na, na-na-na-na
Oh, na-na, na-na-na-na

Last week, you didn't have any doubts
This week, you're holdin' space for her tongue in your mouth
Now shе's sendin' you some pictures wеarin' less and less
Tryna turn the past into the present tense, huh
Suckin' up to all of your mutual friends

And you've lost all your common sense (You've lost all your common sense)
The way you told me the truth, minus seven percent (Uh, minus seven percent)
What a coincidence, uh
See Sabrina Carpenter LiveGet tickets as low as $105You might also like
Oh, na-na, na-na-na-na
Oh, na-na, na-na-na-na
Na-na-na-na, na-na-na-na
Na-na-na-na, na-na-na-na

What a surprise, your phone just died
Your car drove itself from L.A. to her thighs
Palm Springs looks nice, but who's by your side?
Damn it, she looks kinda like the girl you outgrew
Least that's what you said (That's what you said)

What a coincidence
Oh  wow, you just broke up again
What a coincidence

Oh, na-na, na-na-na-na (Coincidence)
Oh, na-na, na-na-na-na (Coincidence)
Na-na-na-na, na-na-na-na (Coincidence)
Na-na-na-na, na-na-na-na (Coincidence)5Embed"
89,Gracie Abrams,3785365,Close To You,https://genius.com/Gracie-abrams-close-to-you-lyrics,"50 ContributorsTranslationsDeutschEspañolPortuguêsTürkçePolskiClose To You Lyrics
(Close to you)
(Close to you)

I don't got a single problem with provocative
See the bodies, how they burn, it's just the way it is
Smoky, dark, crowded room, I need nothing
Under pink light in June (Ahh)
I was so cool, but then, all of a sudden
You saw me look at you

I burn for you
And you don't even know my name
If you asked me to
I'd give up everything

To be close to you
Pull the trigger on the gun I gave you when we met
I wanna be close to you
Break my heart and start a fire, you got me overnight
Just let me be

Close to you, close to you, close to you
(Just let me be) Oh, close to you, close to you, close to you
See Gracie Abrams LiveGet tickets as low as $76You might also like
And now your mouth is moving, cinematic timing
You pull me in and touch my neck, and now I'm dying
You should be mine for life, I'll be signing
Every dotted line (Ahh)
Chemical override, ultraviolet
You could be mine tonight

And I burn for you
And you don't even know my name
If you asked me to
I'd give you everything

To be close to you
Pull the trigger on the gun I gave you when we met
I wanna be close to you
Break my heart and start a fire, you got me overnight
Just let me be

Close to you, close to you, close to you
(Just let me be) Oh, close to you, close to you, close to you

I burn for you
Mm
To be close to you
Pull the trigger on the gun I gave you when we met
I wanna be close to you
Break my heart and start a fire, you got me overnight
Just let me be

Close to you (To you), close to you (To you)
Close to you (To you, just let me be close)
Oh, close to you (Ooh), close to you (To you)
Close to you (Just let me be)
Oh, close to you (Ahh), close to you (Ahh)
Close to you (Just let me be)

Oh, close to you, close to you
Close to you6Embed"
90,Sabrina Carpenter,10628615,Sharpest Tool,https://genius.com/Sabrina-carpenter-sharpest-tool-lyrics,"59 ContributorsTranslationsTiếng ViệtPolskiEspañolСрпскиPortuguêsCatalàTürkçeБеларускаяУкраїнськаРусскийΕλληνικάFrançaisItalianoМакедонскиDeutschSharpest Tool Lyrics
I know you're not
The sharpest tool in the shed
We had sex, I met your best friends
Then a bird flies by and you forget
I don't hear a word
'Til your guilt creeps in
On a Tuesday, send a soft ""hey""
As if you really don't recall the time

We were goin' right, then you took a left
Left me with a lot of shit to second-guess
Guess I'll waste another year on wonderin' if
If that was casual, then I'm an idiot
I'm lookin' for an answer in-between the lines
Lyin' to yourself if you think we'rе fine
You're confused and I'm upsеt, but

We never talk about it
We never talk about it
We never talk about it

All the silence just makes it worse, really
'Cause it leaves you so top-of-mind for me
All the silence is just your strategy
'Cause it leaves you so top-of-mind for me
See Sabrina Carpenter LiveGet tickets as low as $105You might also like
We never talk about how you
Found God at your ex's house, always
Made sure that the phone was face-down
Seems like overnight, I'm just the bitch you hate now
We never talk it through
How you guilt-tripped me to open up to you
Then you logged out, leavin' me dumbfounded, oh-oh

We were goin' right, then you took a left
Left me with a lot of shit to second-guess
Guess I'll waste another year on wonderin' if
If that was casual, then I'm an idiot
I'm lookin' for an answer in-between the lines
Lyin' to yourself if you think we're fine
You're confused and I'm upset, but

We never talk about it (We don't talk about it, we don't talk about it)
We never talk about it (We don't talk about it, talk, talk, talk about it)
We never talk about it (We don't talk about it, we don't talk about it)
(We don't talk about it, we don't talk about it)

We never talk about how you
Found God at your ex's house, always
Made sure that the phone was face-down
Seems like overnight, I'm just the bitch you hate now
We never talk it through
How you guilt-tripped me to open up to you
Then you logged out, leavin' me dumbfounded, oh-oh
We don't talk about it, we don't talk about it (We never talk about it)
We don't talk about it, talk, talk, talk about it (We never talk about it)
We don't talk about it, we don't talk about it (We never talk about it)
We don't talk about it, we don't talk about it5Embed"
91,Dustin Lynch,9520507,Chevrolet,https://genius.com/Dustin-lynch-chevrolet-lyrics,"7 ContributorsChevrolet Lyrics
She was dressed to kill, I was in my boots
So I had her pegged for the uptown type, yeah
But we talked for a while in a corner booth
Before closin' time, she caught me by surprise

When she said, ""Give me a dirt road, the windows down
Wanna get lost on the edge of town in your Chevrolet""
She said, ""Give me a six-pack, some Brooks & Dunn
If you want a country girl, you just found one, let's slip away""
Yeah, ""In your Chevrolet""

I think I fell in love right then and thеre
We werе out the door before the end of the song
I said, ""Where to?"" She said, ""I don't care
Just don't take me home, what you waitin' on?""

""Just give me a dirt road, the windows down
Wanna get lost on the edge of town in your Chevrolet""
She said, ""Give me a six-pack, some Brooks & Dunn
If you want a country girl, you just found one, let's slip away""
Yeah, ""In your Chevrolet
Let's ride, ""In your Chevrolet""
See Dustin Lynch LiveGet tickets as low as $198You might also like
Lord knows I been prayin' for the day
A girl like her would say

""Just give me a dirt road, the windows down
Wanna get lost on the edge of town in your Chevrolet"" (In your Chevrolet)
She said, ""Give me a six-pack, some Brooks & Dunn
If you want a country girl, you just found one, let's slip away (Let's slip away)
In your Chevrolet"" (Ooh)
She said, ""Give me a dirt road, the windows down
Wanna get lost on the edge of town in your Chevrolet
Give me a six-pack, some Brooks & Dunn
If you want a country girl, you just found one, let's slip away
In your Chevrolet"" (Oh woah)

Oh, ""In your Chevrolet""
""In your Chevrolet""Embed"
92,Riley Green,10215756,Worst Way,https://genius.com/Riley-green-worst-way-lyrics,"5 ContributorsWorst Way Lyrics
Tonight, I ain't bringin' no wine
Tonight, I ain't bringin' no roses
Talkin' would take too much time
I think I just better show you
Just turn the lights down, let's get right down to it
Soon as I walk in the door
I don't wanna be out of line
But, girl, I can't wait anymore

I want you in the worst way
My hands are needin' your hips
Want the first taste
Of whiskey to be off your lips
So close all the blinds, lock all the doors
Put away anything that'll break
Baby, I need you tonight
Let's see how much love we can make
I want you in the worst way

Baby, that don't mean that I
Don't love to go wine and dine you
That ain't on the menu tonight
'Cause I think I need to remind you
That your skin on my skin
Feels just like heaven to me
You look like an angel tonight
But you might wanna slip off those wings
See Riley Green LiveGet tickets as low as $64You might also like
I want you in the worst way
My hands are needin' your hips
Want the first taste
Of whiskey right off of your lips
So close all the blinds, lock all the doors
Put away anything that'll break
Baby, I need you tonight
Let's see how much love we can make
I want you in the worst way
I want you in the worst way

I want you in the worst way
My hands are needin' your hips
Want the first taste
To be whiskey right off of your lips
So close all the blinds, lock all the doors
Put away anything that'll break
Baby, I need you tonight
Let's see how much love we can make
I want you in the worst way
I want you in the worst way

The worst wayEmbed"
93,Future,10890781,SKI,https://genius.com/Future-ski-lyrics,"36 ContributorsTranslationsFrançaisSKI Lyrics
Ain't gon' let up on these niggas like I'm Yola
'Bout to drop another eighth inside my soda
We inside the Prada store, it's cowabunga
It ain't California 'Rari when I roll

Droppin' the top on the 'vert, I been pushin' the coupe through the slums (What you been doin'?)
Smackin' this bitch off a Perc', I done hit her, she speakin' in tongues (I'm covered in V's)
Fuckin' the check up and get it right back 'cause I'm one of them ones (The Freebandz life)
Got them demons with me, got the devil with me, like a rockеt, I'm launching (Fucking gone the max)
I polluted in my cup, ain't no lovе for no slut, bitch, you know I'm a don (Knock it down in your trap)
I been back in the cut, I been sittin' back and plottin', all my young niggas turnt up (I'm stayin' down, facts)
Cop a PJ today, if I want it, I get it, you know what I'm worth, boy (Man, I feel like a god)

Oh (G-O-D)
Oh (OMG)

Chrome Heart accessories, I been on 'phetamine, I been on all the aroma (I really wanna stand up)
I look like a boss (Yeah), Pluto on your head, don't trip up and fall (Feel like a king high)
Sippin' on red (Up to the moon), two choppers (Where they at?) sittin' by the bed
I'm full of the meds (You really did it), I'm trippin', I'm trippin'
The money not half on a bench (You gone)
I'm slappin' on back when you pinch
My young nigga puttin' on Fendi (Ski)
I'm due for the mula again
I'm not new to this, true to this, woo, woo (What you doin' with this shit?)
I'm numero uno, woo (Pluto)
Ski, ski
You might also like
(In the club with a dime and I'm flossin')
I'm ready to slide, ski (Ski)
I'm ready to surf, ski (Ski)
I'm goin' berzerk, ski
I do you the worst, what it's worth (FBG)

The money clean, but I'm dirty
Yeah, I'm tweakin', I'm geekin' on Perkies
Uh, I'm full of that, ain't got no purpose (You see my wrist?)
Uh, I'm cuttin' all them diamonds from perfect
Uh, turn up
Back outside where these niggas ain't at, they gon' pull up on side of niggas (Brrt, brrt, ski)
I'm rich, but I slide with niggas (Ski)
I been out of my body, no filter (Ski)
She a Siamese side bitch nympho (Ski)
Send flight through the city, got bird view
Gettin' turnt, gettin' litty with the young crew (Grr)
Got sharks in the water with a model (How you been comin'?)
Two-door, two-tone, full-throttle (I'ma go up right now)
From the dot to the drop, that's the motto (Ayy, say, gang)
Right or wrong, stay down for my partners (Murder)
Pitch black, broad day, he'll drop you (Gunner)
Get racks, bad bitches gon' follow (Get high)
Drink syrup with my foot on the pedal (Brr)
Like a bird in the sky, but I'm slatt (I'm slatt)
Took a chance, had to ride with the slatt (Ayy, slatt)
No love for the bitch, we smack (We smack)
Pull up right now, three bats
Walk down, walk down, get active
RIP Trigger Trey, RIP Junior Boss, real gangsters (Brr, brr)

(In the club with a dime and I'm flossin')
I'm ready to slide, ski (Ski)
I'm ready to surf, ski (Ski)
I'm goin' berzerk, ski
I do you the worst, what it's worth (In the club with a dime and I'm flossin')
I'm ready to slide, ski (Ski)
I'm ready to surf, ski (Ski)
I'm goin' berzerk, ski2Embed"
94,Don Toliver,10516912,NEW DROP,https://genius.com/Don-toliver-new-drop-lyrics,"55 ContributorsNEW DROP Lyrics
Got two girls in the cut
And I don't know what to do
I fell in love with, mm
Fell in love with you
Two girls in the cut
Which one to choose?
I fell in love with, mm
Fell in love with, mm
Fell in love with you
I got two girls in the cut
I don't know who to choose
I fell in love with, mm
I fell in love with you

You gotta believe in no one (No-no)
She back at the house, she hoin' (Yeah-yeah, yeah)
I'm freakin' too and then go in, yeah
Honeymoon out in Aspen, it's snowin', yeah
Stay in the cut, ah-yeah
Got a bitch in the cutter and she want thе pie, yeah
I don't wanna fuck no one
Got a gun in thе car and the bitch got a nightlight
I'm poppin' this G6, I'm on a G6
I'm still up glowin' (Yeah)
How the hell that nigga get up and get up and get up and get high? (Jeez) Yeah
How the nigga ride through the streets in a McLaren then come here and get by?
Damn, feelin' like it Dubai
Damn, it's feelin' like Tupac
Woo, she eat it, she a threw bop
Damn, ridin' a—
Ridin' a new drop
See Don Toliver LiveGet tickets as low as $29You might also like
Got two girls in the cut
And I don't know what to do
I fell in love with, mm
Fell in love with you
Two girls in the cut
Which one to choose?
I fell in love with, mm
Fell in love with, mm
Fell in love with you
I got two girls in the cut
I don't know who to choose
I fell in love with, mm
I fell in love with you

Don't let her go and lose control
I got two in here and I'm trippin'
Bitch, told 'em don't play with me (Mm)
Sittin' down on four (Yeah)
Got 'em back in that— (Back in that mode)
Ready to kick down doors (Yeah)
Maxed up, I don't know
That I move like a soldier
Bitch, I bite like a cobra
They done fucked up (Yeah)
They done fucked (They done fucked)
Yeah, they done fucked up
They done fucked
All this shit that I'm movin' cost cheese
I put Chrome Hearts on and I freeze
I got it tucked in down in my pants
And this Hardstone shit I bleed
If we're choppin' it up, better chop this shit up (Yeah, let me chop it up real quick)
Work on her body, she twerkin' it (Ya)
You fuck with a rat, I don't fuck with them (Ah)
Shippin' this drop, I ain't poppin' (Ha)
Hawkin' you down with binoculars (Ha)
Holler at my phone and I'm blockin' you (Ah, ah)
Got two girls in the cut
And I don't know what to do
I fell in love with, mm
Fell in love with you
Two girls in the cut
Which one to choose?
I fell in love with, mm
Fell in love with, mm
Fell in love with you
I got two girls in the cut
I don't know who to choose
I fell in love with, mm
I fell in love with you

(Wheezy outta here)5Embed"
95,Justin Moore,9735986,This Is My Dirt,https://genius.com/Justin-moore-this-is-my-dirt-lyrics,"10 ContributorsThis Is My Dirt Lyrics
He had hard work caked on his overalls
Sweat on his neck, chaw in his jaw
When a stranger pulled up and met him outside his barn
Said, ""Sir, I don't know if you ever would
But I build houses and neighborhoods
And I was wondering if you'd ever wanna sell your farm""
With his old dog barking and running around
He paused for a second, spit on the ground
Then kicked a little gravel, looked down and said

This is my dirt, these are my fields
Where I harvest what I plant
That little pond, I catch bluegill
I built that barn with my two hands
Where I raised my babies, a piece of mе
Nah, this ain't just a piece of land
The monеy'd be great, but I can't part ways with a life that works
You can't put a greenback dollar on what it's worth
This is my dirt

Great granddaddy bought it for a hundred an acre
He'd just got married when he signed the papers
Him and his brothers framed that old farmhouse
Every fence post here we put in the ground
Ran the barbed wire and pulled the plow
Every last hay bale, we baled it
Yeah, I'd hate to be the first to sell it
You might also like
This is my dirt, these are my fields
Where I harvest what I plant
That little pond, I catch bluegill
I built that barn with my two hands
Where I raised my babies, a piece of me
Nah, this ain't just a piece of land
The money'd be great, but I can't part ways with a life that works
You can't put a greenback dollar on what it's worth
This is my dirt

This is where five generations have prayed for rain
They'll cover me in it when the good Lord calls my name

This is my dirt, these are my fields
Where I harvest what I plant
That little pond, I catch bluegill
I built that barn with my two hands
Where I raised my babies, a piece of me
Nah, this ain't just a piece of land
The money'd be great, but I can't part ways with a life that works
You can't put a greenback dollar on what it's worth
This is my dirt
Yeah, this is my dirt
Yeah, this is my dirt
Where I harvest what I plant, this is my dirt
Where I raised my babies, this is my dirtEmbed"
96,Rod Wave,10925703,Fall Fast in Love,https://genius.com/Rod-wave-fall-fast-in-love-lyrics,"18 ContributorsFall Fast in Love Lyrics
Chris, you idiot, look at what you did
Yeah (T-Turn me up, Fivee)
Uh-huh, uh, uh, uh-uh, uh
Mm-mm-mm-mm-mm
Look, look, mm

Did you come here to save me, or did you come to betray me?
Been feelin' unlucky lately
Tell me what's up, my baby
I been through a lot of trauma, my exes might think I'm crazy, mm
I'm just a realist, probably the realest
And you know I wrote this song to make you smile, can you feel it?
Uh-huh, uh, uh, and I won't judge you, you don't judge me, don't thug me
If I pop this Perc' and beat you down, you might love me (Grrah)
Since back in the day, been thuggin' (Yeah)
You know I got love for my auntie
Barbados with my momma, so I thugged it with my cousins
You know my family showed me tough love
Don't play me like I'm crazy
I come out that bottom, baby
And I made it out it, baby
You give me a week, I'ma be in lust
You give me a month, I might be in love
I wrote you a letter, ""Do you like me? Yes or no?""
I bought you a ticket, when your flight leave, let me know (Uh, uh, uh)
See Rod Wave LiveGet tickets as low as $75You might also like
Fallin' fast in love, it's never been a safe thing
Are you fallin' fast enough?
They'll tell you that we're crazy
If you're not scared (Uh, uh, uh)
Yeah, I'll be right here (Uh, uh, uh, uh)
Fallin' fast in love, it's never been a safe thing

Uh, uh, it's never been a safe thing
Uh, hold on

Damn, I hate relationships, what we goin', tit-for-tat?
Everytime them niggas sent some shots, you know we sent it back
Everytime them niggas spinned on us, you know we spinned it back
'Til we started spinnin' first
Then we started spinnin' worse
And I don't want no messy shit, don't even wanna get into that
I sent you a letter, baby girl, could you send it back?
Yeah, she had my heart for a lil' minute, but she won't give it back
And when I get it back
I might give it to you
Give it to you
Give it to you
Fallin' fast in love, it's never been a safe thing
Are you fallin' fast enough?
They'll tell you that we're crazy
If you're not scared (Uh, uh, uh)
Yeah, I'll be right here (Uh, uh, uh, uh)
Fallin' fast in love, it's never been a safe thing

Uh, uh, it's never been a safe thing
Uh, hold onEmbed"
97,Bailey Zimmerman,10000217,Holy Smokes,https://genius.com/Bailey-zimmerman-holy-smokes-lyrics,"8 ContributorsTranslationsEspañolHoly Smokes Lyrics
Well, I was only scared of the devil and her dad
So we'd park somewhere we knew they'd never look
No, I never seen nothin' like her
Playing with the flame on her momma's lighter
No, it wasn't very long 'fore I was hooked

Heaven was a preacher's spot in that first church parking lot
Her hangin' onto me like the cross on a rearview does
Her eyes were blue, thе words were red, on that half pack of cigarеttes
At seventeen that's what hallelujah was
Life wasn't heavy in the back of that Chevy
Me, her, and the Holy Ghost
Somethin' 'bout us, hell of a rush
Fallin' in love, lightin' up them holy smokes  (Oh, oh)

They'd run us off but we'd come runnin' back
And we'd pick up where we left off the night before
She said ""How pissed off would your mama be
If we walked in there and you married me?""
Even if we never made it through them old wood doors

Heaven was a preacher's spot in that first church parkin' lot
Her hangin' onto me like the cross on the rearview does
Her eyes were blue, the words were red, on that half pack of cigarettes
At seventeen that's what hallelujah was
Life wasn't heavy in the back of that Chevy
Me, her, and the Holy Ghost
Somethin' 'bout us, hell of a rush
Fallin' in love, lightin' up them holy smokes (Oh, oh)
See Bailey Zimmerman LiveGet tickets as low as $109You might also like
Nothin' 'bout those nights felt like sinnin'
And Jesus forgives, but I can't forget when

Heaven was a preacher's spot in that first church parkin' lot
Her hangin' onto me like the cross on the rearview does
Her eyes were blue, the words were red, on that half pack of cigarettes
At seventeen that's what hallelujah was
Life wasn't heavy in the back of that Chevy
Me, her, and the Holy Ghost
Somethin' 'bout us, hell of a rush
Fallin' in love, lightin' up them holy smokes  (Oh, oh)Embed"
98,Playboi Carti,8988852,ALL RED,https://genius.com/Playboi-carti-all-red-lyrics,"226 ContributorsTranslationsРусскийУкраїнськаEspañolFrançaisPortuguês中文ALL RED Lyrics
(Wake up, F1LTHY)
Hol' up, uh

Upside-down cross tat' on my neck, shut 'em up, uh, uh
Upside-down cross tat' on my neck, shut 'em up
Upside-down cross tat' on my neck, shut 'em up, uh, uh
Upside-down cross tat' on my neck, shut 'em up, uh
The Bentley's parked outside
My vibe tryna go for a ride
I put VETEMENTS right on her thighs
I put the mask on 'cause I be fried
All red, I stay with the Fives
All red, we pull up and fire
All red, somebody died
All red, I pour up then drive

We done pushed up with them SIGs
Just like Madden, you can get blitzed
I used to rock badges, then I got rich
This is a thot, she can't be my bitch, yeah
This is a thot, she can't be my bitch, yeah
I come to your spot, we spray out that bitch
I come to your spot, we spray out that bitch
I come to your spot and I take that shit, hol' up, uh
I got the drop, we layin' that bitch, hol' up, hol' up
Get a stolen vehicle, drive that bitch, hol' up
Pushin' yo' block, then we spray 'em, uh
Pushin' yo' block, then we spray 'em
Somebody send 'em a prayer
Somebody send 'em some prayers
I got some shit goin' crazy
I need a whole 'nother level
I'm on a whole 'nother level
I'm a different type of player
I'm a different type of player
I'm a created player
Shawty knew where I was goin'
Shawty know I'm a slayer
Shawty, treat her like mail
Fuck a bitch right here
Drive the coupe to Rodeo
I'm 'bout to give this ho hell
You might also like
Upside-down cross tat' on my neck, shut 'em up, uh, uh
Upside-down cross tat' on my neck, shut 'em up
Upside-down cross tat' on my neck, shut 'em up, uh, uh
Upside-down cross tat' on my neck, shut 'em up, uh
The Bentley's parked outside
My vibe tryna go for a ride
I put VETEMENTS right on her thighs
I put the mask on 'cause I be fried
All red, I stay with the Fives
All red, we pull up and fire
All red, somebody died
All red, I pour up then drive43Embed"
99,Rod Wave,10881441,Passport Junkie,https://genius.com/Rod-wave-passport-junkie-lyrics,"20 ContributorsPassport Junkie Lyrics
I'm tryna spit that real shit every time, that shit
Just tryna keep it all the way up, thurl (Mm)
Yeah, yeah, yeah, uh
Bahamas light work
Turks might work, might work
I told her, ""You would love to party,"" yeah (Turn me up, Fivee)
This shit here just gettin' started
Damn
Mm, pretty girls, pretty girls, pretty girls
Turn into bad bitches, look, look

Ain't no more holdin' her hand, it's time to expand
She wanna get on the 'Gram and take pics in the sand
She tryna work on her tan, you ever been to Thailand?
We ain't gotta pack no clothes, we can shop when we land
You want bad-bitch views? What you willin' to do?
She can't come to your room unless it's in Tulum
You ain't rеady for her, I think you should slow your roll
Is you ready for her? No, no, no, no, no
Shе's a passport junkie, spend that bread like a dummy
Yeah, he met her on Sunday, was in the airport by Monday
If you really gettin' money, take that girl out the country
She like niggas that's fun, they takin' shots, gettin' blunted
I'll do whatever for your love, it ain't no leavin' me
Spend a million in a month, who gon' compete with me?
I might take her to Paris, fly out her whole family
He rented a yacht and took her to Miami
Listen, listen, listen, I love Miami
But she don't wanna go no more
She don't wanna go no more
'Cause it's not the same
Times change
Oh, how the times change
She don't wanna go no more
She don't wanna go no more
She a passport junkie
Takin' trips out the country
Takin' trips out the country
Oh, how the times change
'Cause it's not the same
Oh, how the times change (Ayy, listen)
She don't wanna go no more (If you ain't got no bag, you can't even bag her, you know what I'm talkin' 'bout?)
She don't wanna go no more (Oh, youngin)
See Rod Wave LiveGet tickets as low as $75You might also like
I'll never forget it, man
Two-hundred-dollar hotel rooms and shit, used to be the shit
No, sir, hahahaha
Oh, how the times change
If you ain't got no bag, man, focus on yourself, man
You ain't got no paper, man, focus on yourself, manEmbed"
100,Luis Fonsi & Daddy Yankee,3057010,Despacito (Remix),https://genius.com/Luis-fonsi-and-daddy-yankee-despacito-remix-lyrics,"443 ContributorsTranslationsNederlandsไทย / Phasa ThaiSvenskaРусскийPortuguêsDeutschEnglishPolskiDespacito (Remix) Lyrics

Come and move that in my direction
So thankful for that, it's such a blessin', yeah
Turn every situation into heaven, yeah
Oh-oh, you are
My sunrise on the darkest day
Got me feelin' some kind of way
Make me wanna savor every moment slowly, slowly
You fit me tailor-made, love how you put it on
Got the only key, know how to turn it on
The way you nibble on my ear, the only words I wanna hear
Baby, take it slow so we can last long

¡Oh! Tú, tú eres el imán y yo soy el metal
Me voy acercando y voy armando el plan
Solo con pensarlo, se acelera el pulso (Oh, yeah)
Ya, ya me está gustando más de lo normal
Todos mis sentidos van pidiendo más
Esto hay que tomarlo sin ningún apuro

Despacito
Quiero respirar tu cuello despacito
Deja que te diga cosas al oído
Para que te acuerdes si no estás conmigo
Despacito
Quiero desnudarte a besos despacito
Firmo en las paredes de tu laberinto
Y hacer de tu cuerpo todo un manuscrito
(Sube, sube, sube), ah (Sube, sube)
You might also like
Quiero ver bailar tu pelo, quiero ser tu ritmo (Woah, woah)
Que le enseñes a mi boca (Woah, woah)
Tus lugares favoritos (Favorito, favorito, baby)
Déjame sobrepasar tus zonas de peligro (Woah, woah)
Hasta provocar tus gritos (Woah, woah)
Y que olvides tu apellido (Diri-diri-diririri, Daddy, DY)

Si te pido un beso, ven, dámelo, yo sé que estás pensándolo (Eh)
Llevo tiempo intentándolo (Eh), mami, esto es dando y dándolo
Sabes que tu corazón conmigo te hace bam-bam
Sabes que esa beba está buscando de mi bam-bam
Ven, prueba de mi boca para ver cómo te sabe (Eh-eh; ¡plo!)
Quiero, quiero, quiero ver cuánto amor a ti te cabe
Yo no tengo prisa, yo me quiero dar el viaje
Empezamos lento, después salvaje

Pasito a pasito, suave suavecito
Nos vamos pegando, poquito a poquito
Cuando tú me besas con esa destreza
Veo que eres malicia con delicadeza
Pasito a pasito, suave suavecito
Nos vamos pegando, poquito a poquito
Y es que esa belleza es un rompecabezas
Pero pa' montarlo aquí tengo la pieza, oye (Yeah, yo)
Despacito
Quiero respirar tu cuello despacito
Deja que te diga cosas al oído
Para que te acuerdes si no estás conmigo
Despacito
Quiero desnudarte a besos despacito
Firmo en las paredes de tu laberinto
Y hacer de tu cuerpo todo un manuscrito
(Sube, sube, sube), ah (Sube, sube)

Quiero ver bailar tu pelo, quiero ser tu ritmo (Woah, woah)
Que le enseñes a mi boca (Woah, woah)
Tus lugares favoritos (Favorito, favorito, baby)
Déjame sobrepasar tus zonas de peligro (Woah, woah)
Hasta provocar tus gritos (Woah, woah)
Y que olvides tu apellido

Despacito
This is how we do it down in Puerto Rico
I just wanna hear you screaming, ""¡Ay, bendito!""
I can move forever cuando esté contigo
(Báilalo)
Pasito a pasito, suave suavecito
Nos vamos pegando, poquito a poquito
Que le enseñes a mi boca
Tus lugares favoritos
(Favorito, favorito, baby)
Pasito a pasito, suave suavecito
Nos vamos pegando, poquito a poquito
Hasta provocar tus gritos (Fonsi)
Y que olvides tu apellido (DY)
Despacito417Embed"
101,Cardi B,5832126,WAP,https://genius.com/Cardi-b-wap-lyrics,"638 ContributorsTranslationsTürkçeEspañolСрпскиРусскийRomânăPortuguêsDeutschFrançaisNederlandsالعربية中文ΕλληνικάPolskiWAP Lyrics
Whores in this house
There's some whores in this house
There's some whores in this house
There's some whores in this house (Hol' up)
I said certified freak, seven days a week
Wet-ass pussy, make that pullout game weak, woo (Ah)

Yeah, yeah, yeah, yeah
Yeah, you fuckin' with some wet-ass pussy
Bring a bucket and a mop for this wet-ass pussy
Give me everything you got for this wet-ass pussy

Beat it up, nigga, catch a charge
Extra large and extra hard
Put this pussy right in your face
Swipe your nose like a credit card
Hop on top, I wanna ride
I do a kegel while it's inside
Spit in my mouth, look in my eyes
This pussy is wet, come take a dive
Tie me up like I'm a surprise
Let's roleplay, I'll wear a disguise
I want you to park that big Mack truck right in this little garage
Make it cream, make me scream
Out in public, make a scene
I don't cook, I don't clean
But let me tell you how I got this ring (Ayy, ayy)
You might also like
Gobble me, swallow me, drip down the side of me (Yeah)
Quick, jump out 'fore you let it get inside of me (Yeah)
I tell him where to put it, never tell him where I'm 'bout to be (Huh)
I'll run down on him 'fore I have a nigga runnin' me (Pow, pow, pow)
Talk your shit, bite your lip (Yeah)
Ask for a car while you ride that dick (While you ride that dick)
You really ain't never gotta fuck him for a thang (Yeah)
He already made his mind up 'fore he came (Ayy, ah)
Now get your boots and your coat for this wet-ass pussy (Ah, ah, ah)
He bought a phone just for pictures of this wet-ass pussy (Click, click, click)
Paid my tuition just to kiss me on this wet-ass pussy (Mwah, mwah, mwah)
Now make it rain if you wanna see some wet-ass pussy (Yeah, yeah)

Look, I need a hard hitter, need a deep stroker
Need a Henny drinker, need a weed smoker
Not a garter snake, I need a king cobra
With a hook in it, hope it lean over
He got some money, then that's where I'm headed
Pussy A1 just like his credit
He got a beard, well, I'm tryna wet it
I let him taste it, now he diabetic
I don't wanna spit, I wanna gulp
I wanna gag, I wanna choke
I want you to touch that lil' dangly thing that swing in the back of my throat
My head game is fire, punani Dasani
It's goin' in dry and it's comin' out soggy
I ride on that thing like the cops is behind me (Yeah, ah)
I spit on his mic and now he tryna sign me, woo
Your honor, I'm a freak bitch, handcuffs, leashes
Switch my wig, make him feel like he cheatin'
Put him on his knees, give him somethin' to believe in
Never lost a fight, but I'm lookin' for a beatin' (Ah)
In the food chain, I'm the one that eat ya
If he ate my ass, he's a bottom-feeder
Big D stand for big demeanor
I could make ya bust before I ever meet ya
If it don't hang, then he can't bang
You can't hurt my feelings, but I like pain
If he fuck me and ask ""Whose is it?""
When I ride the dick, I'ma spell my name, ah

Yeah, yeah, yeah
Yeah, you fuckin' with some wet-ass pussy
Bring a bucket and a mop for this wet-ass pussy
Give me everything you got for this wet-ass pussy
Now from the top, make it drop, that's some wet-ass pussy
Now get a bucket and a mop, that's some wet-ass pussy
I'm talkin' wap, wap, wap, that's some wet-ass pussy
Macaroni in a pot, that's some wet-ass pussy, huh

There's some whores in this house
There's some whores in this house
There's some whores in this house
There's some whores in this house
There's some whores in this house
There's some whores in this house
There's some whores in this house
There's some whores in this house
There's some whores in this house
There's some whores in this house346Embed"
102,Ed Sheeran,2949128,Shape of You,https://genius.com/Ed-sheeran-shape-of-you-lyrics,"360 ContributorsTranslationsTürkçeEspañolPortuguêsΕλληνικάDeutschFrançaisItalianoالعربيةPolski한국어СрпскиShape of You Lyrics
A club isn't the best place to find a lover
So the bar is where I go (Mm)
Me and my friends at the table doin' shots
Drinkin' fast and then we talk slow (Mm)
And you come over and start up a conversation with just me
And trust me, I'll give it a chance now (Mm)
Take my hand, stop, put Van the Man on the jukebox
And then we start to dance and now I'm singin' like

Girl, you know I want your love
Your love was handmade for somebody like me
Well, come on now, follow my lead
I may be crazy, don't mind me
Say, ""Boy, let's not talk too much""
Grab on my waist and put that body on me
Well, come on now, follow my lead
Come, come on now, follow my lead, mm

I'm in love with the shape of you
We push and pull like a magnet do
Although my heart is fallin' too
I'm in love with your body
And last night, you were in my room
And now my bed sheets smell like you
Every day, discoverin' somethin' brand new
Well, I'm in love with your body
See Ed Sheeran LiveGet tickets as low as $136You might also like
Oh, I, oh, I, oh, I, oh, I
Well, I'm in love with your body
Oh, I, oh, I, oh, I, oh, I
Well, I'm in love with your body
Oh, I, oh, I, oh, I, oh, I
Well, I'm in love with your body
Every day, discoverin' somethin' brand new
I'm in love with the shape of you

One week in, we let the story begin
We're goin' out on our first date (Mm)
You and me are thrifty, so go all-you-can-eat
Fill up your bag and I fill up a plate (Mm)
We talk for hours and hours about the sweet and the sour
And how your family is doin' okay (Mm)
And leave and get in a taxi, and kiss in the back seat
Tell the driver make the radio play and I'm singin' like

Girl, you know I want your love
Your love was handmade for somebody like me
Well, come on now, follow my lead
I may be crazy, don't mind me
Say, ""Boy, let's not talk too much""
Grab on my waist and put that body on me
Well, come on now, follow my lead
Come, come on now, follow my lead, mm
I'm in love with the shape of you
We push and pull like a magnet do
Although my heart is fallin' too
I'm in love with your body
And last night, you were in my room
And now my bed sheets smell like you
Every day, discoverin' somethin' brand new
Well, I'm in love with your body

Oh, I, oh, I, oh, I, oh, I
Well, I'm in love with your body
Oh, I, oh, I, oh, I, oh, I
Well, I'm in love with your body
Oh, I, oh, I, oh, I, oh, I
Well, I'm in love with your body
Every day, discoverin' somethin' brand new
I'm in love with the shape of you

Come on, be my baby, come on
Come on, be my baby, come on
Come on, be my baby, come on
Come on, be my baby, come on
Come on, be my baby, come on
Come on, be my baby, come on
Come on, be my baby, come on
Come on, be my baby, come on
I'm in love with the shape of you
We push and pull like a magnet do
Although my heart is fallin' too
I'm in love with your body
And last night, you were in my room
And now my bed sheets smell like you
Every day, discoverin' somethin' brand new
Well, I'm in love with your body

Come on, be my baby, come on
Come on, be my baby, come on
I'm in love with your body
Come on, be my baby, come on
Come on, be my baby, come on
I'm in love with your body
Come on, be my baby, come on
Come on, be my baby, come on
I'm in love with your body
Every day, discoverin' somethin' brand new
I'm in love with the shape of you409Embed"
103,Queen,1063,Bohemian Rhapsody,https://genius.com/Queen-bohemian-rhapsody-lyrics,"485 ContributorsTranslationsDeutschTürkçeไทย / Phasa ThaiEspañolPortuguêsفارسیFrançaisPolskiBohemian Rhapsody Lyrics
Is this the real life? Is this just fantasy?
Caught in a landslide, no escape from reality
Open your eyes, look up to the skies and see
I'm just a poor boy, I need no sympathy
Because I'm easy come, easy go, little high, little low
Any way the wind blows doesn't really matter to me, to me

Mama, just killed a man
Put a gun against his head, pulled my trigger, now he's dead
Mama, life had just begun
But now I've gone and thrown it all away
Mama, ooh, didn't mean to make you cry
If I'm not back again this time tomorrow
Carry on, carry on as if nothing really matters

Too late, my time has come
Sends shivers down my spine, body's aching all the time
Goodbye, everybody, I've got to go
Gotta leave you all behind and face the truth
Mama, ooh (Any way the wind blows)
I don't wanna die
I sometimes wish I'd never been born at all
You might also like
I see a little silhouetto of a man
Scaramouche, Scaramouche, will you do the Fandango?
Thunderbolt and lightning, very, very frightening me
(Galileo) Galileo, (Galileo) Galileo, Galileo Figaro magnifico (Oh-oh-oh-oh)
But I'm just a poor boy, nobody loves me
He's just a poor boy from a poor family
Spare him his life from this monstrosity
Easy come, easy go, will you let me go?
Bismillah, no, we will not let you go
(Let him go) Bismillah, we will not let you go
(Let him go) Bismillah, we will not let you go
(Let me go) Will not let you go
(Let me go) Will not let you go
(Never, never, never, never let me go) Ah
No, no, no, no, no, no, no
(Oh, mamma mia, mamma mia) Mamma mia, let me go
Beelzebub has a devil put aside for me, for me, for me
So you think you can stone me and spit in my eye?
So you think you can love me and leave me to die?
Oh, baby, can't do this to me, baby
Just gotta get out, just gotta get right outta here
(Ooh)
(Ooh, yeah, ooh, yeah)
Nothing really matters, anyone can see
Nothing really matters
Nothing really matters to me
Any way the wind blows695Embed"
104,The Weeknd,727466,The Hills,https://genius.com/The-weeknd-the-hills-lyrics,"369 ContributorsTranslationsTürkçeEspañolРусскийPortuguêsFrançaisفارسیPolskiPortuguêsDeutschItalianoThe Hills Lyrics
Yeah
Yeah
Yeah

Your man on the road, he doin' promo
You said, ""Keep our business on the low-low""
I'm just tryna get you out the friend zone
'Cause you look even better than the photos
I can't find your house, send me the info
Drivin' through the gated residential
Found out I was comin', sent your friends home
Keep on tryna hide it, but your friends know

I only call you when it's half-past five
The only time that I'll be by your side
I only love it when you touch me, not feel me
When I'm fucked up, that's the real me
When I'm fucked up, that's the real me, yeah
I only call you when it's half-past five
The only time I'd ever call you mine
I only love it when you touch me, not feel me
When I'm fucked up, that's the real me
When I'm fucked up, that's the real me, babe
See The Weeknd LiveGet tickets as low as $55You might also like
I'ma let you know and keep it simple
Tryna keep it up don't seem so simple
I just fucked two bitches 'fore I saw you
And you gon' have to do it at my tempo
Always tryna send me off to rehab
Drugs started feelin' like it's decaf
I'm just tryna live life for the moment
And all these motherfuckers want a relapse

I only call you when it's half-past five
The only time that I'll be by your side
I only love it when you touch me, not feel me
When I'm fucked up, that's the real me
When I'm fucked up, that's the real me, yeah
I only call you when it's half-past five
The only time I'd ever call you mine
I only love it when you touch me, not feel me
When I'm fucked up, that's the real me
When I'm fucked up, that's the real me, babe

Hills have eyes, the hills have eyes
Who are you to judge? Who are you to judge?
Hide your lies, girl, hide your lies (Hide your lies, oh, baby)
Only you to trust, only you
I only call you when it's half-past five
The only time that I'll be by your side
I only love it when you touch me, not feel me
When I'm fucked up, that's the real me
When I'm fucked up, that's the real me, yeah
I only call you when it's half-past five
The only time I'd ever call you mine
I only love it when you touch me, not feel me
When I'm fucked up, that's the real me
When I'm fucked up, that's the real me, babe

Ewedihalehu
Yene konjo, ewedihalehu
Yene fikir, fikir, fikir, fikir
Yene fikir, fikir, fikir, fikir
Ewedihalehu
Yene konjo, ewedihalehu...1.8KEmbed"
105,Drake,3315890,God’s Plan,https://genius.com/Drake-gods-plan-lyrics,"667 ContributorsTranslationsРусскийTürkçeEspañolPolskiItalianoDeutschFrançaisAzərbaycanca / آذربايجانGod’s Plan Lyrics
And they wishin' and wishin'
And wishin' and wishin', they wishin' on me
Yeah

I been movin' calm, don't start no trouble with me
Tryna keep it peaceful is a struggle for me
Don't pull up at 6 a.m. to cuddle with me
You know how I like it when you lovin' on me
I don't wanna die for them to miss me
Yes, I see the things that they wishin' on me
Hope I got some brothers that outlive me
They gon' tell the story, shit was different with me

God's plan, God's plan
I hold back, sometimes I won't, yeah
I feel good, sometimes I don't (Ayy, don't)
I finessed down Weston Road (Ayy, 'nessed)
Might go down a G-O-D (Yeah, wait)
I go hard on Southside G (Yeah, wait)
I make sure that north-side eat
And still

Bad things
It's a lot of bad things that they wishin' and wishin'
And wishin' and wishin', they wishin' on me
Bad things
It's a lot of bad things that they wishin' and wishin'
And wishin' and wishin', they wishin' on me
Yeah, ayy, ayy
You might also like
She say, ""Do you love me?"" I tell her, ""Only partly
I only love my bed and my mama, I'm sorry""
Fifty Dub, I even got it tatted on me
Eighty-one, they'll bring the crashers to the party
And you know me
Turn the O2 into the O3, dog
Without 40, Oli, there'd be no me
'Magine if I never met the broskies

God's plan, God's plan
I can't do this on my own, ayy (No, ayy)
Someone watchin' this shit close (Yep, close)
I've been me since Scarlett Road, ayy (Road, ayy)
Might go down as G-O-D (Yeah, wait, yeah)
I go hard on Southside G (Ayy, wait, ayy)
I make sure that north-side eat, yeah
And still

Bad things
It's a lot of bad things that they wishin' and wishin'
And wishin' and wishin', they wishin' on me
Yeah, yeah
Bad things
It's a lot of bad things that they wishin' and wishin'
And wishin' and wishin', they wishin' on me
Yeah942Embed"
106,Ariana Grande,4063065,"thank u, next",https://genius.com/Ariana-grande-thank-u-next-lyrics,"402 ContributorsTranslationsTürkçeSvenskaEspañolРусскийPortuguêsPolski한국어DeutschFrançaisNederlandsفارسیthank u, next Lyrics
Thought I'd end up with Sean
But he wasn't a match
Wrote some songs about Ricky
Now I listen and laugh
Even almost got married
And for Pete, I'm so thankful
Wish I could say, ""Thank you"" to Malcolm
'Cause he was an angel

One taught me love
One taught me patience
And one taught me pain
Now, I'm so amazing
Say I've loved and I've lost
But that's not what I see
So, look what I got
Look what you taught me
And for that, I say

Thank you, next (Next)
Thank you, next (Next)
Thank you, next
I'm so fuckin' grateful for my ex
Thank you, next (Next)
Thank you, next (Next)
Thank you, next (Next)
I'm so fuckin'—
You might also like
Spend more time with my friends
I ain't worried 'bout nothin'
Plus, I met someone else
We havin' better discussions
I know they say I move on too fast
But this one gon' last
'Cause her name is Ari
And I'm so good with that (So good with that)

She taught me love (Love)
She taught me patience (Patience)
How she handles pain (Pain)
That shit's amazing (Yeah, she's amazing)
I've loved and I've lost (Yeah, yeah)
But that's not what I see (Yeah, yeah)
'Cause look what I've found (Yeah, yeah, I've found)
Ain't no need for searching, and for that, I say

Thank you, next (Thank you, next)
Thank you, next (Thank you, next)
Thank you, next (Thank you)
I'm so fuckin' grateful for my ex
Thank you, next (Thank you, next)
Thank you, next (Said thank you, next)
Thank you, next (Next)
I'm so fuckin' grateful for my ex
Thank you, next
Thank you, next
Thank you, next
I'm so fuckin'—

One day I'll walk down the aisle
Holding hands with my mama
I'll be thanking my dad
'Cause she grew from the drama
Only wanna do it once, real bad
Gon' make that shit last
God forbid something happens
Least this song is a smash (Song is a smash)

I've got so much love (Love)
Got so much patience (Patience)
And I've learned from the pain (Pain)
I turned out amazing (Turned out amazing)
Say I've loved and I've lost (Yeah, yeah)
But that's not what I see (Yeah, yeah)
'Cause look what I've found (Yeah, yeah)
Ain't no need for searching
And for that, I say
Thank you, next (Thank you, next)
Thank you, next (Thank you, next)
Thank you, next
I'm so fuckin' grateful for my ex
Thank you, next (Thank you, next)
Thank you, next (Said thank you, next)
Thank you, next (Next)
I'm so fuckin' grateful for my ex

Thank you, next
Thank you, next
Thank you, next
Yeah, yee
Thank you, next
Thank you, next
Thank you, next
Yeah, yee513Embed"
107,Beyoncé,299177,Drunk in Love,https://genius.com/Beyonce-drunk-in-love-lyrics,"426 ContributorsTranslationsPortuguêsFrançaisEspañolDrunk in Love Lyrics
I've been drinkin', I've been drinkin'
I get filthy when that liquor get into me
I've been thinkin', I've been thinkin'
Why can't I keep my fingers off it?
Baby, I want you, na-na
Why can't I keep my fingers off you?
Baby, I want you, na-na
Cigars on ice, cigars on ice
Feelin' like an animal with these cameras all in my grill
Flashin' lights, flashin' lights
You got me faded, faded, faded
Baby, I want you, na-na
Can't keep your eyes off my fatty
Daddy, I want you, na-na
Drunk in love, I want you (Ah)
We woke up in the kitchen, sayin', ""How the hell did this shit happen?"", oh, baby
Drunk in love, we be all night
Last thing I remember is our beautiful bodies grindin' up in that club
Drunk in love
We be all night
Love, love
We be all night
Love, love
You might also like
We be all night, and everything alright
No complaints from my body, so fluorescent under these lights
Boy, I'm drinkin', park it in my lot, 7-11
I'm rubbin' on it, rub-rubbin', if you scared, call that reverend
Boy, I'm drinkin', get my brain right, Armand de Brignac, gangster wife
Louis sheets, he sweat it out, like washrags, he wet it up
Boy, I'm drinkin', I'm singin' on the mic to my boy toys
Then I fill the tub up halfway, then ride it with my surfboard
Surfboard, surfboard
Grainin' on that wood, grainin'-grainin' on that wood
I'm swervin' on that, swervin'-swervin' on that
Big body been servin' all this, swerve, surfin' all in this good-good (Ha-ha-ha)
We woke up in the kitchen, sayin', ""How the hell did this shit happen?"", oh, baby
Drunk in love, we be all night
Last thing I remember is our beautiful bodies grindin' up in that club
Drunk in love
We be all night
Love, love
We be all night
Love, love (I'm nice right now, hold up)
That D'USSÉ is the shit, if I do say so myself
If I do say so myself, if I do say so myself
Hold up, stumble all in the house, time to back up all of that mouth
That you had all in the car, talkin' 'bout you the baddest bitch thus far
Talkin' 'bout you be reppin' that Third, I wanna see all the shit that I heard
Know I sling Clint Eastwood, hope you can handle this curve, uh
Foreplay in a foyer, fucked up my Warhol
Slid the panties right to the side, ain't got the time to take drawers off
On sight
Catch a charge, I might
Beat the box up like Mike in '97, I bite
I'm Ike Turner, turn up, baby, no, I don't play
""Now eat the cake, Anna Mae,"" said, ""Eat the cake, Anna Mae""
I'm nice
For y'all to reach these heights
You gon' need G3, 4, 5, 6 flights
Sleep tight
We sex again in the mornin'
Your breasteses is my breakfast, we goin' in

We be all night
Love, love
We be all night
Love, love
I'm never tired, never tired
I been sippin', that's the only thing that's keepin' me on fire, we on fire
Didn't mean to spill that liquor all on my attire
I've been drinkin' watermelon
I want your body right here
Daddy, I want you right now
Can't keep your eyes off my fatty
Daddy, I want you
We be all night
Love, love
We be all night
Love, love3.2KEmbed"
108,The Weeknd,2851948,Starboy,https://genius.com/The-weeknd-starboy-lyrics,"528 ContributorsTranslationsTürkçeEspañolРусскийPortuguêsFrançaisDeutschStarboy Lyrics
Ayy

I'm tryna put you in the worst mood, ah
P1 cleaner than your church shoes, ah
Milli point two just to hurt you, ah
All red Lamb' just to tease you, ah
None of these toys on lease too, ah
Made your whole year in a week too, yah
Main bitch outta your league too, ah
Side bitch outta your league too, ah
House so empty, need a centerpiece
Twenty racks a table, cut from ebony
Cut that ivory into skinny pieces
Then she clean it with her face, man, I love my baby, ah
You talkin' money, need a hearin' aid
You talkin' 'bout me, I don't see the shade
Switch up my style, I take any lane
I switch up my cup, I kill any pain

(Ha-ha-ha-ha-ha, ha-ha-ha-ha-ha)
Look what you've done
(Ha-ha-ha-ha-ha, ha-ha-ha-ha-ha)
I'm a motherfuckin' starboy
(Ha-ha-ha-ha-ha, ha-ha-ha-ha-ha)
Look what you've done
(Ha-ha-ha-ha-ha, ha-ha-ha-ha-ha)
I'm a motherfuckin' starboy
See The Weeknd LiveGet tickets as low as $55You might also like
Every day, a nigga try to test me, ah
Every day, a nigga try to end me, ah
Pull off in that Roadster SV, ah
Pockets overweight, gettin' hefty, ah
Comin' for the king, that's a far cry, I
I come alive in the fall time, I
The competition, I don't really listen
I'm in the blue Mulsanne, bumpin' New Edition
House so empty, need a centerpiece
Twenty racks a table, cut from ebony
Cut that ivory into skinny pieces
Then she clean it with her face, man, I love my baby, ah
You talkin' money, need a hearin' aid
You talkin' 'bout me, I don't see the shade
Switch up my style, I take any lane
I switch up my cup, I kill any pain

(Ha-ha-ha-ha-ha, ha-ha-ha-ha-ha)
Look what you've done
(Ha-ha-ha-ha-ha, ha-ha-ha-ha-ha)
I'm a motherfuckin' starboy
(Ha-ha-ha-ha-ha, ha-ha-ha-ha-ha)
Look what you've done
(Ha-ha-ha-ha-ha, ha-ha-ha-ha-ha)
I'm a motherfuckin' starboy
Let a nigga brag Pitt
Legend of the fall, took the year like a bandit
Bought Mama a crib and a brand new wagon
Now she hit the grocery shop lookin' lavish
Star Trek roof in that Wraith of Khan
Girls get loose when they hear this song
A hundred on the dash get me close to God
We don't pray for love, we just pray for cars
House so empty, need a centerpiece
Twenty racks a table, cut from ebony
Cut that ivory into skinny pieces
Then she clean it with her face, man, I love my baby, ah
You talkin' money, need a hearin' aid
You talkin' 'bout me, I don't see the shade
Switch up my style, I take any lane
I switch up my cup, I kill any pain

(Ha-ha-ha-ha-ha, ha-ha-ha-ha-ha)
Look what you've done
(Ha-ha-ha-ha-ha, ha-ha-ha-ha-ha)
I'm a motherfuckin' starboy
(Ha-ha-ha-ha-ha, ha-ha-ha-ha-ha)
Look what you've done
(Ha-ha-ha-ha-ha, ha-ha-ha-ha-ha)
I'm a motherfuckin' starboy
(Ha-ha-ha-ha-ha, ha-ha-ha-ha-ha)
Look what you've done
(Ha-ha-ha-ha-ha, ha-ha-ha-ha-ha)
I'm a motherfuckin' starboy
(Ha-ha-ha-ha-ha, ha-ha-ha-ha-ha)
Look what you've done
(Ha-ha-ha-ha-ha, ha-ha-ha-ha-ha)
I'm a motherfuckin' starboy630Embed"
109,Logic,3050777,1-800-273-8255,https://genius.com/Logic-1-800-273-8255-lyrics,"447 ContributorsTranslationsDeutschEnglishفارسی1-800-273-8255 Lyrics
I've been on the low, I been taking my time
I feel like I'm out of my mind
It feel like my life ain't mine (Who can relate? Woo)
I've been on the low, I been taking my time
I feel like I'm out of my mind
It feel like my life ain't mine

I don't wanna be alive, I don't wanna be alive
I just wanna die today, I just wanna die
I don't wanna be alive, I don't wanna be alive
I just wanna die
And let me tell you why

All this other shit I'm talkin' 'bout, they think they know it
I've been praying for somebody to save me, no one's heroic
And my life don't even matter, I know it, I know it
I know I'm hurting deep down, but can't show it
I never had a place to call my own
I never had a home, ain't nobody callin' my phone
Where you been? Where you at? What's on your mind?
They say every life precious but nobody care about mine

I've been on the low, I been taking my time
I feel like I'm out of my mind
It feel like my life ain't mine (Who can relate? Woo)
I've been on the low, I been taking my time
I feel like I'm out of my mind
It feel like my life ain't mine
You might also like
I want you to be alive, I want you to be alive
You don't gotta die today, you don't gotta die
I want you to be alive, I want you to be alive
You don't gotta die, now let me tell you why
It's the very first breath when your head's been drowning underwater
And it's the lightness in the air when you're there chest-to-chest with a lover
It's holding on, though the road's long, seeing light in the darkest things
And when you stare at your reflection, finally knowing who it is
I know that you'll thank God you did

I know where you been, where you are, where you goin'
I know you're the reason I believe in life
What's the day without a little night?
I'm just tryna shed a little light
It can be hard
It can be so hard
But you gotta live right now
You got everything to give right now

I've been on the low, I been taking my time
I feel like I'm out of my mind
It feel like my life ain't mine (Who can relate? Woo)
I've been on the low, I been taking my time
I feel like I'm out of my mind
It feel like my life ain't mine
I finally wanna be alive, I finally wanna be alive
I don't wanna die today, I don't wanna die
I finally wanna be alive, I finally wanna be alive
I don't wanna die, I don't wanna die

Pain don't hurt the same, I know
The lane I travel feels alone
But I'm moving 'til my legs give out
And I see my tears melt in the snow
But I don't wanna cry, I don't wanna cry anymore
I wanna feel alive, I don't even wanna die anymore
Oh, I don't wanna
I don't wanna
I don't even wanna die anymore826Embed"
110,Rihanna,2398213,Work,https://genius.com/Rihanna-work-lyrics,"340 ContributorsTranslationsEspañolDeutschFrançaisEnglishWork Lyrics
Work, work, work, work, work, work
He said me haffi work, work, work, work, work, work
He see me do mi dirt, dirt, dirt, dirt, dirt, dirt
Ah so me put in work, work, work, work, work, work
When you ah guh learn, learn, learn, learn, learn, learn?
Me nuh cyar if him hurt, hurt, hurt, hurt, hurting

Dry, me ah desert him
Nuh time to have you lurking
Him ah go act like he nuh like it
You know I dealt with you the nicest
Nuh body touch me, you nuh righteous
Nuh badda, text me in a crisis
I believed all of your dreams, adoration
You took my heart and my keys and my patience
You took my heart on my sleeve for decoration
You mistaken my love I brought for you for foundation
All that I wanted from you was to give me
Something that I never had
Something that you've never seen
Something that you've never been, mm
But I wake up and act like nothing's wrong

Just get ready fi work, work, work, work, work, work
He said me haffi work, work, work, work, work, work
He see me do mi dirt, dirt, dirt, dirt, dirt, dirt
Ah so me put in work, work, work, work, work, work
Ner, ner, ner, ner, ner, ner
When you ah guh learn, learn, learn, learn, learn, learn?
Before the tables turn, turn, turn, turn, turn, turn
You might also like
Beg you something, please
Baby, don't you leave
Don't leave me stuck here in the streets, uh-huh
If I get another chance to
I will never, no, never neglect you
I mean, who am I to hold your past against you?
I just hope that it gets to you
I hope that you see this through
I hope that you see this true
What can I say?
Please recognize I'm tryin', babe

I haffi work, work, work, work, work, work
He said me haffi work, work, work, work, work, work
He see me do mi dirt, dirt, dirt, dirt, dirt, dirt
So me put in work, work, work, work, work, work
When you ah guh learn, learn, learn, learn, learn, learn?
Me nuh cyar if him hurt, hurt, hurt, hurt, hurting (Yeah, okay)

You need to get done, done, done, done at work, come over
We just need to slow the motion
Don't give that away to no one
Long distance, I need you (Ah)
When I see potential, I just gotta see it through
If you had a twin, I would still choose you
I don't wanna rush into it if it's too soon
But I know you need to get done, done, done, done
If you come over
Sorry if I'm way less friendly
I got niggas tryna end me, oh (Yeah)
I spilled all my emotions tonight, I'm sorry
Rollin', rollin', rollin', rollin', rollin'
How many more shots until you're rollin'?
We just need a face-to-face
You could pick the time and the place
You spent some time away
Now you need to forward
And give me all the work, work, work, work, work, work
He said me haffi work, work, work, work, work, work
He see me do mi dirt, dirt, dirt, dirt, dirt, dirt
So me put in work, work, work, work, work, work
When you ah guh learn, learn, learn, learn, learn, learn?
Me nuh cyar if him hurt, hurt, hurt, hurt, hurting

Mm
Mm
Work, work, work, work, work, work
Mm
623Embed"
111,XXXTENTACION,3430186,SAD!,https://genius.com/Xxxtentacion-sad-lyrics,"830 ContributorsTranslationsTürkçeSvenskaEspañolSlovenčinaРусскийPortuguêsPolskiItalianoHebrewDeutschFrançaisSuomiNederlandsAzərbaycanca / آذربايجانالعربيةČeskyپښتوSAD! Lyrics
Yeah

Who am I? Someone that's afraid to let go, uh
You decide if you're ever gonna let me know (Yeah)
Suicide if you ever try to let go, uh
I'm sad, I know, yeah, I'm sad, I know, yeah
Who am I? Someone that's afraid to let go, uh
You decide if you're ever gonna let me know (Yeah)
Suicide if you ever try to let go, uh
I'm sad, I know, yeah, I'm sad, I know, yeah

I gave her everything
She took my heart and left me lonely
I think broken heart's contagious
I won't fix, I'd rather weep
I'm lost then I'm found
But it's torture bein' in love
I love when you're around
But I fuckin' hate when you leave

Who am I? Someone that's afraid to let go, uh
You decide if you're ever gonna let me know (Yeah)
Suicide if you ever try to let go, uh
I'm sad, I know, yeah, I'm sad, I know, yeah
Who am I? Someone that's afraid to let go, uh
You decide if you're ever gonna let me know (Yeah)
Suicide if you ever try to let go, uh
I'm sad, I know, yeah, I'm sad, I know, yeah
You might also like

Who am I? Someone that's afraid to let go, uh
You decide if you're ever gonna let me know (Yeah)
Suicide if you ever try to let go, uh
I'm sad, I know, yeah, I'm sad, I know, yeah
Who am I? Someone that's afraid to let go, uh
You decide if you're ever gonna let me know (Yeah)
Suicide if you ever try to let go, uh
I'm sad, I know, yeah, I'm sad, I know, yeah1.4KEmbed"
112,Ariana Grande,4067762,7 rings,https://genius.com/Ariana-grande-7-rings-lyrics,"482 ContributorsTranslationsTürkçeEspañolRomânăPortuguêsPolskiItalianoHebrewΕλληνικάDeutschFrançaisNederlandsDanskفارسیالعربيةРусскийČesky7 rings Lyrics
Yeah, breakfast at Tiffany's and bottles of bubbles
Girls with tattoos who like getting in trouble
Lashes and diamonds, ATM machines
Buy myself all of my favorite things (Yeah)
Been through some bad shit, I should be a sad bitch
Who woulda thought it'd turn me to a savage?
Rather be tied up with calls and not strings
Write my own checks like I write what I sing, yeah (Yeah)

My wrist, stop watchin', my neck is flossy
Make big deposits, my gloss is poppin'
You like my hair? Gee, thanks, just bought it
I see it, I like it, I want it, I got it (Yeah)

I want it, I got it, I want it, I got it
I want it, I got it, I want it, I got it
You like my hair? Gee, thanks, just bought it
I see it, I like it, I want it, I got it (Yep)
Wearing a ring, but ain't gon' be no ""Mrs.""
Bought matching diamonds for six of my bitches
I'd rather spoil all my friends with my riches
Think retail therapy my new addiction
Whoever said money can't solve your problems
Must not have had enough money to solve 'em
They say, ""Which one?"" I say, ""Nah, I want all of 'em""
Happiness is the same price as red-bottoms
You might also like
My smile is beamin' (Yeah), my skin is gleamin' (Is gleamin')
The way it shine, I know you've seen it (You've seen it)
I bought a crib just for (Just for) the closet (Closet)
Both his and hers, I want it, I got it, yeah

I want it, I got it, I want it, I got it
I want it, I got it, I want it, I got it (Baby)
You like my hair? Gee, thanks, just bought it (Oh yeah)
I see it, I like it, I want it, I got it (Yep)

Yeah, my receipts be lookin' like phone numbers
If it ain't money, then wrong number
Black card is my business card
The way it be settin' the tone for me
I don't mean to brag, but I be like, ""Put it in the bag,"" yeah
When you see them racks, they stacked up like my ass, yeah
Shoot, go from the store to the booth
Make it all back in one loop, gimme the loot
Never mind, I got the juice
Nothing but net when we shoot
Look at my neck, look at my jet
Ain't got enough money to pay me respect
Ain't no budget when I'm on the set
If I like it, then that's what I get, yeah
I want it, I got it, I want it, I got it (Oh yeah)
I want it, I got it, I want it, I got it (Oh yeah, yeah)
You like my hair? Gee, thanks, just bought it
I see it, I like it, I want it, I got it (I see, yep)470Embed"
113,Sam Smith,3219597,Too Good at Goodbyes,https://genius.com/Sam-smith-too-good-at-goodbyes-lyrics,"254 ContributorsTranslationsPortuguêsDeutschToo Good at Goodbyes Lyrics
You must think that I'm stupid
You must think that I'm a fool
You must think that I'm new to this
But I have seen this all before

I'm never gonna let you close to me
Even though you mean the most to me
'Cause every time I open up, it hurts
So I'm never gonna get too close to you
Even when I mean the most to you
In case you go and leave me in the dirt

But every time you hurt me, the less that I cry
And every time you leave me, the quicker these tears dry
And every time you walk out, the less I love you
Baby, we don't stand a chance, it's sad but it's true
I'm way too good at goodbyes
(I'm way too good at goodbyes)
I'm way too good at goodbyes
(I'm way too good at goodbyes)

I know you're thinkin' I'm heartless
I know you're thinkin' I'm cold
I'm just protectin' my innocence
I'm just protectin' my soul
You might also like
I'm never gonna let you close to me
Even though you mean the most to me
'Cause every time I open up, it hurts
So I'm never gonna get too close to you
Even when I mean the most to you
In case you go and leave me in the dirt

But every time you hurt me, the less that I cry
And every time you leave me, the quicker these tears dry
And every time you walk out, the less l love you
Baby, we don't stand a chance, it's sad but it's true
I'm way too good at goodbyes
(I'm way too good at goodbyes)
I'm way too good at goodbyes
(I'm way too good at goodbyes)
No way that you'll see me cry
(No way that you'll see me cry)
I'm way too good at goodbyes
(I'm way too good at goodbyes)

No
No, no, no, no, no
(I'm way too good at goodbyes)
No, no, no, no
No, no, no
(I'm way too good at goodbyes)
(No way that you'll see me cry)
Ahhh
(I'm way too good at goodbyes)
'Cause every time you hurt me, the less that I cry
And every time you leave me, the quicker these tears dry
And every time you walk out, the less I love you
Baby, we don't stand a chance, it's sad but it's true
I'm way too good at goodbyes331Embed"
114,Lady Gaga & Bradley Cooper,3352793,Shallow,https://genius.com/Lady-gaga-and-bradley-cooper-shallow-lyrics,"258 ContributorsTranslationsEspañolNederlandsΕλληνικάFrançaisDeutschNorsk (bokmål / riksmål)Bahasa IndonesiaItalianoShallow Lyrics
Tell me somethin', girl
Are you happy in this modern world?
Or do you need more?
Is there somethin' else you're searchin' for?

I'm fallin'
In all the good times, I find myself longin'
For change
And, in the bad times, I fear myself

Tell me something, boy
Aren't you tired tryna fill that void?
Or do you need more?
Ain't it hard keepin' it so hardcore?

I'm falling
In all the good times, I find myself longing
For change
And, in the bad times, I fear myself

I'm off the deep end, watch as I dive in
I'll never meet the ground
Crash through the surface where they can't hurt us
We're far from the shallow now
You might also like
In the sha-ha, sha-hallow
In the sha-ha, sha-la-la-la-low
In the sha-ha, sha-hallow
We're far from the shallow now

Oh, ha, ah, ha
Oh-ah, ha

I'm off the deep end, watch as I dive in
I'll never meet the ground
Crash through the surface where they can't hurt us
We're far from the shallow now

In the sha-ha, shallow
In the sha-ha, sha-la-la-la-low
In the sha-ha, shallow
We're far from the shallow now362Embed"
115,Drake,3807759,In My Feelings,https://genius.com/Drake-in-my-feelings-lyrics,"380 ContributorsTranslationsไทย / Phasa ThaiPortuguêsEspañolDeutschIn My Feelings Lyrics
Trap, TrapMoneyBenny
This shit got me in my feelings
Gotta be real with it, yeah

Kiki, do you love me? Are you riding?
Say you'll never ever leave from beside me
'Cause I want ya, and I need ya
And I'm down for you always
KB, do you love me? Are you riding?
Say you'll never ever leave from beside me
'Cause I want ya, and I need ya
And I'm down for you always

Look, the new me is really still the real me
I swear you gotta feel me before they try and kill me
They gotta make some choices, they runnin' out of options
'Cause I've been goin' off and they don't know when it's stoppin'
And when you get to toppin', I see that you've been learnin'
And when I take you shoppin', you spend it like you earned it
And when you popped off on your ex, he deserved it
I thought you were the one from the jump, that confirmed it
TrapMoneyBenny, ayy
I buy you Champagne but you love some Henny
From the block like you Jenny
I know you special, girl, 'cause I know too many
You might also like
'Resha, do you love me? Are you riding?
Say you'll never ever leave from beside me
'Cause I want ya, and I need ya
And I'm down for you always
JT, do you love me? Are you riding?
Say you'll never ever leave from beside me
'Cause I want ya, and I need ya
And I'm down for you always

Two bad bitches and we kissin' in the Wraith
Kissin'-kissin' in the Wraith, kiss-kissin' in the Wraith
I need that black card and the code to the safe
Code to the safe, code-code to the safe-safe
I show him how that neck work
Fuck that Netflix and chill, what's your net-net-net worth?
'Cause I want ya, and I need ya
And I'm down for you always
Yeah, yeah, yeah, yeah, he bad
And I'm down for you always
Yeah, yeah, yeah, guess who's back
And I'm down for you always
D-down for you al–
Black biggy biggy black biggy black blake
D-d-down for you always
I got a new boy, and that nigga trade
Kiki, do you love me? Are you riding?
Say you'll never ever leave from beside me
'Cause I want you, and I need you
And I'm down for you always
KB, do you love me? Are you riding?
Say you'll never ever leave from beside me
'Cause I want ya, and I–

Skate and Smoke and Rap
Now let me see you
Bring that ass, bring that ass, bring that ass back
B-bring that ass, bring that ass, bring that ass back
Shawty say the nigga that she with can't hit
But shawty, I'ma hit it, hit it like I can't miss
Now let me see you
Clap that ass, you're the only one I love
Clap that ass, clap-clap that ass
Bring that ass back
Clap-clap-clap that ass, you're the only one I love
Let's go, let's go, let's go
Bring that ass back

Trap, TrapMoneyBenny
This shit got me in my feelings
Gotta be real with it, ayy, yup
(BlaqNmilD, you a genius, you diggin' me?)
You know what, I don't even care, I need a photo with Drake
Because my Instagram is weak as fuck
I'm just being real, my shit, look—217Embed"
116,Imagine Dragons,2970719,Believer,https://genius.com/Imagine-dragons-believer-lyrics,"441 ContributorsTranslationsРусскийMagyarTürkçeEspañolDeutschPortuguêsBeliever Lyrics
First things first
I'ma say all the words inside my head
I'm fired up and tired of
The way that things have been, oh-ooh
The way that things have been, oh-ooh

Second things second
Don't you tell me what you think that I could be
I'm the one at the sail
I'm the master of my sea, oh-ooh
The master of my sea, oh-ooh

I was broken from a young age
Taking my sulkin' to the masses
Writing my poems for the few
That look at me, took to me, shook at me, feelin' me
Singing from heartache from the pain
Taking my message from the veins
Speaking my lesson from the brain
Seeing the beauty through the...

Pain! You made me a, you made me a
Believer, believer
Pain! You break me down, you build me up
Believer, believer
Pain! Oh, let the bullets fly, oh, let them rain
My life, my love, my drive, it came from…
Pain! You made me a, you made me a
Believer, believer
See Imagine Dragons LiveGet tickets as low as $35You might also like
Third things third
Send a prayer to the ones up above
All the hate that you've heard
Has turned your spirit to a dove, oh-ooh
Your spirit up above, oh-ooh

I was chokin' in the crowd
Building my rain up in the cloud
Falling like ashes to the ground
Hoping my feelings, they would drown
But they never did, ever lived, ebbin' and flowin'
Inhibited, limited 'til it broke open and rained down
It rained down, like…

Pain! You made me a, you made me a
Believer, believer
Pain! You break me down, you build me up
Believer, believer
Pain! Oh, let the bullets fly, oh, let them rain
My life, my love, my drive, it came from…
Pain! You made me a, you made me a
Believer, believer
Last things last
By the grace of the fire and the flames
You're the face of the future
The blood in my veins, oh-ooh
The blood in my veins, oh-ooh

But they never did, ever lived, ebbin' and flowin'
Inhibited, limited 'til it broke open and rained down
It rained down, like…

Pain! You made me a, you made me a
Believer, believer
Pain! You break me down, you build me up
Believer, believer
Pain! Oh, let the bullets fly, oh, let them rain
My life, my love, my drive, it came from…
Pain! You made me a, you made me a
Believer, believer429Embed"
117,Fetty Wap,496445,Trap Queen,https://genius.com/Fetty-wap-trap-queen-lyrics,"253 ContributorsTrap Queen Lyrics
RGF productions
Remy Boyz, yah-ah
1738, ayy

I'm like ""Hey, what's up? Hello"" (Ayy)
Seen yo pretty ass soon as you came in the door
I just wanna chill, got a sack for us to roll
Married to the money, introduced her to my stove
Showed her how to whip it, now she remixin' for low
She my trap queen, let her hit the bando
We be countin' up, watch how far them bands go
We just set a goal, talkin' matchin' Lambos
At 56 a gram, 5 a hundred grams though
Man, I swear I love her, how she work the damn pole
Hit the strip club, we be lettin' bands go
Everybody hatin', we just call them fans, though
In love with the money, I ain't never lettin' go

And I get high with my baby (My baby)
I just left the mall, I'm gettin' fly with my baby, yeah
And I can ride with my baby (My baby)
I be in the kitchen cookin' pies with my baby, yeah
And I can ride with my baby (My baby)
I just left the mall, I'm gettin' fly with my baby, yeah
And I can ride with my baby
I be in the kitchen cookin' pies
You might also like
I'm like, ""Hey, what's up? Hello""
I hit the strip with my trap queen, 'cause all we know is bands
I just might snatch up a 'Rari and buy my boo a Lamb'
I just might snatch her a necklace, drop a couple on a ring
She ain't wantin' for nothin' because I got her everything
It's big ZooWap from the bando
Remind me where I can't go
Remy Boyz got the stamp though
Count up hella them bands though
Boy how far can your bands go?
Fetty Wap, I'm livin' fifty thousand K how I stand though
If you checkin' for my pockets I'm like…

And I get high with my baby (My baby)
I just left the mall, I'm gettin' fly with my baby, yeah
And I can ride with my baby (My baby)
I be in the kitchen cookin' pies with my baby, yeah
And I can ride with my baby (My baby)
I just left the mall, I'm gettin' fly with my baby, yeah
And I can ride with my baby (My baby)
I be in the kitchen cookin' pies

I'm like, ""Hey, what's up? Hello""
Seen yo' pretty ass soon as you came in the door
I just wanna chill, got a sack for us to roll
Married to the money, introduced her to my stove
Showed her how to whip it, now she remixin' for low
She my trap queen, let her hit the bando
We be countin' up, watch how far them bands go
We just set a goal, talkin' matchin' Lambos
At 56 a gram, 5 a hundred grams though
Man, I swear I love her how she work the damn pole
Hit the strip club, we be lettin' bands go
Everybody hatin', we just call them fans though
In love with the money, I ain't never lettin' go
I be smokin' dope and you know Backwoods what I roll
Remy Boyz, Fetty eatin' shit up, that's fasho
I'll run in ya house, then I'll fuck your ho
'Cause Remy Boyz or nothin'
Re-Re-Remy Boyz or nothin', yeah

Yeah, you hear my boy
Soundin' like a zillion bucks on the track
I got whatever on my boy, whatever
Put your money where your mouth is
Money on the wood make the game go good
Money out of sight cause fights
Put up or shut up, huh?
Nitt Da Gritt, huh, RGF Productions
Squad3.2KEmbed"
118,Post Malone,2942139,rockstar,https://genius.com/Post-malone-rockstar-lyrics,"485 ContributorsTranslationsEspañolPolskiFrançaisفارسیNederlandsČeskyTürkçeDeutschAzərbaycanca / آذربايجانPortuguêsРусскийrockstar Lyrics
Hahahahaha
Tank God
Ayy, ayy

I've been fuckin' hoes and poppin' pillies
Man, I feel just like a rockstar (Star, ayy, ayy)
All my brothers got that gas
And they always be smokin' like a Rasta ('Sta)
Fuckin' with me, call up on a Uzi
And show up, man, them the shottas ('Tas)
When my homies pull up on your block
They make that thing go grra-ta-ta-ta (Ta, pow, pow, pow, ayy, ayy)

Switch my whip, came back in black
I'm startin' sayin', ""Rest in peace to Bon Scott"" (Scott, ayy)
Close that door, we blowin' smoke
She ask me light a fire like I'm Morrison ('Son, ayy)
Act a fool on stage
Prolly leave my fuckin' show in a cop car (Car, ayy)
Shit was legendary
Threw a TV out the window of the Montage
Cocaine on the table, liquor pourin', don't give a damn
Dude, your girlfriend is a groupie, she just tryna get in
Sayin', ""I'm with the band"" (Ayy, ayy)
Now she actin' outta pocket, tryna grab up on my pants
Hundred bitches in my trailer say they ain't got a man
And they all brought a friend (Yeah, ayy, ayy, ayy)
See Post Malone LiveGet tickets as low as $46You might also like
I've been fuckin' hoes and poppin' pillies
Man, I feel just like a rockstar (Star, ayy, ayy)
All my brothers got that gas
And they always be smokin' like a Rasta ('Sta)
Fuckin' with me, call up on a Uzi
And show up, man, them the shottas ('Tas)
When my homies pull up on your block
They make that thing go grra-ta-ta-ta (Ta, pow, pow, pow)

I've been in the Hills fuckin' superstars
Feelin' like a popstar (21, 21, 21)
Drankin' Henny, bad bitches jumpin' in the pool
And they ain't got on no bra (No bra)
Hit her from the back, pullin' on her tracks
And now she screamin' out, ""¡No más!"" (Yeah, yeah, yeah)
They like, ""Savage, why you got a twelve car garage
And you only got six cars?"" (21)
I ain't with the cakin', how you kiss that? (Kiss that?)
Your wifey say I'm lookin' like a whole snack (Big snack)
Green hundreds in my safe, I got old racks (Old racks)
L.A. bitches always askin', ""Where the coke at?"" (21, 21)
Livin' like a rockstar, smash out on a cop car
Sweeter than a Pop-Tart, you know you are not hard
I done made the hot chart, 'member I used to trap hard
Livin' like a rockstar, I'm livin' like a rockstar (Ayy)
I've been fuckin' hoes and poppin' pillies
Man, I feel just like a rockstar (Star, ayy, ayy)
All my brothers got that gas
And they always be smokin' like a Rasta ('Sta, yeah, yeah, yeah, yeah)
Fuckin' with me, call up on a Uzi
And show up, man, them the shottas ('Tas)
When my homies pull up on your block
They make that thing go grra-ta-ta-ta (Ta, grra-ta-ta-ta-ta)

Star, star, rockstar, rockstar, star
Rockstar
Rockstar, feel just like a–
Rockstar
Rockstar
Rockstar
Feel just like a…774Embed"
119,Ed Sheeran,2953761,Perfect,https://genius.com/Ed-sheeran-perfect-lyrics,"336 ContributorsTranslationsTürkçeEspañolPortuguêsItalianoΕλληνικάDeutschFrançaisفارسیالعربيةPerfect Lyrics
I found a love for me
Oh, darlin', just dive right in and follow my lead
Well, I found a girl, beautiful and sweet
Oh, I never knew you were the someone waitin' for me

'Cause we were just kids when we fell in love
Not knowin' what it was
I will not give you up this time
But, darlin', just kiss me slow
Your heart is all I own
And in your eyes, you're holdin' mine

Baby, I'm dancin' in the dark with you between my arms
Barefoot on the grass while listenin' to our favourite song
When you said you looked a mess, I whispered underneath my breath
But you heard it, ""Darlin', you look perfect tonight""

Well, I found a woman stronger than anyone I know
She shares my dreams, I hope that, someday, I'll share her home
I found a love to carry more than just my secrets
To carry love, to carry children of our own
See Ed Sheeran LiveGet tickets as low as $136You might also like
We are still kids, but we're so in love
Fightin' against all odds
I know we'll be alright this time
Darlin', just hold my hand
Be my girl, I'll be your man
I see my future in your eyes

Baby, I'm dancin' in the dark with you between my arms
Barefoot on the grass while listenin' to our favourite song
When I saw you in that dress, lookin' so beautiful
I don't deserve this, darlin', you look perfect tonight

No, no, no
Mm, no, no

Baby, I'm dancin' in the dark with you between my arms
We're barefoot on the grass, oh, listenin' to our favourite song
I have faith in what I see, now I know I have met
An angel in person and she looks perfect
I don't deserve this, you look perfect tonight265Embed"
120,Queen,1063,Bohemian Rhapsody,https://genius.com/Queen-bohemian-rhapsody-lyrics,"485 ContributorsTranslationsDeutschTürkçeไทย / Phasa ThaiEspañolPortuguêsفارسیFrançaisPolskiBohemian Rhapsody Lyrics
Is this the real life? Is this just fantasy?
Caught in a landslide, no escape from reality
Open your eyes, look up to the skies and see
I'm just a poor boy, I need no sympathy
Because I'm easy come, easy go, little high, little low
Any way the wind blows doesn't really matter to me, to me

Mama, just killed a man
Put a gun against his head, pulled my trigger, now he's dead
Mama, life had just begun
But now I've gone and thrown it all away
Mama, ooh, didn't mean to make you cry
If I'm not back again this time tomorrow
Carry on, carry on as if nothing really matters

Too late, my time has come
Sends shivers down my spine, body's aching all the time
Goodbye, everybody, I've got to go
Gotta leave you all behind and face the truth
Mama, ooh (Any way the wind blows)
I don't wanna die
I sometimes wish I'd never been born at all
You might also like
I see a little silhouetto of a man
Scaramouche, Scaramouche, will you do the Fandango?
Thunderbolt and lightning, very, very frightening me
(Galileo) Galileo, (Galileo) Galileo, Galileo Figaro magnifico (Oh-oh-oh-oh)
But I'm just a poor boy, nobody loves me
He's just a poor boy from a poor family
Spare him his life from this monstrosity
Easy come, easy go, will you let me go?
Bismillah, no, we will not let you go
(Let him go) Bismillah, we will not let you go
(Let him go) Bismillah, we will not let you go
(Let me go) Will not let you go
(Let me go) Will not let you go
(Never, never, never, never let me go) Ah
No, no, no, no, no, no, no
(Oh, mamma mia, mamma mia) Mamma mia, let me go
Beelzebub has a devil put aside for me, for me, for me
So you think you can stone me and spit in my eye?
So you think you can love me and leave me to die?
Oh, baby, can't do this to me, baby
Just gotta get out, just gotta get right outta here
(Ooh)
(Ooh, yeah, ooh, yeah)
Nothing really matters, anyone can see
Nothing really matters
Nothing really matters to me
Any way the wind blows695Embed"
121,Lady Gaga & Bradley Cooper,3352793,Shallow,https://genius.com/Lady-gaga-and-bradley-cooper-shallow-lyrics,"258 ContributorsTranslationsEspañolNederlandsΕλληνικάFrançaisDeutschNorsk (bokmål / riksmål)Bahasa IndonesiaItalianoShallow Lyrics
Tell me somethin', girl
Are you happy in this modern world?
Or do you need more?
Is there somethin' else you're searchin' for?

I'm fallin'
In all the good times, I find myself longin'
For change
And, in the bad times, I fear myself

Tell me something, boy
Aren't you tired tryna fill that void?
Or do you need more?
Ain't it hard keepin' it so hardcore?

I'm falling
In all the good times, I find myself longing
For change
And, in the bad times, I fear myself

I'm off the deep end, watch as I dive in
I'll never meet the ground
Crash through the surface where they can't hurt us
We're far from the shallow now
You might also like
In the sha-ha, sha-hallow
In the sha-ha, sha-la-la-la-low
In the sha-ha, sha-hallow
We're far from the shallow now

Oh, ha, ah, ha
Oh-ah, ha

I'm off the deep end, watch as I dive in
I'll never meet the ground
Crash through the surface where they can't hurt us
We're far from the shallow now

In the sha-ha, shallow
In the sha-ha, sha-la-la-la-low
In the sha-ha, shallow
We're far from the shallow now362Embed"
122,Imagine Dragons,2970719,Believer,https://genius.com/Imagine-dragons-believer-lyrics,"441 ContributorsTranslationsРусскийMagyarTürkçeEspañolDeutschPortuguêsBeliever Lyrics
First things first
I'ma say all the words inside my head
I'm fired up and tired of
The way that things have been, oh-ooh
The way that things have been, oh-ooh

Second things second
Don't you tell me what you think that I could be
I'm the one at the sail
I'm the master of my sea, oh-ooh
The master of my sea, oh-ooh

I was broken from a young age
Taking my sulkin' to the masses
Writing my poems for the few
That look at me, took to me, shook at me, feelin' me
Singing from heartache from the pain
Taking my message from the veins
Speaking my lesson from the brain
Seeing the beauty through the...

Pain! You made me a, you made me a
Believer, believer
Pain! You break me down, you build me up
Believer, believer
Pain! Oh, let the bullets fly, oh, let them rain
My life, my love, my drive, it came from…
Pain! You made me a, you made me a
Believer, believer
See Imagine Dragons LiveGet tickets as low as $35You might also like
Third things third
Send a prayer to the ones up above
All the hate that you've heard
Has turned your spirit to a dove, oh-ooh
Your spirit up above, oh-ooh

I was chokin' in the crowd
Building my rain up in the cloud
Falling like ashes to the ground
Hoping my feelings, they would drown
But they never did, ever lived, ebbin' and flowin'
Inhibited, limited 'til it broke open and rained down
It rained down, like…

Pain! You made me a, you made me a
Believer, believer
Pain! You break me down, you build me up
Believer, believer
Pain! Oh, let the bullets fly, oh, let them rain
My life, my love, my drive, it came from…
Pain! You made me a, you made me a
Believer, believer
Last things last
By the grace of the fire and the flames
You're the face of the future
The blood in my veins, oh-ooh
The blood in my veins, oh-ooh

But they never did, ever lived, ebbin' and flowin'
Inhibited, limited 'til it broke open and rained down
It rained down, like…

Pain! You made me a, you made me a
Believer, believer
Pain! You break me down, you build me up
Believer, believer
Pain! Oh, let the bullets fly, oh, let them rain
My life, my love, my drive, it came from…
Pain! You made me a, you made me a
Believer, believer429Embed"
123,Arctic Monkeys,154314,Do I Wanna Know?,https://genius.com/Arctic-monkeys-do-i-wanna-know-lyrics,"230 ContributorsTranslationsEspañolFrançaisPortuguêsالعربيةItalianoDeutschTürkçeDo I Wanna Know? Lyrics
Have you got colour in your cheeks?
Do you ever get that fear that you can't shift the type
That sticks around like summat in your teeth?
Are there some aces up your sleeve?
Have you no idea that you're in deep?
I've dreamt about you nearly every night this week
How many secrets can you keep?
'Cause there's this tune I found
That makes me think of you somehow an' I play it on repeat
Until I fall asleep, spillin' drinks on my settee

(Do I wanna know?) If this feelin' flows both ways?
(Sad to see you go) Was sorta hopin' that you'd stay
(Baby, we both know) That the nights were mainly made
For sayin' things that you can't say tomorrow day

Crawlin' back to you
Ever thought of callin' when
You've had a few?
'Cause I always do
Maybe I'm too
Busy bein' yours
To fall for somebody new
Now, I've thought it through
Crawlin' back to you
You might also like
So have you got the guts?
Been wonderin' if your heart's still open
And if so, I wanna know what time it shuts
Simmer down an' pucker up, I'm sorry to interrupt
It's just I'm constantly on the cusp of tryin' to kiss you
But I don't know if you feel the same as I do
But we could be together if you wanted to

(Do I wanna know?) If this feelin' flows both ways?
(Sad to see you go) Was sorta hopin' that you'd stay
(Baby, we both know) That the nights were mainly made
For sayin' things that you can't say tomorrow day

Crawlin' back to you (Crawlin' back to you)
Ever thought of callin' when
You've had a few? (Had a few)
'Cause I always do ('Cause I always do)
Maybe I'm too (Maybe I'm too busy)
Busy bein' yours (Bein' yours)
To fall for somebody new
Now, I've thought it through
Crawlin' back to you
(Do I wanna know?) If this feelin' flows both ways?
(Sad to see you go) Was sorta hopin' that you'd stay
(Baby, we both know) That the nights were mainly made
For sayin' things that you can't say tomorrow day
(Do I wanna know?) Too busy bein' yours to fall
(Sad to see you go) Ever thought of callin', darlin'?
(Do I wanna know?) Do you want me crawlin' back to you?864Embed"
124,Hozier,226866,Take Me to Church,https://genius.com/Hozier-take-me-to-church-lyrics,"369 ContributorsTranslationsفارسیEspañolFrançaisDeutschNorsk (bokmål / riksmål)TürkçeTake Me to Church Lyrics
My lover's got humour
She's the giggle at a funeral
Knows everybody's disapproval
I should've worshipped her sooner
If the heavens ever did speak
She's the last true mouthpiece
Every Sunday's gettin' more bleak
A fresh poison each week
We were born sick, you heard them say it
My church offers no absolutes
She tells me, ""Worship in the bedroom""
The only heaven I'll be sent to
Is when I'm alone with you
I was born sick, but I love it
Command me to be well

A, amen
Amen, amen

Take me to church
I'll worship like a dog at the shrine of your lies
I'll tell you my sins and you can sharpen your knife
Offer me that deathless death
Oh, good God, let me give you my life
Take me to church
I'll worship like a dog at the shrine of your lies
I'll tell you my sins and you can sharpen your knife
Offer me that deathless death
Oh, good God, let me give you my life
See Hozier LiveGet tickets as low as $117You might also like
If I'm a pagan of the good times
My lover's the sunlight
To keep the goddess on my side
She demands a sacrifice
Drain the whole sea, get somethin' shiny
Somethin' meaty for the main course
That's a fine lookin' high horse
What you got in the stable?
We've a lot of starvin' faithful
That looks tasty, that looks plenty
This is hungry work

Take me to church
I'll worship like a dog at the shrine of your lies
I'll tell you my sins, so you can sharpen your knife
Offer me my deathless death
Oh, good God, let me give you my life
Take me to church
I'll worship like a dog at the shrine of your lies
I'll tell you my sins, so you can sharpen your knife
Offer me my deathless death
Oh, good God, let me give you my life

No masters or kings when the ritual begins
There is no sweeter innocence than our gentle sin
In the madness and soil of that sad earthly scene
Only then, I am human, only then, I am clean
Oh, oh, amen
Amen, amen

Take me to church
I'll worship like a dog at the shrine of your lies
I'll tell you my sins and you can sharpen your knife
Offer me that deathless death
Oh, good God, let me give you my life
Take me to church
I'll worship like a dog at the shrine of your lies
I'll tell you my sins and you can sharpen your knife
Offer me that deathless death
Oh, good God, let me give you my life

1.6KEmbed"
125,Leonard Cohen,1237,Hallelujah,https://genius.com/Leonard-cohen-hallelujah-lyrics,"199 ContributorsTranslationsFrançaisHebrewHallelujah Lyrics
Now I've heard there was a secret chord
That David played and it pleased the Lord
But you don't really care for music, do ya?
It goes like this, the fourth, the fifth
The minor fall, the major lift
The baffled king composing ""Hallelujah""

Hallelujah, Hallelujah
Hallelujah, Hallelujah

Your faith was strong, but you needed proof
You saw her bathing on the roof
Her beauty in the moonlight overthrew ya
She tied you to a kitchen chair
She broke your throne and she cut your hair
And from your lips she drew the Hallelujah

Hallelujah, Hallelujah
Hallelujah, Hallelujah
You say I took the name in vain
I don't even know the name
But if I did, well, really, what's it to ya?
There's a blaze of light in every word
It doesn't matter which you heard
The holy or the broken Hallelujah
You might also like
Hallelujah, Hallelujah
Hallelujah, Hallelujah
I did my best, it wasn't much
I couldn't feel, so I tried to touch
I've told the truth, I didn't come to fool ya
And even though it all went wrong
I'll stand before the lord of song
With nothing on my tongue but hallelujah

Hallelujah, Hallelujah
Hallelujah, Hallelujah
Hallelujah, Hallelujah
Hallelujah, Hallelujah
Hallelujah, Hallelujah
Hallelujah, Hallelujah
Hallelujah, Hallelujah
Hallelujah, Hallelujah
Hallelujah, Hallelujah

Hallelujah, Hallelujah
Baby, I've been here before
I know this room, I've walked this floor
I used to live alone before I knew ya
And I've seen your flag on the marble arch
Love is not a victory march
It's a cold and it's a broken Hallelujah
There was a time you let me know
What's really going on below
But now you never show it to me, do ya?
And remember when I moved in you
The holy dove was moving too
And every breath we drew was Hallelujah
Maybe there's a God above
But all I've ever learned from love
Was how to shoot at someone who outdrew ya
And it's not a cry that you hear at night
It's not somebody who's seen the light
It's a cold and it's a broken Hallelujah83Embed"
126,The Killers,5139,Mr. Brightside,https://genius.com/The-killers-mr-brightside-lyrics,"238 ContributorsTranslationsFrançaisDeutschMr. Brightside Lyrics
Comin' out of my cage and I've been doin' just fine
Gotta, gotta be down because I want it all
It started out with a kiss, how did it end up like this?
It was only a kiss, it was only a kiss
Now I'm falling asleep and she's calling a cab
While he's having a smoke and she's taking a drag
Now they're goin' to bed and my stomach is sick
And it's all in my head, but she's touching his

Chest now
He takes off her dress now
Let me go
And I just can't look, it's killing me
They're taking control

Jealousy
Turning saints into the sea
Swimming through sick lullabies
Choking on your alibi
But it's just the price I pay
Destiny is calling me
Open up my eager eyes
'Cause I'm Mr. Brightside
See The Killers LiveGet tickets as low as $93You might also like
I'm comin' out of my cage and I've been doin' just fine
Gotta, gotta be down because I want it all
It started out with a kiss, how did it end up like this?
(It was only a kiss) It was only a kiss
Now I'm falling asleep and she's calling a cab
While he's havin' a smoke and she's taking a drag
Now they're goin' to bed and my stomach is sick
And it's all in my head, but she's touching his

Chest now
He takes off her dress now
Let me go
'Cause I just can't look, it's killing me
They're taking control

Jealousy
Turning saints into the sea
Swimming through sick lullabies
Choking on your alibi
But it's just the price I pay
Destiny is calling me
Open up my eager eyes
'Cause I'm Mr. Brightside

I never
I never
I never
I never204Embed"
127,Harry Styles,3040789,Sign of the Times,https://genius.com/Harry-styles-sign-of-the-times-lyrics,"328 ContributorsTranslationsNederlandsEspañolPortuguêsPolskiNorsk (bokmål / riksmål)ΕλληνικάFrançaisDeutschSign of the Times Lyrics
Just stop your crying, it's a sign of the times
Welcome to the final show
I hope you're wearing your best clothes
You can't bribe the door on your way to the sky
You look pretty good down here
But you ain't really good

If we never learn we've been here before
Why are we always stuck and running from
The bullets, the bullet?
We never learn, we've been here before
Why are we always stuck and running from
Your bullets, a bullet?

Just stop your crying, it's a sign of the times
We gotta get away from here
We gotta get away from here
Just stop your crying, it'll be alright
They told me that the end is near
We gotta get away from here

Just stop your crying, have the time of your life
Breaking through the atmosphere
Things look pretty good from here
Remember everything will be alright
We can meet again somewhere
Somewhere far away from here
You might also like
We never learn, we've been here before
Why are we always stuck and running from
The bullets, the bullets?
We never learn, we've been here before
Why are we always stuck and running from
The bullets, the bullets?

Just stop your crying, it's a sign of the times
We gotta get away from here
We gotta get away from here
Stop your crying, baby, it'll be alright
They told me that the end is near
We gotta get away from here

We never learn, we've been here before
Why are we always stuck and running from
Your bullets, the bullets?
We never learn, we've been here before
Why are we always stuck and running from
Your bullets, your bullets?

We don't talk enough
We should open up
Before it's all too much
Will we ever learn?
We've been here before
It's just what we know
Stop your crying, baby, it's a sign of the times
We gotta get away
We got to get away, we got to get away
We got to get away, we got to get away
We got to, we got to run
We got to, we got to run
We got to, we got to run away355Embed"
128,Daft Punk,139968,Get Lucky,https://genius.com/Daft-punk-get-lucky-lyrics,"236 ContributorsTranslationsEspañolPortuguêsPolskiFrançaisDeutschGet Lucky Lyrics
Like the legend of the phoenix, huh
All ends with beginnings
What keeps the planet spinning, uh-huh
The force from the beginning
Look

We've come too far
To give up who we are
So let's raise the bar
And our cups to the stars

She's up all night 'til the sun
I'm up all night to get some
She's up all night for good fun
I'm up all night to get lucky
We're up all night 'til the sun
We're up all night to get some
We're up all night for good fun
We're up all night to get lucky
We're up all night to get lucky
We're up all night to get lucky
We're up all night to get lucky
We're up all night to get lucky
You might also like
The present has no ribbon
Your gift keeps on giving
What is this I'm feeling?
If you wanna leave, I'm with it, uh-huh

We've come too far
To give up who we are
So let's raise the bar
And our cups to the stars

She's up all night 'til the sun
I'm up all night to get some
She's up all night for good fun
I'm up all night to get lucky
We're up all night 'til the sun
We're up all night to get some
We're up all night for good fun
We're up all night to get lucky
We're up all night to get lucky
We're up all night to get lucky
We're up all night to get lucky
We're up all night to get lucky
She's up all night 'til the sun
I'm up all night to get some
She's up all night for good fun
I'm up all night to get lucky
We're up all night 'til the sun
We're up all night to get some
We're up all night for good fun
We're up all night to get lucky
We're up all night to get lucky
We're up all night to get lucky
We're up all night to get lucky
We're up all night to get lucky

She's up all night 'til the sun
I'm up all night to get some
She's up all night for good fun
I'm up all night to get lucky
We're up all night 'til the sun
We're up all night to get some
We're up all night for good fun
We're up all night to get lucky
We're up all night to get lucky
We're up all night to get lucky
We're up all night to get lucky
We're up all night to get lucky
We're up all night to get
We're up all night to get
We're up all night to get
We're up all night to get
We're up all night to get
We're up all night to get
We're up all night to get
We're up all night to get
We're up all night to get back together
We're up all night to get (Let's get funked again)
We're up all night to get (Funky)
We're up all night to get lucky
We're up all night to get lucky
We're up all night to get lucky
We're up all night to get lucky
We're up all night to get lucky
We're up all night to get lucky
We're up all night to get lucky
We're up all night to get lucky
We're up all night to get lucky

We've come too far
To give up who we are
So let's raise the bar
And our cups to the stars

She's up all night 'til the sun
I'm up all night to get some
She's up all night for good fun
I'm up all night to get lucky
We're up all night 'til the sun
We're up all night to get some
We're up all night for good fun
We're up all night to get lucky
We're up all night to get lucky
We're up all night to get lucky
We're up all night to get lucky
We're up all night to get lucky

We're up all night to get lucky
We're up all night to get lucky
We're up all night to get lucky
We're up all night to get lucky
We're up all night to get lucky
We're up all night to get lucky
We're up all night to get lucky
We're up all night to get lucky
We're up all night to get lucky
We're up all night to get lucky
We're up all night to get lucky
We're up all night to get lucky457Embed"
129,The Chainsmokers & Coldplay,2998843,Something Just Like This,https://genius.com/The-chainsmokers-and-coldplay-something-just-like-this-lyrics,"203 ContributorsTranslationsPortuguêsDeutschفارسیEspañolSomething Just Like This Lyrics
I've been reading books of old, the legends and the myths
Achilles and his gold, Hercules and his gifts
Spider-Man's control and Batman with his fists
And clearly, I don't see myself upon that list

But she said, ""Where d'you wanna go? How much you wanna risk?""
I'm not lookin' for somebody with some superhuman gifts
Some superhero, some fairytale bliss
Just something I can turn to, somebody I can kiss
I want something just like this

Doo-doo-doo, doo-doo-doo
Doo-doo-doo, doo, doo
Doo-doo-doo, doo-doo-doo
Oh, I want something just like this
Doo-doo-doo, doo-doo-doo
Doo-doo-doo, doo, doo
Doo-doo-doo, doo-doo-doo
Oh, I want something just like this

I want something just like this
You might also like
I've been reading books of old, the legends and the myths
The testaments they told, the moon and its eclipse
And Superman unrolls a suit before he lifts
But I'm not the kind of person that it fits

She said, ""Where d'you wanna go? How much you wanna risk?""
I'm not lookin' for somebody with some superhuman gifts
Some superhero, some fairytale bliss
Just something I can turn to, somebody I can miss

I want something just like this
I want something just like this
Oh, I want something just like this

Doo-doo-doo, doo-doo-doo
Doo-doo-doo, doo, doo
Doo-doo-doo, doo-doo-doo
Oh, I want something just like this
Doo-doo-doo, doo-doo-doo
Doo-doo-doo, doo, doo
Doo-doo-doo, doo-doo-doo
Where d'you wanna go? How much you wanna risk?
I'm not lookin' for somebody with some superhuman gifts
Some superhero, some fairytale bliss
Just something I can turn to, somebody I can kiss
I want something just like this
Oh, I want something just like this
Oh, I want something just like this
Oh, I want something just like this125Embed"
130,blink-182,61981,I Miss You,https://genius.com/Blink-182-i-miss-you-lyrics,"142 ContributorsTranslationsPortuguêsI Miss You Lyrics
I miss you, I miss you

Hello, there
The angel from my nightmare
The shadow in the background of the morgue
The unsuspecting victim
Of darkness in the valley
We can live like Jack and Sally if we want
Where you can always find me
And we'll have Halloween on Christmas
And in the night, we'll wish this never ends
We'll wish this never ends

I miss you, I miss you
I miss you, I miss you

Where are you? And I'm so sorry
I cannot sleep, I cannot dream tonight
I need somebody and always
This sick, strange darkness
Comes creeping on, so haunting every time
And as I stare, I counted
The webs from all the spiders
Catching things and eating their insides
Like indecision to call you
And hear your voice of treason
Will you come home and stop this pain tonight?
Stop this pain tonight
You might also like
Don't waste your time on me, you're already
The voice inside my head (I miss you, I miss you)
Don't waste your time on me, you're already
The voice inside my head (I miss you, I miss you)


Don't waste your time on me, you're already
The voice inside my head (I miss you, I miss you)
Don't waste your time on me, you're already
The voice inside my head (I miss you, I miss you)
Don't waste your time on me, you're already
The voice inside my head (I miss you, I miss you)
Don't waste your time on me, you're already
The voice inside my head (I miss you, I miss you)

I miss you, I miss you
I miss you, I miss you
I miss you, I miss you
I miss you, I miss you192Embed"
131,Billie Eilish,6533253,Happier Than Ever,https://genius.com/Billie-eilish-happier-than-ever-lyrics,"302 ContributorsTranslationsРусскийTürkçeEspañolРусскийPortuguêsNorsk (bokmål / riksmål)日本語ItalianoDeutschFrançaisفارسیУкраїнськаDanskSvenskaMagyar한국어العربيةСрпскиHappier Than Ever Lyrics
When I'm away from you
I'm happier than ever
Wish I could explain it better
I wish it wasn't true

Give me a day or two to think of something clever
To write myself a letter
To tell me what to do, mm-mm
Do you read my interviews?
Or do you skip my avenue?
When you said you were passin' through
Was I even on your way?
I knew when I asked you to (When I asked you to)
Be cool about what I was tellin' you
You'd do the opposite of what you said you'd do (What you said you'd do)
And I'd end up more afraid
Don't say it isn't fair
You clearly werеn't aware that you made me misеrable
So if you really wanna know

When I'm away from you (When I'm away from you)
I'm happier than ever (Happier than ever)
Wish I could explain it better (Wish I could explain it better)
I wish it wasn't true, mm-mm
See Billie Eilish LiveGet tickets as low as $135You might also like
You call me again, drunk in your Benz
Drivin' home under the influence
You scared me to death, but I'm wastin' my breath
'Cause you only listen to your fuckin' friends
I don't relate to you
I don't relate to you, no
'Cause I'd never treat me this shitty
You made me hate this city

And I don't talk shit about you on the internet
Never told anyone anything bad
'Cause that shit's embarrassing, you were my everything
And all that you did was make me fuckin' sad
So don't waste the time I don't have
And don't try to make me feel bad
I could talk about every time that you showed up on time
But I'd have an empty line 'cause you never did
Never paid any mind to my mother or friends, so I
Shut 'em all out for you 'cause I was a kid

You ruined everything good
Always said you were misunderstood
Made all my moments your own
Just fuckin' leave me alone, yeah (Fuck you)
(Ah)
(Goddamn)
(Ah)
(Fuck you)
(Fuck you)317Embed"
132,Taylor Swift,7394358,All Too Well (10 Minute Version) (Taylor’s Version) [Live Acoustic],https://genius.com/Taylor-swift-all-too-well-10-minute-version-taylors-version-live-acoustic-lyrics,"82 ContributorsTranslationsEspañolAll Too Well (10 Minute Version) (Taylor’s Version)  Lyrics
I walked through the door with you, the air was cold
But something 'bout it felt like home somehow
And I left my scarf there at your sister's house
And you've still got it in your drawer, even now

Oh, your sweet disposition and my wide-eyed gaze
We're singing in the car, getting lost upstate
Autumn leaves falling down like pieces into place
And I can picture it after all these days

And I know it's long gone and
That magic's not here no more
And I might be okay, but I'm not fine at all
Oh, oh, oh

'Cause there we are again on that little town street
You almost ran the red 'cause you were lookin' over at me
Wind in my hair, I was there
I remember it all too well

Photo album on the counter, your cheeks were turning red
You used to be a little kid with glasses in a twin-sized bed
And your mother's telling stories 'bout you on the tee-ball team
You told me 'bout your past, thinking your future was me
And you were tossing me the car keys, ""Fuck the patriarchy""
Key chain on the ground, we were always skipping town
And I was thinking on the drive down, any time now
He's gonna say it's love, you never called it what it was
'Til we were dead and gone and buried
Check the pulse and come back swearing it's the same
After three months in the grave
And then you wondered where it went to as I reached for you
But all I felt was shame and you held my lifeless frame
See Taylor Swift LiveGet tickets as low as $1,206You might also like
And I know it's long gone and
There was nothing else I could do
And I forget about you long enough
To forget why I needed to

'Cause there we are again in the middle of the night
We're dancing 'round the kitchen in the refrigerator light
Down the stairs, I was there
I remember it all too well
And there we are again when nobody had to know
You kept me like a secret, but I kept you like an oath
Sacred prayer and we'd swear
To remember it all too well, yeah

Well, maybe we got lost in translation
Maybe I asked for too much
But maybe this thing was a masterpiece
'Til you tore it all up
Running scared, I was there
I remember it all too well
And you call me up again just to break me like a promise
So casually cruel in the name of being honest
I'm a crumpled up piece of paper lying here
'Cause I remember it all, all, all
They say all's well that ends well, but I'm in a new Hell
Every time you double-cross my mind
You said if we had been closer in age maybe it would have been fine
And that made me want to die
The idea you had of me, who was she?
A never-needy, ever-lovely jewel whose shine reflects on you
Not weeping in a party bathroom
Some actress asking me what happened, you
That's what happened, you
You who charmed my dad with self-effacing jokes
Sipping coffee like you're on a late-night show
But then he watched me watch the front door all night, willing you to come
And he said, ""It's supposed to be fun turning twenty-one""

Time won't fly, it's like I'm paralyzed by it
I'd like to be my old self again, but I'm still trying to find it
After plaid shirt days and nights when you made me your own
Now you mail back my things and I walk home alone
But you keep my old scarf from that very first week
'Cause it reminds you of innocence and it smells like me
You can't get rid of it
'Cause you remember it all too well, yeah

'Cause there we are again when I loved you so
Back before you lost the one real thing you've ever known
It was rare, I was there
I remember it all too well
Wind in my hair, you were there
You remember it all
Down the stairs, you were there
You remember it all
It was rare, I was there
I remember it all too well
And I was never good at telling jokes, but the punch line goes
""I'll get older, but your lovers stay my age""
From when your Brooklyn broke my skin and bones
I'm a soldier who's returning half her weight
And did the twin flame bruise paint you blue?
Just between us, did the love affair maim you, too?
'Cause in this city's barren cold
I still remember the first fall of snow
And how it glistened as it fell
I remember it all too well

Just between us, did the love affair maim you all too well?
Just between us, do you remember it all too well?
Just between us, I remember it (Just between us), all too well
Wind in my hair, I was there, I was there
Down the stairs, I was there, I was there
Sacred prayer, I was there, I was there
It was rare, you remember it all too well
Wind in my hair, I was there, I was there
Down the stairs, I was there, I was there
Sacred prayer, I was there, I was there
It was rare, you remember it
Wind in my hair, I was there, I was there
Down the stairs, I was there, I was there
Sacred prayer, I was there, I was there
It was rare, you remember it
Wind in my hair, I was there, I was there
Down the stairs, I was there, I was there
Sacred prayer, I was there, I was there
It was rare, you remember it all too well

I love you guys so much52Embed"
133,4 Non Blondes,245574,What’s Up?,https://genius.com/4-non-blondes-whats-up-lyrics,"94 ContributorsTranslationsDeutschWhat’s Up? Lyrics
25 years and my life is still
Tryin' to get up that great big hill of hope
For a destination
I realized quickly when I knew I should
That the world was made up of this brotherhood of man
For whatever that means

And so I cry sometimes when I'm lying in bed
Just to get it all out what's in my head
And I, I am feeling a little peculiar
And so I wake in the morning and I step outside
And I take a deep breath and I get real high
And I scream from the top of my lungs
""What's going on?""

And I say, hey-ey-ey
Hey-ey-ey
I said ""Hey, a-what's going on?""
And I say, hey-ey-ey
Hey-ey-ey
I said ""Hey, a-what's going on?""

Ooh, ooh
Ooh
Ooh, uh huh
Ooh, ooh
Ooh
Ooh, uh huh
You might also like
And I try
Oh my God, do I try
I try all the time
In this institution
And I pray
Oh my God, do I pray
I pray every single day
For revolution

And so I cry sometimes when I'm lying in bed
Just to get it all out, what's in my head
And I, I am feeling a little peculiar
And so I wake in the morning and I step outside
And I take a deep breath and I get real high
And I scream from the top of my lungs
""What's going on?""

And I say, hey-ey-ey
Hey-ey-ey
I said ""Hey, what's going on?""
And I say, hey-ey-ey
Hey-ey-ey
I said ""Hey, a-what's going on?""
And I say, hey-ey-ey
(Wake in the morning and step outside)
Hey-ey-ey
(Take a deep breath and I get real high)
(And I scream)
I said ""Hey, a-what's going on?""
And I say, hey-ey-ey
(Wake in the morning and step outside)
Hey-ey, yeah yeah yeah
(Take a deep breath and I get real high)
(And I scream)
I said ""Hey, a-what's going on?""
Ooh, ooh
Ooh
Ooh, uh huh

25 years and my life is still
Tryin' to get up that great big hill of hope
For a destination, mmm57Embed"
134,Harry Styles,7844309,As It Was,https://genius.com/Harry-styles-as-it-was-lyrics,"213 ContributorsTranslationsTürkçeEspañolPortuguês日本語ItalianoΕλληνικάDeutschFrançaisTagalog / ᜆᜄᜎᜓᜄ᜔فارسیNederlandsShqipPolskiРусскийहिन्दीČesky한국어Tiếng ViệtRomânăSlovenčinaAs It Was Lyrics
Come on, Harry, we wanna say goodnight to you

Holdin' me back
Gravity's holdin' me back
I want you to hold out the palm of your hand
Why don't we leave it at that?
Nothin' to say
When everything gets in the way
Seems you cannot be replaced
And I'm the one who will stay, oh-oh-oh

In this world, it's just us
You know it's not the same as it was
In this world, it's just us
You know it's not the same as it was
As it was, as it was
You know it's not the same

Answer the phone
""Harry, you're no good alone
Why are you sitting at home on the floor?
What kind of pills are you on?""
Ringin' the bell
And nobody's coming to help
Your daddy lives by himself
He just wants to know that you're well, oh-oh-oh
You might also like
In this world, it's just us
You know it's not the same as it was
In this world, it's just us
You know it's not the same as it was
As it was, as it was
You know it's not the same

Go home, get ahead, light-speed internet
I don't wanna talk about the way that it was
Leave America, two kids follow her
I don't wanna talk about who's doin' it first

(Hey)
As it was
You know it's not the same as it was
As it was, as it was191Embed"
135,Coldplay,49192,Viva La Vida,https://genius.com/Coldplay-viva-la-vida-lyrics,"269 ContributorsTranslationsहिन्दीTürkçeEspañolPortuguêsDeutschFrançais한국어DanskفارسیHebrewViva La Vida Lyrics
I used to rule the world
Seas would rise when I gave the word
Now in the mornin', I sleep alone
Sweep the streets I used to own

I used to roll the dice
Feel the fear in my enemy's eyes
Listen as the crowd would sing
""Now the old king is dead, long live the king""
One minute, I held the key
Next, the walls were closed on me
And I discovered that my castles stand
Upon pillars of salt and pillars of sand

I hear Jerusalem bells a-ringin'
Roman cavalry choirs are singin'
Be my mirror, my sword and shield
My missionaries in a foreign field
For some reason, I can't explain
Once you'd gone, there was never
Never an honest word
And that was when I ruled the world
See Coldplay LiveGet tickets as low as $65You might also like
It was a wicked and wild wind
Blew down the doors to let me in
Shattered windows and the sound of drums
People couldn't believe what I'd become
Revolutionaries wait
For my head on a silver plate
Just a puppet on a lonely string (Mmm, mmm)
Aw, who would ever wanna be king?

I hear Jerusalem bells a-ringin'
Roman cavalry choirs are singin'
Be my mirror, my sword and shield
My missionaries in a foreign field
For some reason, I can't explain
I know Saint Peter won't call my name
Never an honest word
But that was when I ruled the world

Oh-oh-oh, oh-oh, oh
Oh-oh-oh, oh-oh, oh
Oh-oh-oh, oh-oh, oh
Oh-oh-oh, oh-oh, oh
(Oh-oh-oh, oh-oh, oh)
Hear Jerusalem bells a-ringin'
(Oh-oh-oh, oh-oh, oh)
Roman cavalry choirs are singin'
(Oh-oh-oh, oh-oh, oh)
Be my mirror, my sword and shield
(Oh-oh-oh, oh-oh, oh)
My missionaries in a foreign field
(Oh-oh-oh, oh-oh, oh)
For some reason, I can't explain
(Oh-oh-oh, oh-oh, oh)
I know Saint Peter won't call my name
Never an honest word
But that was when I ruled the world

Mmm, mmm, mmm, mmm
Mmm, mmm, mmm, mmm
Mmm, mmm243Embed"
136,XXXTENTACION,3082569,Revenge,https://genius.com/Xxxtentacion-revenge-lyrics,"367 ContributorsTranslationsTürkçeEspañolРусскийPolskiItalianoDeutschFrançaisNederlandsShqipSvenskaRevenge Lyrics
I think I, I think I finally
Found a way to forgive myself
For the mistakes I made in my past
I think that's the first step, right?
You agree?

I've dug two graves for us, my dear
Can't pretend that I was perfect, leavin' you in fear
Oh, man, what a world, the things I hear
If I could act on my revenge, no, would I?
Some kill, some steal, some break your heart
And you'd have thought that I would let it go and let you walk
Well, broken hearts break bones, so break up fast
And I don't wanna let it go, so in my grave, I'll rot
I've dug two graves for us, my dear
Can't pretend that I was perfect, leavin' you in fear
Oh, man, what a world, the things I hear
If I could act on my revenge, no, would I?
Some kill, some steal, some break your heart
And you'd have thought that I would let it go and let you walk
Well, broken hearts break bones, so break up fast
And I don't wanna let it go, so in my grave, I'll rot

In my grave, I'll rot
In my grave, I'll rot
In my grave, I'll rot-ot-ot
In my grave, I'll rot
In my grave, I'll rot-ot-ot
In my grave, I'll rot
You might also like
In my grave, I'll rot
I'll rot, I'll rot, I'll rot
Is my pain your freedom?
Is all of my pain your freedom?
Enjoy352Embed"
137,Radiohead,109096,Creep,https://genius.com/Radiohead-creep-lyrics,"203 ContributorsTranslationsPortuguêsPolskiDeutschEspañolالعربيةРусскийFrançaisTürkçeCreep Lyrics
When you were here before
Couldn't look you in the eye
You're just like an angel
Your skin makes me cry
You float like a feather
In a beautiful world
I wish I was special
You're so fuckin' special

But I'm a creep, I'm a weirdo
What the hell am I doin' here?
I don't belong here

I don't care if it hurts
I wanna have control
I want a perfect body
I want a perfect soul
I want you to notice
When I'm not around
You're so fuckin' special
I wish I was special

But I'm a creep, I'm a weirdo
What the hell am I doin' here?
I don't belong here
Oh-oh, oh-oh
You might also like
She's runnin' out the door
She's runnin' out
She run, run, run, run
Run

Whatever makes you happy
Whatever you want
You're so fuckin' special
I wish I was special
But I'm a creep, I'm a weirdo
What the hell am I doin' here?
I don't belong here
I don't belong here281Embed"
138,Rage Against the Machine,4569,Killing in the Name,https://genius.com/Rage-against-the-machine-killing-in-the-name-lyrics,"157 ContributorsTranslationsPortuguêsNederlandsKilling in the Name Lyrics
Killing in the name of

Some of those that work forces
Are the same that burn crosses
Some of those that work forces
Are the same that burn crosses
Some of those that work forces
Are the same that burn crosses
Some of those that work forces
Are the same that burn crosses
Uh!

Killing in the name of
Killing in the name of
Now you do what they told ya
Now you do what they told ya
Now you do what they told ya
Now you do what they told ya
And now you do what they told ya
And now you do what they told ya
And now you do what they told ya
And now you do what they told ya
And now you do what they told ya
And now you do what they told ya
But now you do what they told ya!
Well now you do what they told ya
You might also like
Those who died are justified
For wearin' the badge, they're the chosen whites
You justify those that died
By wearin' the badge, they're the chosen whites
Those who died are justified
For wearin' the badge, they're the chosen whites
You justify those that died
By wearing the badge, they're the chosen whites

Some of those that work forces
Are the same that burn crosses
Some of those that work forces
Are the same that burn crosses
Some of those that work forces
Are the same that burn crosses
Some of those that work forces
Are the same that burn crosses
Uh!

Killing in the name of
Killing in the name of

Now you do what they told ya
Now you do what they told ya
Now you do what they told ya
Now you do what they told ya
And now you do what they told ya
(Now you're under control)
And now you do what they told ya
(Now you're under control)
And now you do what they told ya
(Now you're under control)
And now you do what they told ya
(Now you're under control)
And now you do what they told ya
(Now you're under control)
And now you do what they told ya
(Now you're under control)
And now you do what they told ya
(Now you're under control!)
And now you do what they told ya
Those who died are justified
For wearin' the badge, they're the chosen whites
You justify those that died
By wearin' the badge, they're the chosen whites
Those who died are justified
For wearin' the badge, they're the chosen whites
You justify those that died
By wearing the badge, they're the chosen whites
Come on!

Ugh!
Yeah!
Come on!
Ugh!

Fuck you, I won't do what you tell me
Fuck you, I won't do what you tell me
Fuck you, I won't do what you tell me
Fuck you, I won't do what you tell me
Fuck you, I won't do what you tell me
Fuck you, I won't do what you tell me
Fuck you, I won't do what you tell me
Fuck you, I won't do what you tell me
Fuck you, I won't do what you tell me
Fuck you, I won't do what you tell me
Fuck you, I won't do what you tell me
Fuck you, I won't do what you tell me
Fuck you, I won't do what you tell me
Fuck you, I won't do what you tell me
Fuck you, I won't do what you tell me
Fuck you, I won't do what you tell me
Motherfucker!
Ugh!106Embed"
139,Journey,54447,Don’t Stop Believin’,https://genius.com/Journey-dont-stop-believin-lyrics,"155 ContributorsTranslationsDeutschDon’t Stop Believin’ Lyrics
Just a small-town girl, livin' in a lonely world
She took the midnight train goin' anywhere
Just a city boy, born and raised in South Detroit
He took the midnight train goin' anywhere

A singer in a smoky room
The smell of wine and cheap perfume
For a smile, they can share the night
It goes on and on and on and on

Strangers waitin'
Up and down the boulevard
Their shadows searchin' in the night
Streetlights, people
Livin' just to find emotion
Hidin' somewhere in the night

Workin' hard to get my fill
Everybody wants a thrill
Payin' anything to roll the dice
Just one more time
See Journey LiveGet tickets as low as $124You might also like
Some will win, some will lose
Some are born to sing the blues
Oh, the movie never ends
It goes on and on and on and on

Strangers waitin'
Up and down the boulevard
Their shadows searchin' in the night
Streetlights, people
Livin' just to find emotion
Hidin' somewhere in the night


Don't stop believin'
Hold on to that feelin'
Streetlights, people
Don't stop believin'
Hold on
Streetlights, people
Don't stop believin'
Hold on to that feelin'
Streetlights, people116Embed"
140,Lil Nas X,4445394,Old Town Road (Remix),https://genius.com/Lil-nas-x-old-town-road-remix-lyrics,"342 ContributorsTranslationsFrançaisNederlandsالعربيةDanskPortuguêsEspañolفارسیDeutschOld Town Road (Remix) Lyrics
Oh, oh-oh
Oh

Yeah, I'm gonna take my horse to the old town road
I'm gonna ride 'til I can't no more
I'm gonna take my horse to the old town road
I'm gonna ride 'til I can't no more (Kio, Kio)
I got the horses in the back
Horse tack is attached
Hat is matte black
Got the boots that's black to match
Ridin' on a horse, ha
You can whip your Porsche
I been in the valley
You ain't been up off that porch, now

Can't nobody tell me nothin'
You can't tell me nothin'
Can't nobody tell me nothin'
You can't tell me nothin'
You might also like
Ridin' on a tractor
Lean all in my bladder
Cheated on my baby
You can go and ask her
My life is a movie
Bull ridin' and boobies
Cowboy hat from Gucci
Wrangler on my booty

Can't nobody tell me nothin'
You can't tell me nothin'
Can't nobody tell me nothin'
You can't tell me nothin'

Yeah, I'm gonna take my horse to the old town road
I'm gonna ride 'til I can't no more
I'm gonna take my horse to the old town road
I'm gonna ride 'til I can't no more

Hat down, cross town, livin' like a rockstar
Spent a lot of money on my brand new guitar
Baby's got a habit: diamond rings and Fendi sports bras
Ridin' down Rodeo in my Maserati sports car
Got no stress, I've been through all that
I'm like a Marlboro Man so I kick on back
Wish I could roll on back to that old town road
I wanna ride 'til I can't no more
Yeah, I'm gonna take my horse to the old town road
I'm gonna ride 'til I can't no more
I'm gonna take my horse to the old town road
I'm gonna ride 'til I can't no more340Embed"
141,Taylor Swift,7394358,All Too Well (10 Minute Version) (Taylor’s Version) [Live Acoustic],https://genius.com/Taylor-swift-all-too-well-10-minute-version-taylors-version-live-acoustic-lyrics,"82 ContributorsTranslationsEspañolAll Too Well (10 Minute Version) (Taylor’s Version)  Lyrics
I walked through the door with you, the air was cold
But something 'bout it felt like home somehow
And I left my scarf there at your sister's house
And you've still got it in your drawer, even now

Oh, your sweet disposition and my wide-eyed gaze
We're singing in the car, getting lost upstate
Autumn leaves falling down like pieces into place
And I can picture it after all these days

And I know it's long gone and
That magic's not here no more
And I might be okay, but I'm not fine at all
Oh, oh, oh

'Cause there we are again on that little town street
You almost ran the red 'cause you were lookin' over at me
Wind in my hair, I was there
I remember it all too well

Photo album on the counter, your cheeks were turning red
You used to be a little kid with glasses in a twin-sized bed
And your mother's telling stories 'bout you on the tee-ball team
You told me 'bout your past, thinking your future was me
And you were tossing me the car keys, ""Fuck the patriarchy""
Key chain on the ground, we were always skipping town
And I was thinking on the drive down, any time now
He's gonna say it's love, you never called it what it was
'Til we were dead and gone and buried
Check the pulse and come back swearing it's the same
After three months in the grave
And then you wondered where it went to as I reached for you
But all I felt was shame and you held my lifeless frame
See Taylor Swift LiveGet tickets as low as $1,206You might also like
And I know it's long gone and
There was nothing else I could do
And I forget about you long enough
To forget why I needed to

'Cause there we are again in the middle of the night
We're dancing 'round the kitchen in the refrigerator light
Down the stairs, I was there
I remember it all too well
And there we are again when nobody had to know
You kept me like a secret, but I kept you like an oath
Sacred prayer and we'd swear
To remember it all too well, yeah

Well, maybe we got lost in translation
Maybe I asked for too much
But maybe this thing was a masterpiece
'Til you tore it all up
Running scared, I was there
I remember it all too well
And you call me up again just to break me like a promise
So casually cruel in the name of being honest
I'm a crumpled up piece of paper lying here
'Cause I remember it all, all, all
They say all's well that ends well, but I'm in a new Hell
Every time you double-cross my mind
You said if we had been closer in age maybe it would have been fine
And that made me want to die
The idea you had of me, who was she?
A never-needy, ever-lovely jewel whose shine reflects on you
Not weeping in a party bathroom
Some actress asking me what happened, you
That's what happened, you
You who charmed my dad with self-effacing jokes
Sipping coffee like you're on a late-night show
But then he watched me watch the front door all night, willing you to come
And he said, ""It's supposed to be fun turning twenty-one""

Time won't fly, it's like I'm paralyzed by it
I'd like to be my old self again, but I'm still trying to find it
After plaid shirt days and nights when you made me your own
Now you mail back my things and I walk home alone
But you keep my old scarf from that very first week
'Cause it reminds you of innocence and it smells like me
You can't get rid of it
'Cause you remember it all too well, yeah

'Cause there we are again when I loved you so
Back before you lost the one real thing you've ever known
It was rare, I was there
I remember it all too well
Wind in my hair, you were there
You remember it all
Down the stairs, you were there
You remember it all
It was rare, I was there
I remember it all too well
And I was never good at telling jokes, but the punch line goes
""I'll get older, but your lovers stay my age""
From when your Brooklyn broke my skin and bones
I'm a soldier who's returning half her weight
And did the twin flame bruise paint you blue?
Just between us, did the love affair maim you, too?
'Cause in this city's barren cold
I still remember the first fall of snow
And how it glistened as it fell
I remember it all too well

Just between us, did the love affair maim you all too well?
Just between us, do you remember it all too well?
Just between us, I remember it (Just between us), all too well
Wind in my hair, I was there, I was there
Down the stairs, I was there, I was there
Sacred prayer, I was there, I was there
It was rare, you remember it all too well
Wind in my hair, I was there, I was there
Down the stairs, I was there, I was there
Sacred prayer, I was there, I was there
It was rare, you remember it
Wind in my hair, I was there, I was there
Down the stairs, I was there, I was there
Sacred prayer, I was there, I was there
It was rare, you remember it
Wind in my hair, I was there, I was there
Down the stairs, I was there, I was there
Sacred prayer, I was there, I was there
It was rare, you remember it all too well

I love you guys so much52Embed"
142,Taylor Swift,4508914,Lover,https://genius.com/Taylor-swift-lover-lyrics,"183 ContributorsTranslationsРусскийالعربيةУкраїнська中文NederlandsEspañolСрпскиRomânăPortuguêsPolskiItalianoDeutschFrançaisفارسیSlovenščinaTürkçeLover Lyrics
We could leave the Christmas lights up 'til January
And this is our place, we make the rules
And there's a dazzling haze, a mysterious way about you, dear
Have I known you twenty seconds or twenty years?
Can I go where you go?
Can we always be this close?
Forever and ever, ah
Take me out and take me home
You're my, my, my, my lover

We could let our friends crash in the living room
This is our place, we make the call
And I'm highly suspicious that everyone who sees you wants you
I've loved you three summers now, honey, but I want 'em all
Can I go where you go?
Can we always be this close?
Forever and ever, ah
Take me out and take me home (Forever and ever)
You're my, my, my, my lover
See Taylor Swift LiveGet tickets as low as $1,206You might also like
Ladies and gentlemen, will you please stand?
With every guitar string scar on my hand
I take this magnetic force of a man to be my lover
My heart's been borrowed and yours has been blue
All's well that ends well to end up with you
Swear to be overdramatic and true to my lover
And you'll save all your dirtiest jokes for me
And at every table, I'll save you a seat, lover
Can I go where you go?
Can we always be this close?
Forever and ever, ah
Take me out and take me home (Forever and ever)
You're my, my, my, my
Oh, you're my, my, my, my
Darling, you're my, my, my, my lover135Embed"
143,Lil Nas X,4133841,Old Town Road,https://genius.com/Lil-nas-x-old-town-road-lyrics,"258 ContributorsTranslationsEspañolРусскийفارسیDeutschOld Town Road Lyrics
Yeah, I'm gonna take my horse to the old town road
I'm gonna ride 'til I can't no more
I'm gonna take my horse to the old town road
I'm gonna ride 'til I can't no more
(Kio, Kio)
I got the horses in the back
Horse tack is attached
Hat is matte black
Got the boots that's black to match
Ridin' on a horse, ha
You can whip your Porsche
I been in the valley
You ain't been up off that porch, now

Can't nobody tell me nothin'
You can't tell me nothin'
Can't nobody tell me nothin'
You can't tell me nothin'

Ridin' on a tractor
Lean all in my bladder
Cheated on my baby
You can go and ask her
My life is a movie
Bull ridin' and boobies
Cowboy hat from Gucci
Wrangler on my booty
You might also like
Can't nobody tell me nothin'
You can't tell me nothin'
Can't nobody tell me nothin'
You can't tell me nothin'

Yeah, I'm gonna take my horse to the old town road
I'm gonna ride 'til I can't no more
I'm gonna take my horse to the old town road
I'm gonna ride 'til I can't no more
I got the hor-134Embed"
144,Sabrina Carpenter,10488398,Please Please Please,https://genius.com/Sabrina-carpenter-please-please-please-lyrics,"118 ContributorsTranslationsEspañolСрпскиPortuguêsDeutschTürkçeItalianoPolskiTiếng ViệtBahasa IndonesiaРусскийNorsk (bokmål / riksmål)ไทย / Phasa ThaiFrançaisCatalàМакедонскиDansk中文БеларускаяУкраїнськаΕλληνικάPlease Please Please Lyrics
I know I have good judgment, I know I have good taste
It's funny and it's ironic that only I feel that way
I promise 'em that you're different and everyone makes mistakes
But just don't
I heard that you're an actor, so act like a stand-up guy
Whatever devil's inside you, don't let him out tonight
I tell them it's just your culture and everyone rolls their eyes
Yeah, I know
All I'm asking, baby

Please, please, please
Don't prove I'm right
And please, pleasе, please
Don't bring me to tеars when I just did my makeup so nice
Heartbreak is one thing, my ego's another
I beg you, don't embarrass me, motherfucker, oh
Please, please, please (Ah)

Well, I have a fun idea, babe (Uh-huh), maybe just stay inside
I know you're cravin' some fresh air, but the ceiling fan is so nice (It's so nice, right?)
And we could live so happily if no one knows that you're with me
I'm just kidding, but really (Kinda), really, really
See Sabrina Carpenter LiveGet tickets as low as $105You might also like
Please, please, please (Please don't prove I'm right)
Don't prove I'm right
And please, please, please
Don't bring me to tears when I just did my makeup so nice
Heartbreak is one thing (Heartbreak is one thing), my ego's another (Ego's another)
I beg you, don't embarrass me, motherfucker, oh
Please, please, please (Ah)

If you wanna go and be stupid
Don't do it in front of me
If you don't wanna cry to my music
Don't make me hate you prolifically
Please, please, please (Please)
Please, please, please (Please)
Please (Please), please (Please), please
(Ah)13Embed"
145,Taylor Swift,10296677,​thanK you aIMee,https://genius.com/Taylor-swift-thank-you-aimee-lyrics,"106 ContributorsTranslationsEspañolالعربيةFrançaisDeutschPortuguêsСрпскиNorsk (bokmål / riksmål)БеларускаяSlovenščinaไทย / Phasa ThaiУкраїнськаTürkçeItalianoHebrewPolski​thanK you aIMee Lyrics
When I picture my hometown
There's a bronze, spray-tanned statue of you
And a plaque underneath it
That threatens to push me down the stairs at our school

And it was always the same searing pain
But I dreamed that one day I could say

All that time you were throwin' punches, I was buildin' somethin'
And I can't forgive the way you made me feel
Screamed, ""Fuck you, Aimee"" to the night sky as the blood was gushin'
But I can't forget the way you made me heal

And it wasn't a fair fight
Or a clean kill each time that Aimee stompеd across my grave
And then she wrotе headlines
In the local paper, laughing at each baby step I'd take

And it was always the same searing pain
But I prayed that one day I could say
See Taylor Swift LiveGet tickets as low as $1,206You might also like
All that time you were throwin' punches, I was buildin' somethin'
And I couldn't wait to show you it was real
Screamed, ""Fuck you, Aimee"" to the night sky as the blood was gushin'
But I can't forget the way you made me heal
Everyone knows that my mother is a saintly woman
But she used to say she wished that you were dead
I pushed each boulder up the hill
Your words are still just ringin' in my head, ringin' in my head

I wrote a thousand songs that you find uncool
I built a legacy that you can't undo
But when I count the scars, there's a moment of truth
That there wouldn't be this if there hadn't been you

And maybe you've reframed it
And in your mind, you never beat my spirit black and blue
I don't think you've changed much
And so I changed your name and any real defining clues
And one day, your kid comes home singin'
A song that only us two is gonna know is about you, 'cause

All that time you were throwin' punches, it was all for nothin'
And our town, it looks so small from way up here
Screamed, ""Thank you, Aimee"" to the night sky and the stars are stunnin'
'Cause I can't forget the way you made me heal
Everyone knows that my mother is a saintly woman
But she used to say she wished that you were dead
So I pushed each boulder up that hill
Your words were still just ringin' in my head, ringin' in my head
Thank you, Aimee
Thank you, Aimee7Embed"
146,Taylor Swift,5793962,betty,https://genius.com/Taylor-swift-betty-lyrics,"217 ContributorsTranslationsTürkçeEspañolСрпскиРусскийPortuguêsفارسیItalianoMagyarDeutschΕλληνικάFrançaisУкраїнськаSvenskaPolskiRomânăSlovenščinaالعربيةbetty Lyrics
Betty, I won't make assumptions
About why you switched your homeroom, but
I think it's 'cause of me
Betty, one time, I was riding on my skateboard
When I passed your house
It's like I couldn't breathe

You heard the rumors from Inez
You can't believe a word she says
Most times, but this time, it was true
The worst thing that I ever did
Was what I did to you

But if I just showed up at your party
Would you have me? Would you want me?
Would you tell me to go fuck myself
Or lead me to the garden?
In the garden, would you trust me
If I told you it was just a summer thing?
I'm only seventeen, I don't know anything
But I know I miss you

Betty, I know where it all went wrong
Your favorite song was playing
From the far side of the gym
I was nowhere to be found
I hate the crowds, you know that
Plus, I saw you dance with him
See Taylor Swift LiveGet tickets as low as $1,206You might also like
You heard the rumors from Inez
You can't believe a word she says
Most times, but this time, it was true
The worst thing that I ever did
Was what I did to you

But if I just showed up at your party
Would you have me? Would you want me?
Would you tell me to go fuck myself
Or lead me to the garden?
In the garden, would you trust me
If I told you it was just a summer thing?
I'm only seventeen, I don't know anything
But I know I miss you

I was walking home on broken cobblestones
Just thinking of you when she pulled up like
A figment of my worst intentions
She said, ""James, get in, let's drive""
Those days turned into nights
Slept next to her, but
I dreamt of you all summer long
Betty, I'm here on your doorstep
And I planned it out for weeks now
But it's finally sinkin' in
Betty, right now is the last time
I can dream about what happens when
You see my face again

The only thing I wanna do
Is make it up to you
So I showed up at your party
Yeah, I showed up at your party

Yeah, I showed up at your party
Will you have me? Will you love me?
Will you kiss me on the porch
In front of all your stupid friends?
If you kiss me, will it be just like I dreamed it?
Will it patch your broken wings?
I'm only seventeen, I don't know anything
But I know I miss you

Standing in your cardigan
Kissin' in my car again
Stopped at a streetlight
You know I miss you95Embed"
147,Creedence Clearwater Revival,97904,Have You Ever Seen the Rain?,https://genius.com/Creedence-clearwater-revival-have-you-ever-seen-the-rain-lyrics,"64 ContributorsTranslationsPortuguêsDeutschEspañolHave You Ever Seen the Rain? Lyrics
Someone told me long ago
There's a calm before the storm
I know, it's been comin' for some time
When it's over, so they say
It'll rain a sunny day
I know, shinin' down like water

I wanna know, have you ever seen the rain?
I wanna know, have you ever seen the rain?
Comin' down on a sunny day

Yesterday, and days before
Sun is cold and rain is hard
I know, been that way for all my time
'Til forever, on it goes
Through the circle, fast and slow
I know, it can't stop, I wonder

I wanna know, have you ever seen the rain?
I wanna know, have you ever seen the rain?
Comin' down on a sunny day
You might also like
Yeah!

I wanna know, have you ever seen the rain?
I wanna know, have you ever seen the rain?
Comin' down on a sunny day42Embed"
148,John Denver,138406,"Take Me Home, Country Roads",https://genius.com/John-denver-take-me-home-country-roads-lyrics,"110 ContributorsTranslationsTürkçeSvenskaBahasa IndonesiaHebrewРусскийDeutschTake Me Home, Country Roads Lyrics
Almost Heaven, West Virginia
Blue Ridge Mountains, Shenandoah River
Life is old there, older than the trees
Younger than the mountains, growing like a breeze

Country roads, take me home
To the place I belong
West Virginia, mountain mama
Take me home, country roads

All my memories gather 'round her
Miner's lady, stranger to blue water
Dark and dusty, painted on the sky
Misty taste of moonshine, teardrop in my eye

Country roads, take me home
To the place I belong
West Virginia, mountain mama
Take me home, country roads

I hear her voice in the morning hour, she calls me
The radio reminds me of my home far away
Driving down the road, I get a feeling
That I should have been home yesterday, yesterday
You might also like
Country roads, take me home
To the place I belong
West Virginia, mountain mama
Take me home, country roads
Country roads, take me home
To the place I belong
West Virginia, mountain mama
Take me home, country roads

Take me home, (Down) country roads
Take me home, (Down) country roads67Embed"
149,Dolly Parton,207947,Jolene,https://genius.com/Dolly-parton-jolene-lyrics,"74 ContributorsTranslationsTürkçeСрпскиJolene Lyrics

Jolene, Jolene, Jolene, Jolene
I'm beggin' of you, please don't take my man
Jolene, Jolene, Jolene, Jolene
Please don't take him just because you can

Your beauty is beyond compare
With flaming locks of auburn hair
With ivory skin and eyes of emerald green
Your smile is like a breath of spring
Your voice is soft like summer rain
And I cannot compete with you, Jolene

He talks about you in his sleep
And there's nothin' I can do to keep
From cryin' when he calls your name, Jolene
And I can easily understand
How you could easily take my man
But you don't know what he means to me, Jolene

Jolene, Jolene, Jolene, Jolene
I'm begging of you, please don't take my man
Jolene, Jolene, Jolene, Jolene
Please don't take him just because you can
You might also like
You could have your choice of men
But I could never love again
He's the only one for me, Jolene
I had to have this talk with you
My happiness depends on you
And whatever you decide to do, Jolene

Jolene, Jolene, Jolene, Jolene
I'm begging of you, please don't take my man
Jolene, Jolene, Jolene, Jolene
Please don't take him even though you can
Jolene, Jolene36Embed"
150,Dan + Shay & Justin Bieber,4910146,"10,000 Hours",https://genius.com/Dan-shay-and-justin-bieber-10000-hours-lyrics,"69 ContributorsTranslationsPortuguêsTürkçeEspañolPolski10,000 Hours Lyrics
Do you love the rain, does it make you dance
When you're drunk with your friends at a party?
What's your favorite song, does it make you smile?
Do you think of me?

When you close your eyes, tell me, what are you dreamin'?
Everything, I wanna know it all

I'd spend ten thousand hours and ten thousand more
Oh, if that's what it takes to learn that sweet heart of yours
And I might never get there, but I'm gonna try
If it's ten thousand hours or the rest of my life
I'm gonna love you (Ooh, ooh-ooh, ooh, ooh)

Do you miss the road that you grew up on?
Did you get your middle name from your grandma?
When you think about your forever now, do you think of me?

When you close your eyes, tell me, what are you dreamin'?
Everything, I wanna know it all
You might also like
I'd spend ten thousand hours and ten thousand more
Oh, if that's what it takes to learn that sweet heart of yours
And I might never get there, but I'm gonna try
If it's ten thousand hours or the rest of my life
I'm gonna love you (Ooh, ooh-ooh, ooh, ooh)
I'm gonna love you (Ooh, ooh-ooh, ooh, ooh)

Ooh, want the good and the bad and everything in between
Ooh, gotta cure my curiosity
Ooh, yeah

I'd spend ten thousand hours and ten thousand more
Oh, if that's what it takes to learn that sweet heart of yours (Sweet heart of yours)
And I might never get there, but I'm gonna try (Yeah)
If it's ten thousand hours or the rest of my life
I'm gonna love you (Ooh, ooh-ooh, ooh, ooh)
I'm gonna love you (Ooh, ooh-ooh, ooh, ooh)
Yeah
And I...
Do you love the rain, does it make you dance?
I'm gonna love you (I'm gonna love you)
I'm gonna love you34Embed"
151,Eagles,106895,Take It Easy,https://genius.com/Eagles-take-it-easy-lyrics,"54 ContributorsTake It Easy Lyrics
Well, I'm running down the road tryin' to loosen my load
I've got seven women on my mind
Four that wanna own me, two that wanna stone me
One says she's a friend of mine

Take It easy, take it easy
Don't let the sound of your own wheels drive you crazy
Lighten up while you still can
Don't even try to understand
Just find a place to make your stand and take it easy

Well, I'm a standing on a corner in Winslow, Arizona
And such a fine sight to see
It's a girl, my Lord, in a flatbed Ford
Slowin' down to take a look at me

Come on, baby, don't say maybe
I gotta know if your sweet love is gonna save me
We may lose, and we may win
Though we will never be here again
So open up, I'm climbin' in
So take it easy
You might also like

Well, I'm running down the road trying to loosen my load
Got a world of trouble on my mind
Lookin' for a lover who won't blow my cover
She's so hard to find

Take it easy, take it easy
Don't let the sound of your own wheels make you crazy
Come on baby, don't say maybe
I gotta know if your sweet love is gonna save me

(Oh-oh-oh, oh-oh-oh, oh-oh-oh, oh-oh-oh
Oh-oh-oh, oh-oh-oh, oh-oh-oh, oh-oh-oh
Oh-oh-oh, oh-oh-oh)
Oh, we got it easy
We oughta take it easy15Embed"
152,Johnny Cash,1139320,You Are My Sunshine,https://genius.com/Johnny-cash-you-are-my-sunshine-lyrics,"52 ContributorsYou Are My Sunshine Lyrics
The other night dear, as I lay sleeping
I dreamed I held you in my arms
When I awoke, dear, I was mistaken
So I bowed my head and I cried

You are my sunshine, my only sunshine
You make me happy when skies are gray
You'll never know, dear, how much I love you
Please don't take my sunshine away


I've always loved you and made you happy
And nothing else could come between
But now you've left me to love another
You have shattered all of my dreams

You are my sunshine, my only sunshine
You make me happy when skies are gray
You'll never know, dear, how much I love you
Please don't take my sunshine away
You might also like
(I always hated that third verse)
*Laughter*
It was a nice short version
Do you wanna- uh, pick it up?
I't's alright (It's good)
(We got a short version)
It might have that other verse on it in another take
Well, I'll tell you what... Let's... uhm...
Well, if I feel like my song's a song... *Laughter*
It don't care... (There you go!)
I don't care if it's short
And I feel like my song's a song
A pleasure! Two minutes... I've recorded songs two minutes
(They were huge hits!)
Have you got, uh, time on that?9Embed"
153,Taylor Swift,84880,We Are Never Ever Getting Back Together,https://genius.com/Taylor-swift-we-are-never-ever-getting-back-together-lyrics,"111 ContributorsTranslationsEspañolPortuguêsFrançaisDeutschCatalàWe Are Never Ever Getting Back Together Lyrics
I remember when we broke up the first time
Saying, ""This is it, I've had enough,"" 'cause like
We hadn't seen each other in a month
When you said you needed space (What?)
Then you come around again and say
""Baby, I miss you and I swear I'm gonna change, trust me""
Remember how that lasted for a day?
I say, ""I hate you,"" we break up, you call me, ""I love you""

Ooh-ooh-ooh-ooh-ooh
We called it off again last night, but
Ooh-ooh-ooh-ooh-ooh
This time, I'm telling you, I'm telling you

We are never, ever, ever getting back together
We are never, ever, ever getting back together
You go talk to your friends, talk to my friends, talk to me
But we are never, ever, ever, ever getting back together
Like, ever

I'm really gonna miss you picking fights
And me falling for it, screaming that I'm right
And you would hide away and find your peace of mind
With some indie record that's much cooler than mine
See Taylor Swift LiveGet tickets as low as $1,206You might also like
Ooh-ooh-ooh-ooh-ooh
You called me up again tonight, but
Ooh-ooh-ooh-ooh-ooh
This time, I'm telling you, I'm telling you

We (We) are never, ever, ever getting back together
We are never, ever, ever getting back together
You go talk to your friends, talk to my friends, talk to me (Talk to me)
But we are never, ever, ever, ever getting back together

Ooh-ooh-ooh-ooh-ooh (Yeah)
Ooh-ooh-ooh-ooh-ooh-ooh (Yeah)
Ooh-ooh-ooh-ooh-ooh (Yeah)
Oh-oh-oh

I used to think that we were forever, ever
And I used to say, ""Never say never""
Ugh, so he calls me up and he's like, ""I still love you""
And I'm like, ""I just, I mean, this is exhausting, you know?
Like, we are never getting back together, like, ever""

(No) We are never, ever, ever getting back together
We are never, ever, ever (Ooh) getting back together
You go talk to your friends, talk to my friends, talk to me
But we are never, ever, ever, ever getting back together
We (Ooh-ooh-ooh-ooh-ooh, ooh-ooh-ooh, no)
Getting back together
We (Ooh-ooh-ooh-ooh-ooh, oh, oh)
Getting back together (Yeah)
You go talk to your friends, talk to my friends, talk to me (Talk to me)
But we are never, ever, ever, ever getting back together76Embed"
154,Zedd & Alessia Cara,2975362,Stay,https://genius.com/Zedd-and-alessia-cara-stay-lyrics,"91 ContributorsTranslationsPortuguêsDeutschStay Lyrics
Waiting for the time to pass you by
Hope the winds of change will change your mind
I could give a thousand reasons why
And I know you, and you've got to

Make it on your own, but we don't have to grow up
We can stay forever young
Living on my sofa, drinking rum and cola
Underneath the rising sun
I could give a thousand reasons why
But you're going, and you know that

All you have to do is stay a minute
Just take your time
The clock is ticking, so stay
All you have to do is wait a second
Your hands on mine
The clock is ticking, so stay

All you have to do is
All you have to do is stay
You might also like
Won't admit what I already know
I've never been the best at letting go
I don't wanna spend the night alone
Guess I need you, and I need to

Make it on my own, but I don't wanna grow up
We can stay forever young
Living on my sofa, drinking rum and cola
Underneath the rising sun
I could give a million reasons why
But I'm going, and you know that

All you have to do is stay a minute
Just take your time
The clock is ticking, so stay
All you have to do is wait a second
Your hands on mine
The clock is ticking, so stay

All you have to do is
All you have to do is stay
All you have to do is stay-ay, yeah-ayy
So stay, yeah-ayy

All you have to do is stay a minute
Just take your time
The clock is ticking, so stay
All you have to do is wait a second
Your hands on mine
The clock is ticking, so stay
All you have to do is stay

Stay, yeah86Embed"
155,Taylor Swift,102701,All Too Well,https://genius.com/Taylor-swift-all-too-well-lyrics,"152 ContributorsTranslationsCatalàPolskiFrançaisEspañolСрпскиPortuguêsفارسیAll Too Well Lyrics
I walked through the door with you, the air was cold
But something 'bout it felt like home somehow
And I left my scarf there at your sister's house
And you've still got it in your drawer, even now

Oh, your sweet disposition and my wide-eyed gaze
We're singing in the car, getting lost upstate
Autumn leaves falling down like pieces into place
And I can picture it after all these days

And I know it's long gone and
That magic's not here no more
And I might be okay, but I'm not fine at all
Oh, oh, oh

'Cause there we are again on that little town street
You almost ran the red 'cause you were lookin' over at me
Wind in my hair, I was there
I remember it all too well

Photo album on the counter, your cheeks were turning red
You used to be a little kid with glasses in a twin-sized bed
And your mother's telling stories 'bout you on the tee-ball team
You taught me 'bout your past, thinking your future was me
See Taylor Swift LiveGet tickets as low as $1,206You might also like
And I know it's long gone and
There was nothing else I could do
And I forget about you long enough
To forget why I needed to
'Cause there we are again in the middle of the night
We're dancing ‘round the kitchen in the refrigerator light
Down the stairs, I was there
I remember it all too well, yeah

Well, maybe we got lost in translation
Maybe I asked for too much
But maybe this thing was a masterpiece
'Til you tore it all up
Running scared, I was there
I remember it all too well
And you call me up again
Just to break me like a promise
So casually cruel in the name of being honest
I'm a crumpled up piece of paper lying here
'Cause I remember it all, all, all
Too well
Time won't fly, it's like I'm paralyzed by it
I'd like to be my old self again, but I'm still trying to find it
After plaid shirt days and nights when you made me your own
Now, you mail back my things and I walk home alone
But you keep my old scarf from that very first week
'Cause it reminds you of innocence and it smells like me
You can't get rid of it
'Cause you remember it all too well, yeah

'Cause there we are again when I loved you so
Back before you lost the one real thing you've ever known
It was rare, I was there
I remember it all too well

Wind in my hair, you were there
You remember it all
Down the stairs, you were there
You remember it all
It was rare, I was there
I remember it all too well148Embed"
156,Taylor Swift,98867,Love Story,https://genius.com/Taylor-swift-love-story-lyrics,"158 ContributorsTranslationsFrançaisEspañolPortuguêsDeutschLove Story Lyrics
We were both young when I first saw you
I close my eyes and the flashback starts
I'm standing there
On a balcony in summer air
See the lights, see the party, the ball gowns
See you make your way through the crowd
And say, ""Hello""
Little did I know

That you were Romeo, you were throwing pebbles
And my daddy said, ""Stay away from Juliet""
And I was crying on the staircase
Begging you, ""Please don't go,"" and I said

Romeo, take me somewhere we can be alone
I'll be waiting, all there's left to do is run
You'll be the prince and I'll be the princess
It's a love story, baby, just say, ""Yes""

So I sneak out to the garden to see you
We keep quiet 'cause we're dead if they knew
So close your eyes
Escape this town for a little while, oh, oh
See Taylor Swift LiveGet tickets as low as $1,206You might also like
'Cause you were Romeo, I was a scarlet letter
And my daddy said, ""Stay away from Juliet""
But you were everything to me
I was begging you, ""Please don't go,"" and I said

Romeo, take me somewhere we can be alone
I'll be waiting, all there's left to do is run
You'll be the prince and I'll be the princess
It's a love story, baby, just say, ""Yes""
Romeo, save me, they're trying to tell me how to feel
This love is difficult, but it's real
Don't be afraid, we'll make it out of this mess
It's a love story, baby, just say, ""Yes""

Oh, oh

But I got tired of waiting
Wondering if you were ever coming around
My faith in you was fading
When I met you on the outskirts of town and I said

""Romeo, save me, I've been feeling so alone
I keep waiting for you, but you never come
Is this in my head? I don't know what to think""
He knelt to the ground and pulled out a ring, and said
""Marry me, Juliet, you'll never have to be alone
I love you and that's all I really know
I talked to your dad, go pick out a white dress
It's a love story, baby, just say 'Yes'""
Oh, oh, oh
Oh, oh, oh
'Cause we were both young when I first saw you178Embed"
157,Taylor Swift,6260166,​happiness,https://genius.com/Taylor-swift-happiness-lyrics,"168 ContributorsTranslationsTürkçeEspañolRomânăPortuguêsItalianoDeutschFrançaisСрпскиMagyarPolskiSlovenščinaSvenskaРусскийУкраїнська​happiness Lyrics
Honey, when I'm above the trees
I see this for what it is
But now I'm right down in it, all the years I've given
Is just shit we're dividin' up
Showed you all of my hiding spots
I was dancing when the music stopped
And in the disbelief, I can't face reinvention
I haven't met the new me yet

There'll be happiness after you
But there was happiness because of you
Both of these things can be true
There is happiness

Past the blood and bruise
Past the curses and cries
Beyond the terror in the nightfall
Haunted by the look in my eyes
That would've loved you for a lifetime
Leave it all behind
And there is happiness

Tell me, when did your winning smile
Begin to look like a smirk?
When did all our lessons start to look like weapons
Pointed at my deepest hurt?
I hope she'll be a beautiful fool
Who takes my spot next to you
No, I didn't mean that
Sorry, I can't see facts through all of my fury
You haven't met the new me yet
See Taylor Swift LiveGet tickets as low as $1,206You might also like
There'll be happiness after me
But there was happiness because of me
Both of these things, I believe
There is happiness

In our history, across our great divide
There is a glorious sunrise
Dappled with the flickers of light
From the dress I wore at midnight, leave it all behind
And there is happiness

I can't make it go away by making you a villain
I guess it's the price I paid for seven years in Heaven
And I pulled your body into mine
Every goddamn night, now I get fake niceties
No one teaches you what to do
When a good man hurts you
And you know you hurt him too

Honey, when I'm above the trees
I see it for what it is
But now my eyes leak acid rain on the pillow where you used to lay your head
After giving you the best I had
Tell me what to give after that
All you want from me now is the green light of forgiveness
You haven't met the new me yet
And I think she'll give you that
There'll be happiness after you
But there was happiness because of you too
Both of these things can be true
There is happiness

In our history, across our great divide
There is a glorious sunrise
Dappled with the flickers of light
From the dress I wore at midnight, leave it all behind
Oh, leave it all behind
Leave it all behind
And there is happiness51Embed"
158,Johnny Cash,81668,Folsom Prison Blues,https://genius.com/Johnny-cash-folsom-prison-blues-lyrics,"68 ContributorsFolsom Prison Blues Lyrics
I hear the train a-comin', it's rolling 'round the bend
And I ain't seen the sunshine since I don't know when
I'm stuck in Folsom prison, and time keeps draggin' on
But that train keeps a-rollin' on down to San Antone

When I was just a baby, my mama told me, ""Son
Always be a good boy, don't ever play with guns""
But I shot a man in Reno just to watch him die
When I hear that whistle blowin', I hang my head and cry

I bet there's rich folks eatin' in a fancy dining car
They're probably drinkin' coffee and smoking big cigars
Well, I know I had it coming, I know I can't be free
But those people keep a-movin', and that's what tortures me

Well, if they freed me from this prison, if that railroad train was mine
I bet I'd move it on a little farther down the line
Far from Folsom prison, that's where I want to stay
And I'd let that lonesome whistle blow my blues awayYou might also like27Embed"
159,Young Thug,2165110,Best Friend,https://genius.com/Young-thug-best-friend-lyrics,"173 ContributorsBest Friend Lyrics
Ricky Racks, I see you!
Thugger!
YSL for life, bitch
Yeah fuck you, your momma and everything else
Yung Shad, you killed this track
Free the GOAT!

That's my best friend, that's my best friend, flexin'
Big ol' booty bitch missus from Texas, what's next is
I'm gon' skeet off, lil' nigga come catch me, catch me
And that's my bestie, my bestie, my best friend, go best friend
Nigga livin' TTG and everything is still on fleek
Bad bitch rollin' wit' me, she gon' smile 'cause she on fleek
Hundred thousand dollars inside my pants, my shit on fleek
Hey-yeah! Yeah

Take them boys to school, swagonometry
Bitch I'm bleedin' bad, like a bumble bee
Hold up! Hold it, hold it, nigga proceed
I'ma eat that booty just like groceries
Eat on that coochie, lay that bitch down like ""let's do it""
No Tiger, bitch, eat that wood, eat that wood
Supplier, bitch, I got pistols, no wood
I want them tacos that are Meagan Good
Helicopter choppin' with the buzz
Stuff them racks inside them if they nudge
Bang that other side, nigga curb
And my reefer louder than a speaker
Yeah my niece is hangin' with The Beatles
If you ever find her, better keep her
37 cameras for the sneakers
Goin' out like Ox or Beanie Sigel
Send a cop, I can't wait to mistreat 'em
Forcin' your ho, I can't wait to mislead 'em
And beat 'em, they ain't my people
You might also like
That's my best friend, that's my best friend, flexin'
Big ol' booty bitch missus from Texas, what's next is
I'm gon' skeet off, lil' nigga come catch me, catch me
And that's my bestie, my bestie, my best friend, go best friend
Nigga livin' TTG and everything is still on fleek
Bad bitch rollin' wit' me, she gon' smile 'cause she on fleek
Hundred thousand dollars inside my pants, my shit on fleek
Hey-yeah! Yeah!

Let me tell you how I spent a couple hundreds today
I done cut back on that lean, I'm on that Hen' and D'ussé
Don't do no talkin', when you see him, you better shoot in his face
I got a hundred bitches that can't wait to replace
Michael Jackson, nigga, Thugger Jackson moon walkin'
The S.L.I.M.E. army tool shoppin'
Me a horny goat, I'm boolin' at the bull stop
No I can't get arrested 'cause I'm talkin' 'bout my necklace
I'ma put that bitch in the buck, I'm a dog, let's get stuck
My lil' sister Dora, eat them Lucky Charms and give me luck
Waddup cuz? Here yo cup, call my Bloods, bring my bup
Your crew suck, don't got bucks, these ain't drugs, nigga

That's my best friend, that's my best friend, flexin'
Big ol' booty bitch missus from Texas, what's next is
I'm gon' skeet off, lil' nigga come catch me, catch me
And that's my bestie, my bestie, my best friend, go best friend
Nigga livin' TTG and everything is still on fleek
Bad bitch rollin' wit' me, she gon' smile 'cause she on fleek
Hundred thousand dollars inside my pants, my shit on fleek
Hey-yeah!122Embed"
