,artist,song_id,title,url,lyrics
0,Luis Fonsi & Daddy Yankee,3057010,Despacito (Remix),https://genius.com/Luis-fonsi-and-daddy-yankee-despacito-remix-lyrics,"443 ContributorsTranslationsNederlandsไทย / Phasa ThaiSvenskaРусскийPortuguêsDeutschEnglishPolskiDespacito (Remix) Lyrics

Come and move that in my direction
So thankful for that, it's such a blessin', yeah
Turn every situation into heaven, yeah
Oh-oh, you are
My sunrise on the darkest day
Got me feelin' some kind of way
Make me wanna savor every moment slowly, slowly
You fit me tailor-made, love how you put it on
Got the only key, know how to turn it on
The way you nibble on my ear, the only words I wanna hear
Baby, take it slow so we can last long

¡Oh! Tú, tú eres el imán y yo soy el metal
Me voy acercando y voy armando el plan
Solo con pensarlo, se acelera el pulso (Oh, yeah)
Ya, ya me está gustando más de lo normal
Todos mis sentidos van pidiendo más
Esto hay que tomarlo sin ningún apuro

Despacito
Quiero respirar tu cuello despacito
Deja que te diga cosas al oído
Para que te acuerdes si no estás conmigo
Despacito
Quiero desnudarte a besos despacito
Firmo en las paredes de tu laberinto
Y hacer de tu cuerpo todo un manuscrito
(Sube, sube, sube), ah (Sube, sube)
You might also like
Quiero ver bailar tu pelo, quiero ser tu ritmo (Woah, woah)
Que le enseñes a mi boca (Woah, woah)
Tus lugares favoritos (Favorito, favorito, baby)
Déjame sobrepasar tus zonas de peligro (Woah, woah)
Hasta provocar tus gritos (Woah, woah)
Y que olvides tu apellido (Diri-diri-diririri, Daddy, DY)

Si te pido un beso, ven, dámelo, yo sé que estás pensándolo (Eh)
Llevo tiempo intentándolo (Eh), mami, esto es dando y dándolo
Sabes que tu corazón conmigo te hace bam-bam
Sabes que esa beba está buscando de mi bam-bam
Ven, prueba de mi boca para ver cómo te sabe (Eh-eh; ¡plo!)
Quiero, quiero, quiero ver cuánto amor a ti te cabe
Yo no tengo prisa, yo me quiero dar el viaje
Empezamos lento, después salvaje

Pasito a pasito, suave suavecito
Nos vamos pegando, poquito a poquito
Cuando tú me besas con esa destreza
Veo que eres malicia con delicadeza
Pasito a pasito, suave suavecito
Nos vamos pegando, poquito a poquito
Y es que esa belleza es un rompecabezas
Pero pa' montarlo aquí tengo la pieza, oye (Yeah, yo)
Despacito
Quiero respirar tu cuello despacito
Deja que te diga cosas al oído
Para que te acuerdes si no estás conmigo
Despacito
Quiero desnudarte a besos despacito
Firmo en las paredes de tu laberinto
Y hacer de tu cuerpo todo un manuscrito
(Sube, sube, sube), ah (Sube, sube)

Quiero ver bailar tu pelo, quiero ser tu ritmo (Woah, woah)
Que le enseñes a mi boca (Woah, woah)
Tus lugares favoritos (Favorito, favorito, baby)
Déjame sobrepasar tus zonas de peligro (Woah, woah)
Hasta provocar tus gritos (Woah, woah)
Y que olvides tu apellido

Despacito
This is how we do it down in Puerto Rico
I just wanna hear you screaming, ""¡Ay, bendito!""
I can move forever cuando esté contigo
(Báilalo)
Pasito a pasito, suave suavecito
Nos vamos pegando, poquito a poquito
Que le enseñes a mi boca
Tus lugares favoritos
(Favorito, favorito, baby)
Pasito a pasito, suave suavecito
Nos vamos pegando, poquito a poquito
Hasta provocar tus gritos (Fonsi)
Y que olvides tu apellido (DY)
Despacito417Embed"
1,Cardi B,5832126,WAP,https://genius.com/Cardi-b-wap-lyrics,"638 ContributorsTranslationsTürkçeEspañolСрпскиРусскийRomânăPortuguêsDeutschFrançaisNederlandsالعربية中文ΕλληνικάPolskiWAP Lyrics
Whores in this house
There's some whores in this house
There's some whores in this house
There's some whores in this house (Hol' up)
I said certified freak, seven days a week
Wet-ass pussy, make that pullout game weak, woo (Ah)

Yeah, yeah, yeah, yeah
Yeah, you fuckin' with some wet-ass pussy
Bring a bucket and a mop for this wet-ass pussy
Give me everything you got for this wet-ass pussy

Beat it up, nigga, catch a charge
Extra large and extra hard
Put this pussy right in your face
Swipe your nose like a credit card
Hop on top, I wanna ride
I do a kegel while it's inside
Spit in my mouth, look in my eyes
This pussy is wet, come take a dive
Tie me up like I'm a surprise
Let's roleplay, I'll wear a disguise
I want you to park that big Mack truck right in this little garage
Make it cream, make me scream
Out in public, make a scene
I don't cook, I don't clean
But let me tell you how I got this ring (Ayy, ayy)
You might also like
Gobble me, swallow me, drip down the side of me (Yeah)
Quick, jump out 'fore you let it get inside of me (Yeah)
I tell him where to put it, never tell him where I'm 'bout to be (Huh)
I'll run down on him 'fore I have a nigga runnin' me (Pow, pow, pow)
Talk your shit, bite your lip (Yeah)
Ask for a car while you ride that dick (While you ride that dick)
You really ain't never gotta fuck him for a thang (Yeah)
He already made his mind up 'fore he came (Ayy, ah)
Now get your boots and your coat for this wet-ass pussy (Ah, ah, ah)
He bought a phone just for pictures of this wet-ass pussy (Click, click, click)
Paid my tuition just to kiss me on this wet-ass pussy (Mwah, mwah, mwah)
Now make it rain if you wanna see some wet-ass pussy (Yeah, yeah)

Look, I need a hard hitter, need a deep stroker
Need a Henny drinker, need a weed smoker
Not a garter snake, I need a king cobra
With a hook in it, hope it lean over
He got some money, then that's where I'm headed
Pussy A1 just like his credit
He got a beard, well, I'm tryna wet it
I let him taste it, now he diabetic
I don't wanna spit, I wanna gulp
I wanna gag, I wanna choke
I want you to touch that lil' dangly thing that swing in the back of my throat
My head game is fire, punani Dasani
It's goin' in dry and it's comin' out soggy
I ride on that thing like the cops is behind me (Yeah, ah)
I spit on his mic and now he tryna sign me, woo
Your honor, I'm a freak bitch, handcuffs, leashes
Switch my wig, make him feel like he cheatin'
Put him on his knees, give him somethin' to believe in
Never lost a fight, but I'm lookin' for a beatin' (Ah)
In the food chain, I'm the one that eat ya
If he ate my ass, he's a bottom-feeder
Big D stand for big demeanor
I could make ya bust before I ever meet ya
If it don't hang, then he can't bang
You can't hurt my feelings, but I like pain
If he fuck me and ask ""Whose is it?""
When I ride the dick, I'ma spell my name, ah

Yeah, yeah, yeah
Yeah, you fuckin' with some wet-ass pussy
Bring a bucket and a mop for this wet-ass pussy
Give me everything you got for this wet-ass pussy
Now from the top, make it drop, that's some wet-ass pussy
Now get a bucket and a mop, that's some wet-ass pussy
I'm talkin' wap, wap, wap, that's some wet-ass pussy
Macaroni in a pot, that's some wet-ass pussy, huh

There's some whores in this house
There's some whores in this house
There's some whores in this house
There's some whores in this house
There's some whores in this house
There's some whores in this house
There's some whores in this house
There's some whores in this house
There's some whores in this house
There's some whores in this house346Embed"
2,Ed Sheeran,2949128,Shape of You,https://genius.com/Ed-sheeran-shape-of-you-lyrics,"360 ContributorsTranslationsTürkçeEspañolPortuguêsΕλληνικάDeutschFrançaisItalianoالعربيةPolski한국어СрпскиShape of You Lyrics
A club isn't the best place to find a lover
So the bar is where I go (Mm)
Me and my friends at the table doin' shots
Drinkin' fast and then we talk slow (Mm)
And you come over and start up a conversation with just me
And trust me, I'll give it a chance now (Mm)
Take my hand, stop, put Van the Man on the jukebox
And then we start to dance and now I'm singin' like

Girl, you know I want your love
Your love was handmade for somebody like me
Well, come on now, follow my lead
I may be crazy, don't mind me
Say, ""Boy, let's not talk too much""
Grab on my waist and put that body on me
Well, come on now, follow my lead
Come, come on now, follow my lead, mm

I'm in love with the shape of you
We push and pull like a magnet do
Although my heart is fallin' too
I'm in love with your body
And last night, you were in my room
And now my bed sheets smell like you
Every day, discoverin' somethin' brand new
Well, I'm in love with your body
See Ed Sheeran LiveGet tickets as low as $136You might also like
Oh, I, oh, I, oh, I, oh, I
Well, I'm in love with your body
Oh, I, oh, I, oh, I, oh, I
Well, I'm in love with your body
Oh, I, oh, I, oh, I, oh, I
Well, I'm in love with your body
Every day, discoverin' somethin' brand new
I'm in love with the shape of you

One week in, we let the story begin
We're goin' out on our first date (Mm)
You and me are thrifty, so go all-you-can-eat
Fill up your bag and I fill up a plate (Mm)
We talk for hours and hours about the sweet and the sour
And how your family is doin' okay (Mm)
And leave and get in a taxi, and kiss in the back seat
Tell the driver make the radio play and I'm singin' like

Girl, you know I want your love
Your love was handmade for somebody like me
Well, come on now, follow my lead
I may be crazy, don't mind me
Say, ""Boy, let's not talk too much""
Grab on my waist and put that body on me
Well, come on now, follow my lead
Come, come on now, follow my lead, mm
I'm in love with the shape of you
We push and pull like a magnet do
Although my heart is fallin' too
I'm in love with your body
And last night, you were in my room
And now my bed sheets smell like you
Every day, discoverin' somethin' brand new
Well, I'm in love with your body

Oh, I, oh, I, oh, I, oh, I
Well, I'm in love with your body
Oh, I, oh, I, oh, I, oh, I
Well, I'm in love with your body
Oh, I, oh, I, oh, I, oh, I
Well, I'm in love with your body
Every day, discoverin' somethin' brand new
I'm in love with the shape of you

Come on, be my baby, come on
Come on, be my baby, come on
Come on, be my baby, come on
Come on, be my baby, come on
Come on, be my baby, come on
Come on, be my baby, come on
Come on, be my baby, come on
Come on, be my baby, come on
I'm in love with the shape of you
We push and pull like a magnet do
Although my heart is fallin' too
I'm in love with your body
And last night, you were in my room
And now my bed sheets smell like you
Every day, discoverin' somethin' brand new
Well, I'm in love with your body

Come on, be my baby, come on
Come on, be my baby, come on
I'm in love with your body
Come on, be my baby, come on
Come on, be my baby, come on
I'm in love with your body
Come on, be my baby, come on
Come on, be my baby, come on
I'm in love with your body
Every day, discoverin' somethin' brand new
I'm in love with the shape of you409Embed"
3,Queen,1063,Bohemian Rhapsody,https://genius.com/Queen-bohemian-rhapsody-lyrics,"485 ContributorsTranslationsDeutschTürkçeไทย / Phasa ThaiEspañolPortuguêsفارسیFrançaisPolskiBohemian Rhapsody Lyrics
Is this the real life? Is this just fantasy?
Caught in a landslide, no escape from reality
Open your eyes, look up to the skies and see
I'm just a poor boy, I need no sympathy
Because I'm easy come, easy go, little high, little low
Any way the wind blows doesn't really matter to me, to me

Mama, just killed a man
Put a gun against his head, pulled my trigger, now he's dead
Mama, life had just begun
But now I've gone and thrown it all away
Mama, ooh, didn't mean to make you cry
If I'm not back again this time tomorrow
Carry on, carry on as if nothing really matters

Too late, my time has come
Sends shivers down my spine, body's aching all the time
Goodbye, everybody, I've got to go
Gotta leave you all behind and face the truth
Mama, ooh (Any way the wind blows)
I don't wanna die
I sometimes wish I'd never been born at all
You might also like
I see a little silhouetto of a man
Scaramouche, Scaramouche, will you do the Fandango?
Thunderbolt and lightning, very, very frightening me
(Galileo) Galileo, (Galileo) Galileo, Galileo Figaro magnifico (Oh-oh-oh-oh)
But I'm just a poor boy, nobody loves me
He's just a poor boy from a poor family
Spare him his life from this monstrosity
Easy come, easy go, will you let me go?
Bismillah, no, we will not let you go
(Let him go) Bismillah, we will not let you go
(Let him go) Bismillah, we will not let you go
(Let me go) Will not let you go
(Let me go) Will not let you go
(Never, never, never, never let me go) Ah
No, no, no, no, no, no, no
(Oh, mamma mia, mamma mia) Mamma mia, let me go
Beelzebub has a devil put aside for me, for me, for me
So you think you can stone me and spit in my eye?
So you think you can love me and leave me to die?
Oh, baby, can't do this to me, baby
Just gotta get out, just gotta get right outta here
(Ooh)
(Ooh, yeah, ooh, yeah)
Nothing really matters, anyone can see
Nothing really matters
Nothing really matters to me
Any way the wind blows695Embed"
4,The Weeknd,727466,The Hills,https://genius.com/The-weeknd-the-hills-lyrics,"369 ContributorsTranslationsTürkçeEspañolРусскийPortuguêsFrançaisفارسیPolskiPortuguêsDeutschItalianoThe Hills Lyrics
Yeah
Yeah
Yeah

Your man on the road, he doin' promo
You said, ""Keep our business on the low-low""
I'm just tryna get you out the friend zone
'Cause you look even better than the photos
I can't find your house, send me the info
Drivin' through the gated residential
Found out I was comin', sent your friends home
Keep on tryna hide it, but your friends know

I only call you when it's half-past five
The only time that I'll be by your side
I only love it when you touch me, not feel me
When I'm fucked up, that's the real me
When I'm fucked up, that's the real me, yeah
I only call you when it's half-past five
The only time I'd ever call you mine
I only love it when you touch me, not feel me
When I'm fucked up, that's the real me
When I'm fucked up, that's the real me, babe
See The Weeknd LiveGet tickets as low as $55You might also like
I'ma let you know and keep it simple
Tryna keep it up don't seem so simple
I just fucked two bitches 'fore I saw you
And you gon' have to do it at my tempo
Always tryna send me off to rehab
Drugs started feelin' like it's decaf
I'm just tryna live life for the moment
And all these motherfuckers want a relapse

I only call you when it's half-past five
The only time that I'll be by your side
I only love it when you touch me, not feel me
When I'm fucked up, that's the real me
When I'm fucked up, that's the real me, yeah
I only call you when it's half-past five
The only time I'd ever call you mine
I only love it when you touch me, not feel me
When I'm fucked up, that's the real me
When I'm fucked up, that's the real me, babe

Hills have eyes, the hills have eyes
Who are you to judge? Who are you to judge?
Hide your lies, girl, hide your lies (Hide your lies, oh, baby)
Only you to trust, only you
I only call you when it's half-past five
The only time that I'll be by your side
I only love it when you touch me, not feel me
When I'm fucked up, that's the real me
When I'm fucked up, that's the real me, yeah
I only call you when it's half-past five
The only time I'd ever call you mine
I only love it when you touch me, not feel me
When I'm fucked up, that's the real me
When I'm fucked up, that's the real me, babe

Ewedihalehu
Yene konjo, ewedihalehu
Yene fikir, fikir, fikir, fikir
Yene fikir, fikir, fikir, fikir
Ewedihalehu
Yene konjo, ewedihalehu...1.8KEmbed"
5,Drake,3315890,God’s Plan,https://genius.com/Drake-gods-plan-lyrics,"667 ContributorsTranslationsРусскийTürkçeEspañolPolskiItalianoDeutschFrançaisAzərbaycanca / آذربايجانGod’s Plan Lyrics
And they wishin' and wishin'
And wishin' and wishin', they wishin' on me
Yeah

I been movin' calm, don't start no trouble with me
Tryna keep it peaceful is a struggle for me
Don't pull up at 6 a.m. to cuddle with me
You know how I like it when you lovin' on me
I don't wanna die for them to miss me
Yes, I see the things that they wishin' on me
Hope I got some brothers that outlive me
They gon' tell the story, shit was different with me

God's plan, God's plan
I hold back, sometimes I won't, yeah
I feel good, sometimes I don't (Ayy, don't)
I finessed down Weston Road (Ayy, 'nessed)
Might go down a G-O-D (Yeah, wait)
I go hard on Southside G (Yeah, wait)
I make sure that north-side eat
And still

Bad things
It's a lot of bad things that they wishin' and wishin'
And wishin' and wishin', they wishin' on me
Bad things
It's a lot of bad things that they wishin' and wishin'
And wishin' and wishin', they wishin' on me
Yeah, ayy, ayy
You might also like
She say, ""Do you love me?"" I tell her, ""Only partly
I only love my bed and my mama, I'm sorry""
Fifty Dub, I even got it tatted on me
Eighty-one, they'll bring the crashers to the party
And you know me
Turn the O2 into the O3, dog
Without 40, Oli, there'd be no me
'Magine if I never met the broskies

God's plan, God's plan
I can't do this on my own, ayy (No, ayy)
Someone watchin' this shit close (Yep, close)
I've been me since Scarlett Road, ayy (Road, ayy)
Might go down as G-O-D (Yeah, wait, yeah)
I go hard on Southside G (Ayy, wait, ayy)
I make sure that north-side eat, yeah
And still

Bad things
It's a lot of bad things that they wishin' and wishin'
And wishin' and wishin', they wishin' on me
Yeah, yeah
Bad things
It's a lot of bad things that they wishin' and wishin'
And wishin' and wishin', they wishin' on me
Yeah942Embed"
6,Ariana Grande,4063065,"thank u, next",https://genius.com/Ariana-grande-thank-u-next-lyrics,"402 ContributorsTranslationsTürkçeSvenskaEspañolРусскийPortuguêsPolski한국어DeutschFrançaisNederlandsفارسیthank u, next Lyrics
Thought I'd end up with Sean
But he wasn't a match
Wrote some songs about Ricky
Now I listen and laugh
Even almost got married
And for Pete, I'm so thankful
Wish I could say, ""Thank you"" to Malcolm
'Cause he was an angel

One taught me love
One taught me patience
And one taught me pain
Now, I'm so amazing
Say I've loved and I've lost
But that's not what I see
So, look what I got
Look what you taught me
And for that, I say

Thank you, next (Next)
Thank you, next (Next)
Thank you, next
I'm so fuckin' grateful for my ex
Thank you, next (Next)
Thank you, next (Next)
Thank you, next (Next)
I'm so fuckin'—
You might also like
Spend more time with my friends
I ain't worried 'bout nothin'
Plus, I met someone else
We havin' better discussions
I know they say I move on too fast
But this one gon' last
'Cause her name is Ari
And I'm so good with that (So good with that)

She taught me love (Love)
She taught me patience (Patience)
How she handles pain (Pain)
That shit's amazing (Yeah, she's amazing)
I've loved and I've lost (Yeah, yeah)
But that's not what I see (Yeah, yeah)
'Cause look what I've found (Yeah, yeah, I've found)
Ain't no need for searching, and for that, I say

Thank you, next (Thank you, next)
Thank you, next (Thank you, next)
Thank you, next (Thank you)
I'm so fuckin' grateful for my ex
Thank you, next (Thank you, next)
Thank you, next (Said thank you, next)
Thank you, next (Next)
I'm so fuckin' grateful for my ex
Thank you, next
Thank you, next
Thank you, next
I'm so fuckin'—

One day I'll walk down the aisle
Holding hands with my mama
I'll be thanking my dad
'Cause she grew from the drama
Only wanna do it once, real bad
Gon' make that shit last
God forbid something happens
Least this song is a smash (Song is a smash)

I've got so much love (Love)
Got so much patience (Patience)
And I've learned from the pain (Pain)
I turned out amazing (Turned out amazing)
Say I've loved and I've lost (Yeah, yeah)
But that's not what I see (Yeah, yeah)
'Cause look what I've found (Yeah, yeah)
Ain't no need for searching
And for that, I say
Thank you, next (Thank you, next)
Thank you, next (Thank you, next)
Thank you, next
I'm so fuckin' grateful for my ex
Thank you, next (Thank you, next)
Thank you, next (Said thank you, next)
Thank you, next (Next)
I'm so fuckin' grateful for my ex

Thank you, next
Thank you, next
Thank you, next
Yeah, yee
Thank you, next
Thank you, next
Thank you, next
Yeah, yee513Embed"
7,Beyoncé,299177,Drunk in Love,https://genius.com/Beyonce-drunk-in-love-lyrics,"426 ContributorsTranslationsPortuguêsFrançaisEspañolDrunk in Love Lyrics
I've been drinkin', I've been drinkin'
I get filthy when that liquor get into me
I've been thinkin', I've been thinkin'
Why can't I keep my fingers off it?
Baby, I want you, na-na
Why can't I keep my fingers off you?
Baby, I want you, na-na
Cigars on ice, cigars on ice
Feelin' like an animal with these cameras all in my grill
Flashin' lights, flashin' lights
You got me faded, faded, faded
Baby, I want you, na-na
Can't keep your eyes off my fatty
Daddy, I want you, na-na
Drunk in love, I want you (Ah)
We woke up in the kitchen, sayin', ""How the hell did this shit happen?"", oh, baby
Drunk in love, we be all night
Last thing I remember is our beautiful bodies grindin' up in that club
Drunk in love
We be all night
Love, love
We be all night
Love, love
You might also like
We be all night, and everything alright
No complaints from my body, so fluorescent under these lights
Boy, I'm drinkin', park it in my lot, 7-11
I'm rubbin' on it, rub-rubbin', if you scared, call that reverend
Boy, I'm drinkin', get my brain right, Armand de Brignac, gangster wife
Louis sheets, he sweat it out, like washrags, he wet it up
Boy, I'm drinkin', I'm singin' on the mic to my boy toys
Then I fill the tub up halfway, then ride it with my surfboard
Surfboard, surfboard
Grainin' on that wood, grainin'-grainin' on that wood
I'm swervin' on that, swervin'-swervin' on that
Big body been servin' all this, swerve, surfin' all in this good-good (Ha-ha-ha)
We woke up in the kitchen, sayin', ""How the hell did this shit happen?"", oh, baby
Drunk in love, we be all night
Last thing I remember is our beautiful bodies grindin' up in that club
Drunk in love
We be all night
Love, love
We be all night
Love, love (I'm nice right now, hold up)
That D'USSÉ is the shit, if I do say so myself
If I do say so myself, if I do say so myself
Hold up, stumble all in the house, time to back up all of that mouth
That you had all in the car, talkin' 'bout you the baddest bitch thus far
Talkin' 'bout you be reppin' that Third, I wanna see all the shit that I heard
Know I sling Clint Eastwood, hope you can handle this curve, uh
Foreplay in a foyer, fucked up my Warhol
Slid the panties right to the side, ain't got the time to take drawers off
On sight
Catch a charge, I might
Beat the box up like Mike in '97, I bite
I'm Ike Turner, turn up, baby, no, I don't play
""Now eat the cake, Anna Mae,"" said, ""Eat the cake, Anna Mae""
I'm nice
For y'all to reach these heights
You gon' need G3, 4, 5, 6 flights
Sleep tight
We sex again in the mornin'
Your breasteses is my breakfast, we goin' in

We be all night
Love, love
We be all night
Love, love
I'm never tired, never tired
I been sippin', that's the only thing that's keepin' me on fire, we on fire
Didn't mean to spill that liquor all on my attire
I've been drinkin' watermelon
I want your body right here
Daddy, I want you right now
Can't keep your eyes off my fatty
Daddy, I want you
We be all night
Love, love
We be all night
Love, love3.2KEmbed"
8,The Weeknd,2851948,Starboy,https://genius.com/The-weeknd-starboy-lyrics,"528 ContributorsTranslationsTürkçeEspañolРусскийPortuguêsFrançaisDeutschStarboy Lyrics
Ayy

I'm tryna put you in the worst mood, ah
P1 cleaner than your church shoes, ah
Milli point two just to hurt you, ah
All red Lamb' just to tease you, ah
None of these toys on lease too, ah
Made your whole year in a week too, yah
Main bitch outta your league too, ah
Side bitch outta your league too, ah
House so empty, need a centerpiece
Twenty racks a table, cut from ebony
Cut that ivory into skinny pieces
Then she clean it with her face, man, I love my baby, ah
You talkin' money, need a hearin' aid
You talkin' 'bout me, I don't see the shade
Switch up my style, I take any lane
I switch up my cup, I kill any pain

(Ha-ha-ha-ha-ha, ha-ha-ha-ha-ha)
Look what you've done
(Ha-ha-ha-ha-ha, ha-ha-ha-ha-ha)
I'm a motherfuckin' starboy
(Ha-ha-ha-ha-ha, ha-ha-ha-ha-ha)
Look what you've done
(Ha-ha-ha-ha-ha, ha-ha-ha-ha-ha)
I'm a motherfuckin' starboy
See The Weeknd LiveGet tickets as low as $55You might also like
Every day, a nigga try to test me, ah
Every day, a nigga try to end me, ah
Pull off in that Roadster SV, ah
Pockets overweight, gettin' hefty, ah
Comin' for the king, that's a far cry, I
I come alive in the fall time, I
The competition, I don't really listen
I'm in the blue Mulsanne, bumpin' New Edition
House so empty, need a centerpiece
Twenty racks a table, cut from ebony
Cut that ivory into skinny pieces
Then she clean it with her face, man, I love my baby, ah
You talkin' money, need a hearin' aid
You talkin' 'bout me, I don't see the shade
Switch up my style, I take any lane
I switch up my cup, I kill any pain

(Ha-ha-ha-ha-ha, ha-ha-ha-ha-ha)
Look what you've done
(Ha-ha-ha-ha-ha, ha-ha-ha-ha-ha)
I'm a motherfuckin' starboy
(Ha-ha-ha-ha-ha, ha-ha-ha-ha-ha)
Look what you've done
(Ha-ha-ha-ha-ha, ha-ha-ha-ha-ha)
I'm a motherfuckin' starboy
Let a nigga brag Pitt
Legend of the fall, took the year like a bandit
Bought Mama a crib and a brand new wagon
Now she hit the grocery shop lookin' lavish
Star Trek roof in that Wraith of Khan
Girls get loose when they hear this song
A hundred on the dash get me close to God
We don't pray for love, we just pray for cars
House so empty, need a centerpiece
Twenty racks a table, cut from ebony
Cut that ivory into skinny pieces
Then she clean it with her face, man, I love my baby, ah
You talkin' money, need a hearin' aid
You talkin' 'bout me, I don't see the shade
Switch up my style, I take any lane
I switch up my cup, I kill any pain

(Ha-ha-ha-ha-ha, ha-ha-ha-ha-ha)
Look what you've done
(Ha-ha-ha-ha-ha, ha-ha-ha-ha-ha)
I'm a motherfuckin' starboy
(Ha-ha-ha-ha-ha, ha-ha-ha-ha-ha)
Look what you've done
(Ha-ha-ha-ha-ha, ha-ha-ha-ha-ha)
I'm a motherfuckin' starboy
(Ha-ha-ha-ha-ha, ha-ha-ha-ha-ha)
Look what you've done
(Ha-ha-ha-ha-ha, ha-ha-ha-ha-ha)
I'm a motherfuckin' starboy
(Ha-ha-ha-ha-ha, ha-ha-ha-ha-ha)
Look what you've done
(Ha-ha-ha-ha-ha, ha-ha-ha-ha-ha)
I'm a motherfuckin' starboy630Embed"
9,Logic,3050777,1-800-273-8255,https://genius.com/Logic-1-800-273-8255-lyrics,"447 ContributorsTranslationsDeutschEnglishفارسی1-800-273-8255 Lyrics
I've been on the low, I been taking my time
I feel like I'm out of my mind
It feel like my life ain't mine (Who can relate? Woo)
I've been on the low, I been taking my time
I feel like I'm out of my mind
It feel like my life ain't mine

I don't wanna be alive, I don't wanna be alive
I just wanna die today, I just wanna die
I don't wanna be alive, I don't wanna be alive
I just wanna die
And let me tell you why

All this other shit I'm talkin' 'bout, they think they know it
I've been praying for somebody to save me, no one's heroic
And my life don't even matter, I know it, I know it
I know I'm hurting deep down, but can't show it
I never had a place to call my own
I never had a home, ain't nobody callin' my phone
Where you been? Where you at? What's on your mind?
They say every life precious but nobody care about mine

I've been on the low, I been taking my time
I feel like I'm out of my mind
It feel like my life ain't mine (Who can relate? Woo)
I've been on the low, I been taking my time
I feel like I'm out of my mind
It feel like my life ain't mine
You might also like
I want you to be alive, I want you to be alive
You don't gotta die today, you don't gotta die
I want you to be alive, I want you to be alive
You don't gotta die, now let me tell you why
It's the very first breath when your head's been drowning underwater
And it's the lightness in the air when you're there chest-to-chest with a lover
It's holding on, though the road's long, seeing light in the darkest things
And when you stare at your reflection, finally knowing who it is
I know that you'll thank God you did

I know where you been, where you are, where you goin'
I know you're the reason I believe in life
What's the day without a little night?
I'm just tryna shed a little light
It can be hard
It can be so hard
But you gotta live right now
You got everything to give right now

I've been on the low, I been taking my time
I feel like I'm out of my mind
It feel like my life ain't mine (Who can relate? Woo)
I've been on the low, I been taking my time
I feel like I'm out of my mind
It feel like my life ain't mine
I finally wanna be alive, I finally wanna be alive
I don't wanna die today, I don't wanna die
I finally wanna be alive, I finally wanna be alive
I don't wanna die, I don't wanna die

Pain don't hurt the same, I know
The lane I travel feels alone
But I'm moving 'til my legs give out
And I see my tears melt in the snow
But I don't wanna cry, I don't wanna cry anymore
I wanna feel alive, I don't even wanna die anymore
Oh, I don't wanna
I don't wanna
I don't even wanna die anymore826Embed"
10,Rihanna,2398213,Work,https://genius.com/Rihanna-work-lyrics,"340 ContributorsTranslationsEspañolDeutschFrançaisEnglishWork Lyrics
Work, work, work, work, work, work
He said me haffi work, work, work, work, work, work
He see me do mi dirt, dirt, dirt, dirt, dirt, dirt
Ah so me put in work, work, work, work, work, work
When you ah guh learn, learn, learn, learn, learn, learn?
Me nuh cyar if him hurt, hurt, hurt, hurt, hurting

Dry, me ah desert him
Nuh time to have you lurking
Him ah go act like he nuh like it
You know I dealt with you the nicest
Nuh body touch me, you nuh righteous
Nuh badda, text me in a crisis
I believed all of your dreams, adoration
You took my heart and my keys and my patience
You took my heart on my sleeve for decoration
You mistaken my love I brought for you for foundation
All that I wanted from you was to give me
Something that I never had
Something that you've never seen
Something that you've never been, mm
But I wake up and act like nothing's wrong

Just get ready fi work, work, work, work, work, work
He said me haffi work, work, work, work, work, work
He see me do mi dirt, dirt, dirt, dirt, dirt, dirt
Ah so me put in work, work, work, work, work, work
Ner, ner, ner, ner, ner, ner
When you ah guh learn, learn, learn, learn, learn, learn?
Before the tables turn, turn, turn, turn, turn, turn
You might also like
Beg you something, please
Baby, don't you leave
Don't leave me stuck here in the streets, uh-huh
If I get another chance to
I will never, no, never neglect you
I mean, who am I to hold your past against you?
I just hope that it gets to you
I hope that you see this through
I hope that you see this true
What can I say?
Please recognize I'm tryin', babe

I haffi work, work, work, work, work, work
He said me haffi work, work, work, work, work, work
He see me do mi dirt, dirt, dirt, dirt, dirt, dirt
So me put in work, work, work, work, work, work
When you ah guh learn, learn, learn, learn, learn, learn?
Me nuh cyar if him hurt, hurt, hurt, hurt, hurting (Yeah, okay)

You need to get done, done, done, done at work, come over
We just need to slow the motion
Don't give that away to no one
Long distance, I need you (Ah)
When I see potential, I just gotta see it through
If you had a twin, I would still choose you
I don't wanna rush into it if it's too soon
But I know you need to get done, done, done, done
If you come over
Sorry if I'm way less friendly
I got niggas tryna end me, oh (Yeah)
I spilled all my emotions tonight, I'm sorry
Rollin', rollin', rollin', rollin', rollin'
How many more shots until you're rollin'?
We just need a face-to-face
You could pick the time and the place
You spent some time away
Now you need to forward
And give me all the work, work, work, work, work, work
He said me haffi work, work, work, work, work, work
He see me do mi dirt, dirt, dirt, dirt, dirt, dirt
So me put in work, work, work, work, work, work
When you ah guh learn, learn, learn, learn, learn, learn?
Me nuh cyar if him hurt, hurt, hurt, hurt, hurting

Mm
Mm
Work, work, work, work, work, work
Mm
623Embed"
11,XXXTENTACION,3430186,SAD!,https://genius.com/Xxxtentacion-sad-lyrics,"830 ContributorsTranslationsTürkçeSvenskaEspañolSlovenčinaРусскийPortuguêsPolskiItalianoHebrewDeutschFrançaisSuomiNederlandsAzərbaycanca / آذربايجانالعربيةČeskyپښتوSAD! Lyrics
Yeah

Who am I? Someone that's afraid to let go, uh
You decide if you're ever gonna let me know (Yeah)
Suicide if you ever try to let go, uh
I'm sad, I know, yeah, I'm sad, I know, yeah
Who am I? Someone that's afraid to let go, uh
You decide if you're ever gonna let me know (Yeah)
Suicide if you ever try to let go, uh
I'm sad, I know, yeah, I'm sad, I know, yeah

I gave her everything
She took my heart and left me lonely
I think broken heart's contagious
I won't fix, I'd rather weep
I'm lost then I'm found
But it's torture bein' in love
I love when you're around
But I fuckin' hate when you leave

Who am I? Someone that's afraid to let go, uh
You decide if you're ever gonna let me know (Yeah)
Suicide if you ever try to let go, uh
I'm sad, I know, yeah, I'm sad, I know, yeah
Who am I? Someone that's afraid to let go, uh
You decide if you're ever gonna let me know (Yeah)
Suicide if you ever try to let go, uh
I'm sad, I know, yeah, I'm sad, I know, yeah
You might also like

Who am I? Someone that's afraid to let go, uh
You decide if you're ever gonna let me know (Yeah)
Suicide if you ever try to let go, uh
I'm sad, I know, yeah, I'm sad, I know, yeah
Who am I? Someone that's afraid to let go, uh
You decide if you're ever gonna let me know (Yeah)
Suicide if you ever try to let go, uh
I'm sad, I know, yeah, I'm sad, I know, yeah1.4KEmbed"
12,Ariana Grande,4067762,7 rings,https://genius.com/Ariana-grande-7-rings-lyrics,"482 ContributorsTranslationsTürkçeEspañolRomânăPortuguêsPolskiItalianoHebrewΕλληνικάDeutschFrançaisNederlandsDanskفارسیالعربيةРусскийČesky7 rings Lyrics
Yeah, breakfast at Tiffany's and bottles of bubbles
Girls with tattoos who like getting in trouble
Lashes and diamonds, ATM machines
Buy myself all of my favorite things (Yeah)
Been through some bad shit, I should be a sad bitch
Who woulda thought it'd turn me to a savage?
Rather be tied up with calls and not strings
Write my own checks like I write what I sing, yeah (Yeah)

My wrist, stop watchin', my neck is flossy
Make big deposits, my gloss is poppin'
You like my hair? Gee, thanks, just bought it
I see it, I like it, I want it, I got it (Yeah)

I want it, I got it, I want it, I got it
I want it, I got it, I want it, I got it
You like my hair? Gee, thanks, just bought it
I see it, I like it, I want it, I got it (Yep)
Wearing a ring, but ain't gon' be no ""Mrs.""
Bought matching diamonds for six of my bitches
I'd rather spoil all my friends with my riches
Think retail therapy my new addiction
Whoever said money can't solve your problems
Must not have had enough money to solve 'em
They say, ""Which one?"" I say, ""Nah, I want all of 'em""
Happiness is the same price as red-bottoms
You might also like
My smile is beamin' (Yeah), my skin is gleamin' (Is gleamin')
The way it shine, I know you've seen it (You've seen it)
I bought a crib just for (Just for) the closet (Closet)
Both his and hers, I want it, I got it, yeah

I want it, I got it, I want it, I got it
I want it, I got it, I want it, I got it (Baby)
You like my hair? Gee, thanks, just bought it (Oh yeah)
I see it, I like it, I want it, I got it (Yep)

Yeah, my receipts be lookin' like phone numbers
If it ain't money, then wrong number
Black card is my business card
The way it be settin' the tone for me
I don't mean to brag, but I be like, ""Put it in the bag,"" yeah
When you see them racks, they stacked up like my ass, yeah
Shoot, go from the store to the booth
Make it all back in one loop, gimme the loot
Never mind, I got the juice
Nothing but net when we shoot
Look at my neck, look at my jet
Ain't got enough money to pay me respect
Ain't no budget when I'm on the set
If I like it, then that's what I get, yeah
I want it, I got it, I want it, I got it (Oh yeah)
I want it, I got it, I want it, I got it (Oh yeah, yeah)
You like my hair? Gee, thanks, just bought it
I see it, I like it, I want it, I got it (I see, yep)470Embed"
13,Sam Smith,3219597,Too Good at Goodbyes,https://genius.com/Sam-smith-too-good-at-goodbyes-lyrics,"254 ContributorsTranslationsPortuguêsDeutschToo Good at Goodbyes Lyrics
You must think that I'm stupid
You must think that I'm a fool
You must think that I'm new to this
But I have seen this all before

I'm never gonna let you close to me
Even though you mean the most to me
'Cause every time I open up, it hurts
So I'm never gonna get too close to you
Even when I mean the most to you
In case you go and leave me in the dirt

But every time you hurt me, the less that I cry
And every time you leave me, the quicker these tears dry
And every time you walk out, the less I love you
Baby, we don't stand a chance, it's sad but it's true
I'm way too good at goodbyes
(I'm way too good at goodbyes)
I'm way too good at goodbyes
(I'm way too good at goodbyes)

I know you're thinkin' I'm heartless
I know you're thinkin' I'm cold
I'm just protectin' my innocence
I'm just protectin' my soul
You might also like
I'm never gonna let you close to me
Even though you mean the most to me
'Cause every time I open up, it hurts
So I'm never gonna get too close to you
Even when I mean the most to you
In case you go and leave me in the dirt

But every time you hurt me, the less that I cry
And every time you leave me, the quicker these tears dry
And every time you walk out, the less l love you
Baby, we don't stand a chance, it's sad but it's true
I'm way too good at goodbyes
(I'm way too good at goodbyes)
I'm way too good at goodbyes
(I'm way too good at goodbyes)
No way that you'll see me cry
(No way that you'll see me cry)
I'm way too good at goodbyes
(I'm way too good at goodbyes)

No
No, no, no, no, no
(I'm way too good at goodbyes)
No, no, no, no
No, no, no
(I'm way too good at goodbyes)
(No way that you'll see me cry)
Ahhh
(I'm way too good at goodbyes)
'Cause every time you hurt me, the less that I cry
And every time you leave me, the quicker these tears dry
And every time you walk out, the less I love you
Baby, we don't stand a chance, it's sad but it's true
I'm way too good at goodbyes331Embed"
14,Lady Gaga & Bradley Cooper,3352793,Shallow,https://genius.com/Lady-gaga-and-bradley-cooper-shallow-lyrics,"258 ContributorsTranslationsEspañolNederlandsΕλληνικάFrançaisDeutschNorsk (bokmål / riksmål)Bahasa IndonesiaItalianoShallow Lyrics
Tell me somethin', girl
Are you happy in this modern world?
Or do you need more?
Is there somethin' else you're searchin' for?

I'm fallin'
In all the good times, I find myself longin'
For change
And, in the bad times, I fear myself

Tell me something, boy
Aren't you tired tryna fill that void?
Or do you need more?
Ain't it hard keepin' it so hardcore?

I'm falling
In all the good times, I find myself longing
For change
And, in the bad times, I fear myself

I'm off the deep end, watch as I dive in
I'll never meet the ground
Crash through the surface where they can't hurt us
We're far from the shallow now
You might also like
In the sha-ha, sha-hallow
In the sha-ha, sha-la-la-la-low
In the sha-ha, sha-hallow
We're far from the shallow now

Oh, ha, ah, ha
Oh-ah, ha

I'm off the deep end, watch as I dive in
I'll never meet the ground
Crash through the surface where they can't hurt us
We're far from the shallow now

In the sha-ha, shallow
In the sha-ha, sha-la-la-la-low
In the sha-ha, shallow
We're far from the shallow now362Embed"
15,Drake,3807759,In My Feelings,https://genius.com/Drake-in-my-feelings-lyrics,"380 ContributorsTranslationsไทย / Phasa ThaiPortuguêsEspañolDeutschIn My Feelings Lyrics
Trap, TrapMoneyBenny
This shit got me in my feelings
Gotta be real with it, yeah

Kiki, do you love me? Are you riding?
Say you'll never ever leave from beside me
'Cause I want ya, and I need ya
And I'm down for you always
KB, do you love me? Are you riding?
Say you'll never ever leave from beside me
'Cause I want ya, and I need ya
And I'm down for you always

Look, the new me is really still the real me
I swear you gotta feel me before they try and kill me
They gotta make some choices, they runnin' out of options
'Cause I've been goin' off and they don't know when it's stoppin'
And when you get to toppin', I see that you've been learnin'
And when I take you shoppin', you spend it like you earned it
And when you popped off on your ex, he deserved it
I thought you were the one from the jump, that confirmed it
TrapMoneyBenny, ayy
I buy you Champagne but you love some Henny
From the block like you Jenny
I know you special, girl, 'cause I know too many
You might also like
'Resha, do you love me? Are you riding?
Say you'll never ever leave from beside me
'Cause I want ya, and I need ya
And I'm down for you always
JT, do you love me? Are you riding?
Say you'll never ever leave from beside me
'Cause I want ya, and I need ya
And I'm down for you always

Two bad bitches and we kissin' in the Wraith
Kissin'-kissin' in the Wraith, kiss-kissin' in the Wraith
I need that black card and the code to the safe
Code to the safe, code-code to the safe-safe
I show him how that neck work
Fuck that Netflix and chill, what's your net-net-net worth?
'Cause I want ya, and I need ya
And I'm down for you always
Yeah, yeah, yeah, yeah, he bad
And I'm down for you always
Yeah, yeah, yeah, guess who's back
And I'm down for you always
D-down for you al–
Black biggy biggy black biggy black blake
D-d-down for you always
I got a new boy, and that nigga trade
Kiki, do you love me? Are you riding?
Say you'll never ever leave from beside me
'Cause I want you, and I need you
And I'm down for you always
KB, do you love me? Are you riding?
Say you'll never ever leave from beside me
'Cause I want ya, and I–

Skate and Smoke and Rap
Now let me see you
Bring that ass, bring that ass, bring that ass back
B-bring that ass, bring that ass, bring that ass back
Shawty say the nigga that she with can't hit
But shawty, I'ma hit it, hit it like I can't miss
Now let me see you
Clap that ass, you're the only one I love
Clap that ass, clap-clap that ass
Bring that ass back
Clap-clap-clap that ass, you're the only one I love
Let's go, let's go, let's go
Bring that ass back

Trap, TrapMoneyBenny
This shit got me in my feelings
Gotta be real with it, ayy, yup
(BlaqNmilD, you a genius, you diggin' me?)
You know what, I don't even care, I need a photo with Drake
Because my Instagram is weak as fuck
I'm just being real, my shit, look—217Embed"
16,Imagine Dragons,2970719,Believer,https://genius.com/Imagine-dragons-believer-lyrics,"441 ContributorsTranslationsРусскийMagyarTürkçeEspañolDeutschPortuguêsBeliever Lyrics
First things first
I'ma say all the words inside my head
I'm fired up and tired of
The way that things have been, oh-ooh
The way that things have been, oh-ooh

Second things second
Don't you tell me what you think that I could be
I'm the one at the sail
I'm the master of my sea, oh-ooh
The master of my sea, oh-ooh

I was broken from a young age
Taking my sulkin' to the masses
Writing my poems for the few
That look at me, took to me, shook at me, feelin' me
Singing from heartache from the pain
Taking my message from the veins
Speaking my lesson from the brain
Seeing the beauty through the...

Pain! You made me a, you made me a
Believer, believer
Pain! You break me down, you build me up
Believer, believer
Pain! Oh, let the bullets fly, oh, let them rain
My life, my love, my drive, it came from…
Pain! You made me a, you made me a
Believer, believer
See Imagine Dragons LiveGet tickets as low as $35You might also like
Third things third
Send a prayer to the ones up above
All the hate that you've heard
Has turned your spirit to a dove, oh-ooh
Your spirit up above, oh-ooh

I was chokin' in the crowd
Building my rain up in the cloud
Falling like ashes to the ground
Hoping my feelings, they would drown
But they never did, ever lived, ebbin' and flowin'
Inhibited, limited 'til it broke open and rained down
It rained down, like…

Pain! You made me a, you made me a
Believer, believer
Pain! You break me down, you build me up
Believer, believer
Pain! Oh, let the bullets fly, oh, let them rain
My life, my love, my drive, it came from…
Pain! You made me a, you made me a
Believer, believer
Last things last
By the grace of the fire and the flames
You're the face of the future
The blood in my veins, oh-ooh
The blood in my veins, oh-ooh

But they never did, ever lived, ebbin' and flowin'
Inhibited, limited 'til it broke open and rained down
It rained down, like…

Pain! You made me a, you made me a
Believer, believer
Pain! You break me down, you build me up
Believer, believer
Pain! Oh, let the bullets fly, oh, let them rain
My life, my love, my drive, it came from…
Pain! You made me a, you made me a
Believer, believer429Embed"
17,Fetty Wap,496445,Trap Queen,https://genius.com/Fetty-wap-trap-queen-lyrics,"253 ContributorsTrap Queen Lyrics
RGF productions
Remy Boyz, yah-ah
1738, ayy

I'm like ""Hey, what's up? Hello"" (Ayy)
Seen yo pretty ass soon as you came in the door
I just wanna chill, got a sack for us to roll
Married to the money, introduced her to my stove
Showed her how to whip it, now she remixin' for low
She my trap queen, let her hit the bando
We be countin' up, watch how far them bands go
We just set a goal, talkin' matchin' Lambos
At 56 a gram, 5 a hundred grams though
Man, I swear I love her, how she work the damn pole
Hit the strip club, we be lettin' bands go
Everybody hatin', we just call them fans, though
In love with the money, I ain't never lettin' go

And I get high with my baby (My baby)
I just left the mall, I'm gettin' fly with my baby, yeah
And I can ride with my baby (My baby)
I be in the kitchen cookin' pies with my baby, yeah
And I can ride with my baby (My baby)
I just left the mall, I'm gettin' fly with my baby, yeah
And I can ride with my baby
I be in the kitchen cookin' pies
You might also like
I'm like, ""Hey, what's up? Hello""
I hit the strip with my trap queen, 'cause all we know is bands
I just might snatch up a 'Rari and buy my boo a Lamb'
I just might snatch her a necklace, drop a couple on a ring
She ain't wantin' for nothin' because I got her everything
It's big ZooWap from the bando
Remind me where I can't go
Remy Boyz got the stamp though
Count up hella them bands though
Boy how far can your bands go?
Fetty Wap, I'm livin' fifty thousand K how I stand though
If you checkin' for my pockets I'm like…

And I get high with my baby (My baby)
I just left the mall, I'm gettin' fly with my baby, yeah
And I can ride with my baby (My baby)
I be in the kitchen cookin' pies with my baby, yeah
And I can ride with my baby (My baby)
I just left the mall, I'm gettin' fly with my baby, yeah
And I can ride with my baby (My baby)
I be in the kitchen cookin' pies

I'm like, ""Hey, what's up? Hello""
Seen yo' pretty ass soon as you came in the door
I just wanna chill, got a sack for us to roll
Married to the money, introduced her to my stove
Showed her how to whip it, now she remixin' for low
She my trap queen, let her hit the bando
We be countin' up, watch how far them bands go
We just set a goal, talkin' matchin' Lambos
At 56 a gram, 5 a hundred grams though
Man, I swear I love her how she work the damn pole
Hit the strip club, we be lettin' bands go
Everybody hatin', we just call them fans though
In love with the money, I ain't never lettin' go
I be smokin' dope and you know Backwoods what I roll
Remy Boyz, Fetty eatin' shit up, that's fasho
I'll run in ya house, then I'll fuck your ho
'Cause Remy Boyz or nothin'
Re-Re-Remy Boyz or nothin', yeah

Yeah, you hear my boy
Soundin' like a zillion bucks on the track
I got whatever on my boy, whatever
Put your money where your mouth is
Money on the wood make the game go good
Money out of sight cause fights
Put up or shut up, huh?
Nitt Da Gritt, huh, RGF Productions
Squad3.2KEmbed"
18,Post Malone,2942139,rockstar,https://genius.com/Post-malone-rockstar-lyrics,"485 ContributorsTranslationsEspañolPolskiFrançaisفارسیNederlandsČeskyTürkçeDeutschAzərbaycanca / آذربايجانPortuguêsРусскийrockstar Lyrics
Hahahahaha
Tank God
Ayy, ayy

I've been fuckin' hoes and poppin' pillies
Man, I feel just like a rockstar (Star, ayy, ayy)
All my brothers got that gas
And they always be smokin' like a Rasta ('Sta)
Fuckin' with me, call up on a Uzi
And show up, man, them the shottas ('Tas)
When my homies pull up on your block
They make that thing go grra-ta-ta-ta (Ta, pow, pow, pow, ayy, ayy)

Switch my whip, came back in black
I'm startin' sayin', ""Rest in peace to Bon Scott"" (Scott, ayy)
Close that door, we blowin' smoke
She ask me light a fire like I'm Morrison ('Son, ayy)
Act a fool on stage
Prolly leave my fuckin' show in a cop car (Car, ayy)
Shit was legendary
Threw a TV out the window of the Montage
Cocaine on the table, liquor pourin', don't give a damn
Dude, your girlfriend is a groupie, she just tryna get in
Sayin', ""I'm with the band"" (Ayy, ayy)
Now she actin' outta pocket, tryna grab up on my pants
Hundred bitches in my trailer say they ain't got a man
And they all brought a friend (Yeah, ayy, ayy, ayy)
See Post Malone LiveGet tickets as low as $47You might also like
I've been fuckin' hoes and poppin' pillies
Man, I feel just like a rockstar (Star, ayy, ayy)
All my brothers got that gas
And they always be smokin' like a Rasta ('Sta)
Fuckin' with me, call up on a Uzi
And show up, man, them the shottas ('Tas)
When my homies pull up on your block
They make that thing go grra-ta-ta-ta (Ta, pow, pow, pow)

I've been in the Hills fuckin' superstars
Feelin' like a popstar (21, 21, 21)
Drankin' Henny, bad bitches jumpin' in the pool
And they ain't got on no bra (No bra)
Hit her from the back, pullin' on her tracks
And now she screamin' out, ""¡No más!"" (Yeah, yeah, yeah)
They like, ""Savage, why you got a twelve car garage
And you only got six cars?"" (21)
I ain't with the cakin', how you kiss that? (Kiss that?)
Your wifey say I'm lookin' like a whole snack (Big snack)
Green hundreds in my safe, I got old racks (Old racks)
L.A. bitches always askin', ""Where the coke at?"" (21, 21)
Livin' like a rockstar, smash out on a cop car
Sweeter than a Pop-Tart, you know you are not hard
I done made the hot chart, 'member I used to trap hard
Livin' like a rockstar, I'm livin' like a rockstar (Ayy)
I've been fuckin' hoes and poppin' pillies
Man, I feel just like a rockstar (Star, ayy, ayy)
All my brothers got that gas
And they always be smokin' like a Rasta ('Sta, yeah, yeah, yeah, yeah)
Fuckin' with me, call up on a Uzi
And show up, man, them the shottas ('Tas)
When my homies pull up on your block
They make that thing go grra-ta-ta-ta (Ta, grra-ta-ta-ta-ta)

Star, star, rockstar, rockstar, star
Rockstar
Rockstar, feel just like a–
Rockstar
Rockstar
Rockstar
Feel just like a…774Embed"
19,Ed Sheeran,2953761,Perfect,https://genius.com/Ed-sheeran-perfect-lyrics,"336 ContributorsTranslationsTürkçeEspañolPortuguêsItalianoΕλληνικάDeutschFrançaisفارسیالعربيةPerfect Lyrics
I found a love for me
Oh, darlin', just dive right in and follow my lead
Well, I found a girl, beautiful and sweet
Oh, I never knew you were the someone waitin' for me

'Cause we were just kids when we fell in love
Not knowin' what it was
I will not give you up this time
But, darlin', just kiss me slow
Your heart is all I own
And in your eyes, you're holdin' mine

Baby, I'm dancin' in the dark with you between my arms
Barefoot on the grass while listenin' to our favourite song
When you said you looked a mess, I whispered underneath my breath
But you heard it, ""Darlin', you look perfect tonight""

Well, I found a woman stronger than anyone I know
She shares my dreams, I hope that, someday, I'll share her home
I found a love to carry more than just my secrets
To carry love, to carry children of our own
See Ed Sheeran LiveGet tickets as low as $136You might also like
We are still kids, but we're so in love
Fightin' against all odds
I know we'll be alright this time
Darlin', just hold my hand
Be my girl, I'll be your man
I see my future in your eyes

Baby, I'm dancin' in the dark with you between my arms
Barefoot on the grass while listenin' to our favourite song
When I saw you in that dress, lookin' so beautiful
I don't deserve this, darlin', you look perfect tonight

No, no, no
Mm, no, no

Baby, I'm dancin' in the dark with you between my arms
We're barefoot on the grass, oh, listenin' to our favourite song
I have faith in what I see, now I know I have met
An angel in person and she looks perfect
I don't deserve this, you look perfect tonight265Embed"
20,Queen,1063,Bohemian Rhapsody,https://genius.com/Queen-bohemian-rhapsody-lyrics,"485 ContributorsTranslationsDeutschTürkçeไทย / Phasa ThaiEspañolPortuguêsفارسیFrançaisPolskiBohemian Rhapsody Lyrics
Is this the real life? Is this just fantasy?
Caught in a landslide, no escape from reality
Open your eyes, look up to the skies and see
I'm just a poor boy, I need no sympathy
Because I'm easy come, easy go, little high, little low
Any way the wind blows doesn't really matter to me, to me

Mama, just killed a man
Put a gun against his head, pulled my trigger, now he's dead
Mama, life had just begun
But now I've gone and thrown it all away
Mama, ooh, didn't mean to make you cry
If I'm not back again this time tomorrow
Carry on, carry on as if nothing really matters

Too late, my time has come
Sends shivers down my spine, body's aching all the time
Goodbye, everybody, I've got to go
Gotta leave you all behind and face the truth
Mama, ooh (Any way the wind blows)
I don't wanna die
I sometimes wish I'd never been born at all
You might also like
I see a little silhouetto of a man
Scaramouche, Scaramouche, will you do the Fandango?
Thunderbolt and lightning, very, very frightening me
(Galileo) Galileo, (Galileo) Galileo, Galileo Figaro magnifico (Oh-oh-oh-oh)
But I'm just a poor boy, nobody loves me
He's just a poor boy from a poor family
Spare him his life from this monstrosity
Easy come, easy go, will you let me go?
Bismillah, no, we will not let you go
(Let him go) Bismillah, we will not let you go
(Let him go) Bismillah, we will not let you go
(Let me go) Will not let you go
(Let me go) Will not let you go
(Never, never, never, never let me go) Ah
No, no, no, no, no, no, no
(Oh, mamma mia, mamma mia) Mamma mia, let me go
Beelzebub has a devil put aside for me, for me, for me
So you think you can stone me and spit in my eye?
So you think you can love me and leave me to die?
Oh, baby, can't do this to me, baby
Just gotta get out, just gotta get right outta here
(Ooh)
(Ooh, yeah, ooh, yeah)
Nothing really matters, anyone can see
Nothing really matters
Nothing really matters to me
Any way the wind blows695Embed"
21,Lady Gaga & Bradley Cooper,3352793,Shallow,https://genius.com/Lady-gaga-and-bradley-cooper-shallow-lyrics,"258 ContributorsTranslationsEspañolNederlandsΕλληνικάFrançaisDeutschNorsk (bokmål / riksmål)Bahasa IndonesiaItalianoShallow Lyrics
Tell me somethin', girl
Are you happy in this modern world?
Or do you need more?
Is there somethin' else you're searchin' for?

I'm fallin'
In all the good times, I find myself longin'
For change
And, in the bad times, I fear myself

Tell me something, boy
Aren't you tired tryna fill that void?
Or do you need more?
Ain't it hard keepin' it so hardcore?

I'm falling
In all the good times, I find myself longing
For change
And, in the bad times, I fear myself

I'm off the deep end, watch as I dive in
I'll never meet the ground
Crash through the surface where they can't hurt us
We're far from the shallow now
You might also like
In the sha-ha, sha-hallow
In the sha-ha, sha-la-la-la-low
In the sha-ha, sha-hallow
We're far from the shallow now

Oh, ha, ah, ha
Oh-ah, ha

I'm off the deep end, watch as I dive in
I'll never meet the ground
Crash through the surface where they can't hurt us
We're far from the shallow now

In the sha-ha, shallow
In the sha-ha, sha-la-la-la-low
In the sha-ha, shallow
We're far from the shallow now362Embed"
22,Imagine Dragons,2970719,Believer,https://genius.com/Imagine-dragons-believer-lyrics,"441 ContributorsTranslationsРусскийMagyarTürkçeEspañolDeutschPortuguêsBeliever Lyrics
First things first
I'ma say all the words inside my head
I'm fired up and tired of
The way that things have been, oh-ooh
The way that things have been, oh-ooh

Second things second
Don't you tell me what you think that I could be
I'm the one at the sail
I'm the master of my sea, oh-ooh
The master of my sea, oh-ooh

I was broken from a young age
Taking my sulkin' to the masses
Writing my poems for the few
That look at me, took to me, shook at me, feelin' me
Singing from heartache from the pain
Taking my message from the veins
Speaking my lesson from the brain
Seeing the beauty through the...

Pain! You made me a, you made me a
Believer, believer
Pain! You break me down, you build me up
Believer, believer
Pain! Oh, let the bullets fly, oh, let them rain
My life, my love, my drive, it came from…
Pain! You made me a, you made me a
Believer, believer
See Imagine Dragons LiveGet tickets as low as $35You might also like
Third things third
Send a prayer to the ones up above
All the hate that you've heard
Has turned your spirit to a dove, oh-ooh
Your spirit up above, oh-ooh

I was chokin' in the crowd
Building my rain up in the cloud
Falling like ashes to the ground
Hoping my feelings, they would drown
But they never did, ever lived, ebbin' and flowin'
Inhibited, limited 'til it broke open and rained down
It rained down, like…

Pain! You made me a, you made me a
Believer, believer
Pain! You break me down, you build me up
Believer, believer
Pain! Oh, let the bullets fly, oh, let them rain
My life, my love, my drive, it came from…
Pain! You made me a, you made me a
Believer, believer
Last things last
By the grace of the fire and the flames
You're the face of the future
The blood in my veins, oh-ooh
The blood in my veins, oh-ooh

But they never did, ever lived, ebbin' and flowin'
Inhibited, limited 'til it broke open and rained down
It rained down, like…

Pain! You made me a, you made me a
Believer, believer
Pain! You break me down, you build me up
Believer, believer
Pain! Oh, let the bullets fly, oh, let them rain
My life, my love, my drive, it came from…
Pain! You made me a, you made me a
Believer, believer429Embed"
23,Arctic Monkeys,154314,Do I Wanna Know?,https://genius.com/Arctic-monkeys-do-i-wanna-know-lyrics,"230 ContributorsTranslationsEspañolFrançaisPortuguêsالعربيةItalianoDeutschTürkçeDo I Wanna Know? Lyrics
Have you got colour in your cheeks?
Do you ever get that fear that you can't shift the type
That sticks around like summat in your teeth?
Are there some aces up your sleeve?
Have you no idea that you're in deep?
I've dreamt about you nearly every night this week
How many secrets can you keep?
'Cause there's this tune I found
That makes me think of you somehow an' I play it on repeat
Until I fall asleep, spillin' drinks on my settee

(Do I wanna know?) If this feelin' flows both ways?
(Sad to see you go) Was sorta hopin' that you'd stay
(Baby, we both know) That the nights were mainly made
For sayin' things that you can't say tomorrow day

Crawlin' back to you
Ever thought of callin' when
You've had a few?
'Cause I always do
Maybe I'm too
Busy bein' yours
To fall for somebody new
Now, I've thought it through
Crawlin' back to you
You might also like
So have you got the guts?
Been wonderin' if your heart's still open
And if so, I wanna know what time it shuts
Simmer down an' pucker up, I'm sorry to interrupt
It's just I'm constantly on the cusp of tryin' to kiss you
But I don't know if you feel the same as I do
But we could be together if you wanted to

(Do I wanna know?) If this feelin' flows both ways?
(Sad to see you go) Was sorta hopin' that you'd stay
(Baby, we both know) That the nights were mainly made
For sayin' things that you can't say tomorrow day

Crawlin' back to you (Crawlin' back to you)
Ever thought of callin' when
You've had a few? (Had a few)
'Cause I always do ('Cause I always do)
Maybe I'm too (Maybe I'm too busy)
Busy bein' yours (Bein' yours)
To fall for somebody new
Now, I've thought it through
Crawlin' back to you
(Do I wanna know?) If this feelin' flows both ways?
(Sad to see you go) Was sorta hopin' that you'd stay
(Baby, we both know) That the nights were mainly made
For sayin' things that you can't say tomorrow day
(Do I wanna know?) Too busy bein' yours to fall
(Sad to see you go) Ever thought of callin', darlin'?
(Do I wanna know?) Do you want me crawlin' back to you?864Embed"
24,Hozier,226866,Take Me to Church,https://genius.com/Hozier-take-me-to-church-lyrics,"369 ContributorsTranslationsفارسیEspañolFrançaisDeutschNorsk (bokmål / riksmål)TürkçeTake Me to Church Lyrics
My lover's got humour
She's the giggle at a funeral
Knows everybody's disapproval
I should've worshipped her sooner
If the heavens ever did speak
She's the last true mouthpiece
Every Sunday's gettin' more bleak
A fresh poison each week
We were born sick, you heard them say it
My church offers no absolutes
She tells me, ""Worship in the bedroom""
The only heaven I'll be sent to
Is when I'm alone with you
I was born sick, but I love it
Command me to be well

A, amen
Amen, amen

Take me to church
I'll worship like a dog at the shrine of your lies
I'll tell you my sins and you can sharpen your knife
Offer me that deathless death
Oh, good God, let me give you my life
Take me to church
I'll worship like a dog at the shrine of your lies
I'll tell you my sins and you can sharpen your knife
Offer me that deathless death
Oh, good God, let me give you my life
See Hozier LiveGet tickets as low as $117You might also like
If I'm a pagan of the good times
My lover's the sunlight
To keep the goddess on my side
She demands a sacrifice
Drain the whole sea, get somethin' shiny
Somethin' meaty for the main course
That's a fine lookin' high horse
What you got in the stable?
We've a lot of starvin' faithful
That looks tasty, that looks plenty
This is hungry work

Take me to church
I'll worship like a dog at the shrine of your lies
I'll tell you my sins, so you can sharpen your knife
Offer me my deathless death
Oh, good God, let me give you my life
Take me to church
I'll worship like a dog at the shrine of your lies
I'll tell you my sins, so you can sharpen your knife
Offer me my deathless death
Oh, good God, let me give you my life

No masters or kings when the ritual begins
There is no sweeter innocence than our gentle sin
In the madness and soil of that sad earthly scene
Only then, I am human, only then, I am clean
Oh, oh, amen
Amen, amen

Take me to church
I'll worship like a dog at the shrine of your lies
I'll tell you my sins and you can sharpen your knife
Offer me that deathless death
Oh, good God, let me give you my life
Take me to church
I'll worship like a dog at the shrine of your lies
I'll tell you my sins and you can sharpen your knife
Offer me that deathless death
Oh, good God, let me give you my life

1.6KEmbed"
25,Leonard Cohen,1237,Hallelujah,https://genius.com/Leonard-cohen-hallelujah-lyrics,"199 ContributorsTranslationsFrançaisHebrewHallelujah Lyrics
Now I've heard there was a secret chord
That David played and it pleased the Lord
But you don't really care for music, do ya?
It goes like this, the fourth, the fifth
The minor fall, the major lift
The baffled king composing ""Hallelujah""

Hallelujah, Hallelujah
Hallelujah, Hallelujah

Your faith was strong, but you needed proof
You saw her bathing on the roof
Her beauty in the moonlight overthrew ya
She tied you to a kitchen chair
She broke your throne and she cut your hair
And from your lips she drew the Hallelujah

Hallelujah, Hallelujah
Hallelujah, Hallelujah
You say I took the name in vain
I don't even know the name
But if I did, well, really, what's it to ya?
There's a blaze of light in every word
It doesn't matter which you heard
The holy or the broken Hallelujah
You might also like
Hallelujah, Hallelujah
Hallelujah, Hallelujah
I did my best, it wasn't much
I couldn't feel, so I tried to touch
I've told the truth, I didn't come to fool ya
And even though it all went wrong
I'll stand before the lord of song
With nothing on my tongue but hallelujah

Hallelujah, Hallelujah
Hallelujah, Hallelujah
Hallelujah, Hallelujah
Hallelujah, Hallelujah
Hallelujah, Hallelujah
Hallelujah, Hallelujah
Hallelujah, Hallelujah
Hallelujah, Hallelujah
Hallelujah, Hallelujah

Hallelujah, Hallelujah
Baby, I've been here before
I know this room, I've walked this floor
I used to live alone before I knew ya
And I've seen your flag on the marble arch
Love is not a victory march
It's a cold and it's a broken Hallelujah
There was a time you let me know
What's really going on below
But now you never show it to me, do ya?
And remember when I moved in you
The holy dove was moving too
And every breath we drew was Hallelujah
Maybe there's a God above
But all I've ever learned from love
Was how to shoot at someone who outdrew ya
And it's not a cry that you hear at night
It's not somebody who's seen the light
It's a cold and it's a broken Hallelujah83Embed"
26,The Killers,5139,Mr. Brightside,https://genius.com/The-killers-mr-brightside-lyrics,"238 ContributorsTranslationsFrançaisDeutschMr. Brightside Lyrics
Comin' out of my cage and I've been doin' just fine
Gotta, gotta be down because I want it all
It started out with a kiss, how did it end up like this?
It was only a kiss, it was only a kiss
Now I'm falling asleep and she's calling a cab
While he's having a smoke and she's taking a drag
Now they're goin' to bed and my stomach is sick
And it's all in my head, but she's touching his

Chest now
He takes off her dress now
Let me go
And I just can't look, it's killing me
They're taking control

Jealousy
Turning saints into the sea
Swimming through sick lullabies
Choking on your alibi
But it's just the price I pay
Destiny is calling me
Open up my eager eyes
'Cause I'm Mr. Brightside
See The Killers LiveGet tickets as low as $93You might also like
I'm comin' out of my cage and I've been doin' just fine
Gotta, gotta be down because I want it all
It started out with a kiss, how did it end up like this?
(It was only a kiss) It was only a kiss
Now I'm falling asleep and she's calling a cab
While he's havin' a smoke and she's taking a drag
Now they're goin' to bed and my stomach is sick
And it's all in my head, but she's touching his

Chest now
He takes off her dress now
Let me go
'Cause I just can't look, it's killing me
They're taking control

Jealousy
Turning saints into the sea
Swimming through sick lullabies
Choking on your alibi
But it's just the price I pay
Destiny is calling me
Open up my eager eyes
'Cause I'm Mr. Brightside

I never
I never
I never
I never204Embed"
27,Harry Styles,3040789,Sign of the Times,https://genius.com/Harry-styles-sign-of-the-times-lyrics,"328 ContributorsTranslationsNederlandsEspañolPortuguêsPolskiNorsk (bokmål / riksmål)ΕλληνικάFrançaisDeutschSign of the Times Lyrics
Just stop your crying, it's a sign of the times
Welcome to the final show
I hope you're wearing your best clothes
You can't bribe the door on your way to the sky
You look pretty good down here
But you ain't really good

If we never learn we've been here before
Why are we always stuck and running from
The bullets, the bullet?
We never learn, we've been here before
Why are we always stuck and running from
Your bullets, a bullet?

Just stop your crying, it's a sign of the times
We gotta get away from here
We gotta get away from here
Just stop your crying, it'll be alright
They told me that the end is near
We gotta get away from here

Just stop your crying, have the time of your life
Breaking through the atmosphere
Things look pretty good from here
Remember everything will be alright
We can meet again somewhere
Somewhere far away from here
You might also like
We never learn, we've been here before
Why are we always stuck and running from
The bullets, the bullets?
We never learn, we've been here before
Why are we always stuck and running from
The bullets, the bullets?

Just stop your crying, it's a sign of the times
We gotta get away from here
We gotta get away from here
Stop your crying, baby, it'll be alright
They told me that the end is near
We gotta get away from here

We never learn, we've been here before
Why are we always stuck and running from
Your bullets, the bullets?
We never learn, we've been here before
Why are we always stuck and running from
Your bullets, your bullets?

We don't talk enough
We should open up
Before it's all too much
Will we ever learn?
We've been here before
It's just what we know
Stop your crying, baby, it's a sign of the times
We gotta get away
We got to get away, we got to get away
We got to get away, we got to get away
We got to, we got to run
We got to, we got to run
We got to, we got to run away355Embed"
28,Daft Punk,139968,Get Lucky,https://genius.com/Daft-punk-get-lucky-lyrics,"236 ContributorsTranslationsEspañolPortuguêsPolskiFrançaisDeutschGet Lucky Lyrics
Like the legend of the phoenix, huh
All ends with beginnings
What keeps the planet spinning, uh-huh
The force from the beginning
Look

We've come too far
To give up who we are
So let's raise the bar
And our cups to the stars

She's up all night 'til the sun
I'm up all night to get some
She's up all night for good fun
I'm up all night to get lucky
We're up all night 'til the sun
We're up all night to get some
We're up all night for good fun
We're up all night to get lucky
We're up all night to get lucky
We're up all night to get lucky
We're up all night to get lucky
We're up all night to get lucky
You might also like
The present has no ribbon
Your gift keeps on giving
What is this I'm feeling?
If you wanna leave, I'm with it, uh-huh

We've come too far
To give up who we are
So let's raise the bar
And our cups to the stars

She's up all night 'til the sun
I'm up all night to get some
She's up all night for good fun
I'm up all night to get lucky
We're up all night 'til the sun
We're up all night to get some
We're up all night for good fun
We're up all night to get lucky
We're up all night to get lucky
We're up all night to get lucky
We're up all night to get lucky
We're up all night to get lucky
She's up all night 'til the sun
I'm up all night to get some
She's up all night for good fun
I'm up all night to get lucky
We're up all night 'til the sun
We're up all night to get some
We're up all night for good fun
We're up all night to get lucky
We're up all night to get lucky
We're up all night to get lucky
We're up all night to get lucky
We're up all night to get lucky

She's up all night 'til the sun
I'm up all night to get some
She's up all night for good fun
I'm up all night to get lucky
We're up all night 'til the sun
We're up all night to get some
We're up all night for good fun
We're up all night to get lucky
We're up all night to get lucky
We're up all night to get lucky
We're up all night to get lucky
We're up all night to get lucky
We're up all night to get
We're up all night to get
We're up all night to get
We're up all night to get
We're up all night to get
We're up all night to get
We're up all night to get
We're up all night to get
We're up all night to get back together
We're up all night to get (Let's get funked again)
We're up all night to get (Funky)
We're up all night to get lucky
We're up all night to get lucky
We're up all night to get lucky
We're up all night to get lucky
We're up all night to get lucky
We're up all night to get lucky
We're up all night to get lucky
We're up all night to get lucky
We're up all night to get lucky

We've come too far
To give up who we are
So let's raise the bar
And our cups to the stars

She's up all night 'til the sun
I'm up all night to get some
She's up all night for good fun
I'm up all night to get lucky
We're up all night 'til the sun
We're up all night to get some
We're up all night for good fun
We're up all night to get lucky
We're up all night to get lucky
We're up all night to get lucky
We're up all night to get lucky
We're up all night to get lucky

We're up all night to get lucky
We're up all night to get lucky
We're up all night to get lucky
We're up all night to get lucky
We're up all night to get lucky
We're up all night to get lucky
We're up all night to get lucky
We're up all night to get lucky
We're up all night to get lucky
We're up all night to get lucky
We're up all night to get lucky
We're up all night to get lucky457Embed"
29,The Chainsmokers & Coldplay,2998843,Something Just Like This,https://genius.com/The-chainsmokers-and-coldplay-something-just-like-this-lyrics,"203 ContributorsTranslationsPortuguêsDeutschفارسیEspañolSomething Just Like This Lyrics
I've been reading books of old, the legends and the myths
Achilles and his gold, Hercules and his gifts
Spider-Man's control and Batman with his fists
And clearly, I don't see myself upon that list

But she said, ""Where d'you wanna go? How much you wanna risk?""
I'm not lookin' for somebody with some superhuman gifts
Some superhero, some fairytale bliss
Just something I can turn to, somebody I can kiss
I want something just like this

Doo-doo-doo, doo-doo-doo
Doo-doo-doo, doo, doo
Doo-doo-doo, doo-doo-doo
Oh, I want something just like this
Doo-doo-doo, doo-doo-doo
Doo-doo-doo, doo, doo
Doo-doo-doo, doo-doo-doo
Oh, I want something just like this

I want something just like this
You might also like
I've been reading books of old, the legends and the myths
The testaments they told, the moon and its eclipse
And Superman unrolls a suit before he lifts
But I'm not the kind of person that it fits

She said, ""Where d'you wanna go? How much you wanna risk?""
I'm not lookin' for somebody with some superhuman gifts
Some superhero, some fairytale bliss
Just something I can turn to, somebody I can miss

I want something just like this
I want something just like this
Oh, I want something just like this

Doo-doo-doo, doo-doo-doo
Doo-doo-doo, doo, doo
Doo-doo-doo, doo-doo-doo
Oh, I want something just like this
Doo-doo-doo, doo-doo-doo
Doo-doo-doo, doo, doo
Doo-doo-doo, doo-doo-doo
Where d'you wanna go? How much you wanna risk?
I'm not lookin' for somebody with some superhuman gifts
Some superhero, some fairytale bliss
Just something I can turn to, somebody I can kiss
I want something just like this
Oh, I want something just like this
Oh, I want something just like this
Oh, I want something just like this125Embed"
30,blink-182,61981,I Miss You,https://genius.com/Blink-182-i-miss-you-lyrics,"142 ContributorsTranslationsPortuguêsI Miss You Lyrics
I miss you, I miss you

Hello, there
The angel from my nightmare
The shadow in the background of the morgue
The unsuspecting victim
Of darkness in the valley
We can live like Jack and Sally if we want
Where you can always find me
And we'll have Halloween on Christmas
And in the night, we'll wish this never ends
We'll wish this never ends

I miss you, I miss you
I miss you, I miss you

Where are you? And I'm so sorry
I cannot sleep, I cannot dream tonight
I need somebody and always
This sick, strange darkness
Comes creeping on, so haunting every time
And as I stare, I counted
The webs from all the spiders
Catching things and eating their insides
Like indecision to call you
And hear your voice of treason
Will you come home and stop this pain tonight?
Stop this pain tonight
You might also like
Don't waste your time on me, you're already
The voice inside my head (I miss you, I miss you)
Don't waste your time on me, you're already
The voice inside my head (I miss you, I miss you)


Don't waste your time on me, you're already
The voice inside my head (I miss you, I miss you)
Don't waste your time on me, you're already
The voice inside my head (I miss you, I miss you)
Don't waste your time on me, you're already
The voice inside my head (I miss you, I miss you)
Don't waste your time on me, you're already
The voice inside my head (I miss you, I miss you)

I miss you, I miss you
I miss you, I miss you
I miss you, I miss you
I miss you, I miss you192Embed"
31,Billie Eilish,6533253,Happier Than Ever,https://genius.com/Billie-eilish-happier-than-ever-lyrics,"302 ContributorsTranslationsРусскийTürkçeEspañolРусскийPortuguêsNorsk (bokmål / riksmål)日本語ItalianoDeutschFrançaisفارسیУкраїнськаDanskSvenskaMagyar한국어العربيةСрпскиHappier Than Ever Lyrics
When I'm away from you
I'm happier than ever
Wish I could explain it better
I wish it wasn't true

Give me a day or two to think of something clever
To write myself a letter
To tell me what to do, mm-mm
Do you read my interviews?
Or do you skip my avenue?
When you said you were passin' through
Was I even on your way?
I knew when I asked you to (When I asked you to)
Be cool about what I was tellin' you
You'd do the opposite of what you said you'd do (What you said you'd do)
And I'd end up more afraid
Don't say it isn't fair
You clearly werеn't aware that you made me misеrable
So if you really wanna know

When I'm away from you (When I'm away from you)
I'm happier than ever (Happier than ever)
Wish I could explain it better (Wish I could explain it better)
I wish it wasn't true, mm-mm
See Billie Eilish LiveGet tickets as low as $133You might also like
You call me again, drunk in your Benz
Drivin' home under the influence
You scared me to death, but I'm wastin' my breath
'Cause you only listen to your fuckin' friends
I don't relate to you
I don't relate to you, no
'Cause I'd never treat me this shitty
You made me hate this city

And I don't talk shit about you on the internet
Never told anyone anything bad
'Cause that shit's embarrassing, you were my everything
And all that you did was make me fuckin' sad
So don't waste the time I don't have
And don't try to make me feel bad
I could talk about every time that you showed up on time
But I'd have an empty line 'cause you never did
Never paid any mind to my mother or friends, so I
Shut 'em all out for you 'cause I was a kid

You ruined everything good
Always said you were misunderstood
Made all my moments your own
Just fuckin' leave me alone, yeah (Fuck you)
(Ah)
(Goddamn)
(Ah)
(Fuck you)
(Fuck you)317Embed"
32,Taylor Swift,7394358,All Too Well (10 Minute Version) (Taylor’s Version) [Live Acoustic],https://genius.com/Taylor-swift-all-too-well-10-minute-version-taylors-version-live-acoustic-lyrics,"82 ContributorsTranslationsEspañolAll Too Well (10 Minute Version) (Taylor’s Version)  Lyrics
I walked through the door with you, the air was cold
But something 'bout it felt like home somehow
And I left my scarf there at your sister's house
And you've still got it in your drawer, even now

Oh, your sweet disposition and my wide-eyed gaze
We're singing in the car, getting lost upstate
Autumn leaves falling down like pieces into place
And I can picture it after all these days

And I know it's long gone and
That magic's not here no more
And I might be okay, but I'm not fine at all
Oh, oh, oh

'Cause there we are again on that little town street
You almost ran the red 'cause you were lookin' over at me
Wind in my hair, I was there
I remember it all too well

Photo album on the counter, your cheeks were turning red
You used to be a little kid with glasses in a twin-sized bed
And your mother's telling stories 'bout you on the tee-ball team
You told me 'bout your past, thinking your future was me
And you were tossing me the car keys, ""Fuck the patriarchy""
Key chain on the ground, we were always skipping town
And I was thinking on the drive down, any time now
He's gonna say it's love, you never called it what it was
'Til we were dead and gone and buried
Check the pulse and come back swearing it's the same
After three months in the grave
And then you wondered where it went to as I reached for you
But all I felt was shame and you held my lifeless frame
See Taylor Swift LiveGet tickets as low as $1,206You might also like
And I know it's long gone and
There was nothing else I could do
And I forget about you long enough
To forget why I needed to

'Cause there we are again in the middle of the night
We're dancing 'round the kitchen in the refrigerator light
Down the stairs, I was there
I remember it all too well
And there we are again when nobody had to know
You kept me like a secret, but I kept you like an oath
Sacred prayer and we'd swear
To remember it all too well, yeah

Well, maybe we got lost in translation
Maybe I asked for too much
But maybe this thing was a masterpiece
'Til you tore it all up
Running scared, I was there
I remember it all too well
And you call me up again just to break me like a promise
So casually cruel in the name of being honest
I'm a crumpled up piece of paper lying here
'Cause I remember it all, all, all
They say all's well that ends well, but I'm in a new Hell
Every time you double-cross my mind
You said if we had been closer in age maybe it would have been fine
And that made me want to die
The idea you had of me, who was she?
A never-needy, ever-lovely jewel whose shine reflects on you
Not weeping in a party bathroom
Some actress asking me what happened, you
That's what happened, you
You who charmed my dad with self-effacing jokes
Sipping coffee like you're on a late-night show
But then he watched me watch the front door all night, willing you to come
And he said, ""It's supposed to be fun turning twenty-one""

Time won't fly, it's like I'm paralyzed by it
I'd like to be my old self again, but I'm still trying to find it
After plaid shirt days and nights when you made me your own
Now you mail back my things and I walk home alone
But you keep my old scarf from that very first week
'Cause it reminds you of innocence and it smells like me
You can't get rid of it
'Cause you remember it all too well, yeah

'Cause there we are again when I loved you so
Back before you lost the one real thing you've ever known
It was rare, I was there
I remember it all too well
Wind in my hair, you were there
You remember it all
Down the stairs, you were there
You remember it all
It was rare, I was there
I remember it all too well
And I was never good at telling jokes, but the punch line goes
""I'll get older, but your lovers stay my age""
From when your Brooklyn broke my skin and bones
I'm a soldier who's returning half her weight
And did the twin flame bruise paint you blue?
Just between us, did the love affair maim you, too?
'Cause in this city's barren cold
I still remember the first fall of snow
And how it glistened as it fell
I remember it all too well

Just between us, did the love affair maim you all too well?
Just between us, do you remember it all too well?
Just between us, I remember it (Just between us), all too well
Wind in my hair, I was there, I was there
Down the stairs, I was there, I was there
Sacred prayer, I was there, I was there
It was rare, you remember it all too well
Wind in my hair, I was there, I was there
Down the stairs, I was there, I was there
Sacred prayer, I was there, I was there
It was rare, you remember it
Wind in my hair, I was there, I was there
Down the stairs, I was there, I was there
Sacred prayer, I was there, I was there
It was rare, you remember it
Wind in my hair, I was there, I was there
Down the stairs, I was there, I was there
Sacred prayer, I was there, I was there
It was rare, you remember it all too well

I love you guys so much52Embed"
33,4 Non Blondes,245574,What’s Up?,https://genius.com/4-non-blondes-whats-up-lyrics,"94 ContributorsTranslationsDeutschWhat’s Up? Lyrics
25 years and my life is still
Tryin' to get up that great big hill of hope
For a destination
I realized quickly when I knew I should
That the world was made up of this brotherhood of man
For whatever that means

And so I cry sometimes when I'm lying in bed
Just to get it all out what's in my head
And I, I am feeling a little peculiar
And so I wake in the morning and I step outside
And I take a deep breath and I get real high
And I scream from the top of my lungs
""What's going on?""

And I say, hey-ey-ey
Hey-ey-ey
I said ""Hey, a-what's going on?""
And I say, hey-ey-ey
Hey-ey-ey
I said ""Hey, a-what's going on?""

Ooh, ooh
Ooh
Ooh, uh huh
Ooh, ooh
Ooh
Ooh, uh huh
You might also like
And I try
Oh my God, do I try
I try all the time
In this institution
And I pray
Oh my God, do I pray
I pray every single day
For revolution

And so I cry sometimes when I'm lying in bed
Just to get it all out, what's in my head
And I, I am feeling a little peculiar
And so I wake in the morning and I step outside
And I take a deep breath and I get real high
And I scream from the top of my lungs
""What's going on?""

And I say, hey-ey-ey
Hey-ey-ey
I said ""Hey, what's going on?""
And I say, hey-ey-ey
Hey-ey-ey
I said ""Hey, a-what's going on?""
And I say, hey-ey-ey
(Wake in the morning and step outside)
Hey-ey-ey
(Take a deep breath and I get real high)
(And I scream)
I said ""Hey, a-what's going on?""
And I say, hey-ey-ey
(Wake in the morning and step outside)
Hey-ey, yeah yeah yeah
(Take a deep breath and I get real high)
(And I scream)
I said ""Hey, a-what's going on?""
Ooh, ooh
Ooh
Ooh, uh huh

25 years and my life is still
Tryin' to get up that great big hill of hope
For a destination, mmm57Embed"
34,Harry Styles,7844309,As It Was,https://genius.com/Harry-styles-as-it-was-lyrics,"213 ContributorsTranslationsTürkçeEspañolPortuguês日本語ItalianoΕλληνικάDeutschFrançaisTagalog / ᜆᜄᜎᜓᜄ᜔فارسیNederlandsShqipPolskiРусскийहिन्दीČesky한국어Tiếng ViệtRomânăSlovenčinaAs It Was Lyrics
Come on, Harry, we wanna say goodnight to you

Holdin' me back
Gravity's holdin' me back
I want you to hold out the palm of your hand
Why don't we leave it at that?
Nothin' to say
When everything gets in the way
Seems you cannot be replaced
And I'm the one who will stay, oh-oh-oh

In this world, it's just us
You know it's not the same as it was
In this world, it's just us
You know it's not the same as it was
As it was, as it was
You know it's not the same

Answer the phone
""Harry, you're no good alone
Why are you sitting at home on the floor?
What kind of pills are you on?""
Ringin' the bell
And nobody's coming to help
Your daddy lives by himself
He just wants to know that you're well, oh-oh-oh
You might also like
In this world, it's just us
You know it's not the same as it was
In this world, it's just us
You know it's not the same as it was
As it was, as it was
You know it's not the same

Go home, get ahead, light-speed internet
I don't wanna talk about the way that it was
Leave America, two kids follow her
I don't wanna talk about who's doin' it first

(Hey)
As it was
You know it's not the same as it was
As it was, as it was191Embed"
35,Coldplay,49192,Viva La Vida,https://genius.com/Coldplay-viva-la-vida-lyrics,"269 ContributorsTranslationsहिन्दीTürkçeEspañolPortuguêsDeutschFrançais한국어DanskفارسیHebrewViva La Vida Lyrics
I used to rule the world
Seas would rise when I gave the word
Now in the mornin', I sleep alone
Sweep the streets I used to own

I used to roll the dice
Feel the fear in my enemy's eyes
Listen as the crowd would sing
""Now the old king is dead, long live the king""
One minute, I held the key
Next, the walls were closed on me
And I discovered that my castles stand
Upon pillars of salt and pillars of sand

I hear Jerusalem bells a-ringin'
Roman cavalry choirs are singin'
Be my mirror, my sword and shield
My missionaries in a foreign field
For some reason, I can't explain
Once you'd gone, there was never
Never an honest word
And that was when I ruled the world
See Coldplay LiveGet tickets as low as $63You might also like
It was a wicked and wild wind
Blew down the doors to let me in
Shattered windows and the sound of drums
People couldn't believe what I'd become
Revolutionaries wait
For my head on a silver plate
Just a puppet on a lonely string (Mmm, mmm)
Aw, who would ever wanna be king?

I hear Jerusalem bells a-ringin'
Roman cavalry choirs are singin'
Be my mirror, my sword and shield
My missionaries in a foreign field
For some reason, I can't explain
I know Saint Peter won't call my name
Never an honest word
But that was when I ruled the world

Oh-oh-oh, oh-oh, oh
Oh-oh-oh, oh-oh, oh
Oh-oh-oh, oh-oh, oh
Oh-oh-oh, oh-oh, oh
(Oh-oh-oh, oh-oh, oh)
Hear Jerusalem bells a-ringin'
(Oh-oh-oh, oh-oh, oh)
Roman cavalry choirs are singin'
(Oh-oh-oh, oh-oh, oh)
Be my mirror, my sword and shield
(Oh-oh-oh, oh-oh, oh)
My missionaries in a foreign field
(Oh-oh-oh, oh-oh, oh)
For some reason, I can't explain
(Oh-oh-oh, oh-oh, oh)
I know Saint Peter won't call my name
Never an honest word
But that was when I ruled the world

Mmm, mmm, mmm, mmm
Mmm, mmm, mmm, mmm
Mmm, mmm243Embed"
36,XXXTENTACION,3082569,Revenge,https://genius.com/Xxxtentacion-revenge-lyrics,"367 ContributorsTranslationsTürkçeEspañolРусскийPolskiItalianoDeutschFrançaisNederlandsShqipSvenskaRevenge Lyrics
I think I, I think I finally
Found a way to forgive myself
For the mistakes I made in my past
I think that's the first step, right?
You agree?

I've dug two graves for us, my dear
Can't pretend that I was perfect, leavin' you in fear
Oh, man, what a world, the things I hear
If I could act on my revenge, no, would I?
Some kill, some steal, some break your heart
And you'd have thought that I would let it go and let you walk
Well, broken hearts break bones, so break up fast
And I don't wanna let it go, so in my grave, I'll rot
I've dug two graves for us, my dear
Can't pretend that I was perfect, leavin' you in fear
Oh, man, what a world, the things I hear
If I could act on my revenge, no, would I?
Some kill, some steal, some break your heart
And you'd have thought that I would let it go and let you walk
Well, broken hearts break bones, so break up fast
And I don't wanna let it go, so in my grave, I'll rot

In my grave, I'll rot
In my grave, I'll rot
In my grave, I'll rot-ot-ot
In my grave, I'll rot
In my grave, I'll rot-ot-ot
In my grave, I'll rot
You might also like
In my grave, I'll rot
I'll rot, I'll rot, I'll rot
Is my pain your freedom?
Is all of my pain your freedom?
Enjoy352Embed"
37,Radiohead,109096,Creep,https://genius.com/Radiohead-creep-lyrics,"203 ContributorsTranslationsPortuguêsPolskiDeutschEspañolالعربيةРусскийFrançaisTürkçeCreep Lyrics
When you were here before
Couldn't look you in the eye
You're just like an angel
Your skin makes me cry
You float like a feather
In a beautiful world
I wish I was special
You're so fuckin' special

But I'm a creep, I'm a weirdo
What the hell am I doin' here?
I don't belong here

I don't care if it hurts
I wanna have control
I want a perfect body
I want a perfect soul
I want you to notice
When I'm not around
You're so fuckin' special
I wish I was special

But I'm a creep, I'm a weirdo
What the hell am I doin' here?
I don't belong here
Oh-oh, oh-oh
You might also like
She's runnin' out the door
She's runnin' out
She run, run, run, run
Run

Whatever makes you happy
Whatever you want
You're so fuckin' special
I wish I was special
But I'm a creep, I'm a weirdo
What the hell am I doin' here?
I don't belong here
I don't belong here281Embed"
38,Rage Against the Machine,4569,Killing in the Name,https://genius.com/Rage-against-the-machine-killing-in-the-name-lyrics,"157 ContributorsTranslationsPortuguêsNederlandsKilling in the Name Lyrics
Killing in the name of

Some of those that work forces
Are the same that burn crosses
Some of those that work forces
Are the same that burn crosses
Some of those that work forces
Are the same that burn crosses
Some of those that work forces
Are the same that burn crosses
Uh!

Killing in the name of
Killing in the name of
Now you do what they told ya
Now you do what they told ya
Now you do what they told ya
Now you do what they told ya
And now you do what they told ya
And now you do what they told ya
And now you do what they told ya
And now you do what they told ya
And now you do what they told ya
And now you do what they told ya
But now you do what they told ya!
Well now you do what they told ya
You might also like
Those who died are justified
For wearin' the badge, they're the chosen whites
You justify those that died
By wearin' the badge, they're the chosen whites
Those who died are justified
For wearin' the badge, they're the chosen whites
You justify those that died
By wearing the badge, they're the chosen whites

Some of those that work forces
Are the same that burn crosses
Some of those that work forces
Are the same that burn crosses
Some of those that work forces
Are the same that burn crosses
Some of those that work forces
Are the same that burn crosses
Uh!

Killing in the name of
Killing in the name of

Now you do what they told ya
Now you do what they told ya
Now you do what they told ya
Now you do what they told ya
And now you do what they told ya
(Now you're under control)
And now you do what they told ya
(Now you're under control)
And now you do what they told ya
(Now you're under control)
And now you do what they told ya
(Now you're under control)
And now you do what they told ya
(Now you're under control)
And now you do what they told ya
(Now you're under control)
And now you do what they told ya
(Now you're under control!)
And now you do what they told ya
Those who died are justified
For wearin' the badge, they're the chosen whites
You justify those that died
By wearin' the badge, they're the chosen whites
Those who died are justified
For wearin' the badge, they're the chosen whites
You justify those that died
By wearing the badge, they're the chosen whites
Come on!

Ugh!
Yeah!
Come on!
Ugh!

Fuck you, I won't do what you tell me
Fuck you, I won't do what you tell me
Fuck you, I won't do what you tell me
Fuck you, I won't do what you tell me
Fuck you, I won't do what you tell me
Fuck you, I won't do what you tell me
Fuck you, I won't do what you tell me
Fuck you, I won't do what you tell me
Fuck you, I won't do what you tell me
Fuck you, I won't do what you tell me
Fuck you, I won't do what you tell me
Fuck you, I won't do what you tell me
Fuck you, I won't do what you tell me
Fuck you, I won't do what you tell me
Fuck you, I won't do what you tell me
Fuck you, I won't do what you tell me
Motherfucker!
Ugh!106Embed"
39,Journey,54447,Don’t Stop Believin’,https://genius.com/Journey-dont-stop-believin-lyrics,"155 ContributorsTranslationsDeutschDon’t Stop Believin’ Lyrics
Just a small-town girl, livin' in a lonely world
She took the midnight train goin' anywhere
Just a city boy, born and raised in South Detroit
He took the midnight train goin' anywhere

A singer in a smoky room
The smell of wine and cheap perfume
For a smile, they can share the night
It goes on and on and on and on

Strangers waitin'
Up and down the boulevard
Their shadows searchin' in the night
Streetlights, people
Livin' just to find emotion
Hidin' somewhere in the night

Workin' hard to get my fill
Everybody wants a thrill
Payin' anything to roll the dice
Just one more time
See Journey LiveGet tickets as low as $100You might also like
Some will win, some will lose
Some are born to sing the blues
Oh, the movie never ends
It goes on and on and on and on

Strangers waitin'
Up and down the boulevard
Their shadows searchin' in the night
Streetlights, people
Livin' just to find emotion
Hidin' somewhere in the night


Don't stop believin'
Hold on to that feelin'
Streetlights, people
Don't stop believin'
Hold on
Streetlights, people
Don't stop believin'
Hold on to that feelin'
Streetlights, people116Embed"
40,Lil Nas X,4445394,Old Town Road (Remix),https://genius.com/Lil-nas-x-old-town-road-remix-lyrics,"342 ContributorsTranslationsFrançaisNederlandsالعربيةDanskPortuguêsEspañolفارسیDeutschChinese TraditionalOld Town Road (Remix) Lyrics
Oh, oh-oh
Oh

Yeah, I'm gonna take my horse to the old town road
I'm gonna ride 'til I can't no more
I'm gonna take my horse to the old town road
I'm gonna ride 'til I can't no more (Kio, Kio)
I got the horses in the back
Horse tack is attached
Hat is matte black
Got the boots that's black to match
Ridin' on a horse, ha
You can whip your Porsche
I been in the valley
You ain't been up off that porch, now

Can't nobody tell me nothin'
You can't tell me nothin'
Can't nobody tell me nothin'
You can't tell me nothin'
You might also like
Ridin' on a tractor
Lean all in my bladder
Cheated on my baby
You can go and ask her
My life is a movie
Bull ridin' and boobies
Cowboy hat from Gucci
Wrangler on my booty

Can't nobody tell me nothin'
You can't tell me nothin'
Can't nobody tell me nothin'
You can't tell me nothin'

Yeah, I'm gonna take my horse to the old town road
I'm gonna ride 'til I can't no more
I'm gonna take my horse to the old town road
I'm gonna ride 'til I can't no more

Hat down, cross town, livin' like a rockstar
Spent a lot of money on my brand new guitar
Baby's got a habit: diamond rings and Fendi sports bras
Ridin' down Rodeo in my Maserati sports car
Got no stress, I've been through all that
I'm like a Marlboro Man so I kick on back
Wish I could roll on back to that old town road
I wanna ride 'til I can't no more
Yeah, I'm gonna take my horse to the old town road
I'm gonna ride 'til I can't no more
I'm gonna take my horse to the old town road
I'm gonna ride 'til I can't no more340Embed"
41,Taylor Swift,7394358,All Too Well (10 Minute Version) (Taylor’s Version) [Live Acoustic],https://genius.com/Taylor-swift-all-too-well-10-minute-version-taylors-version-live-acoustic-lyrics,"82 ContributorsTranslationsEspañolAll Too Well (10 Minute Version) (Taylor’s Version)  Lyrics
I walked through the door with you, the air was cold
But something 'bout it felt like home somehow
And I left my scarf there at your sister's house
And you've still got it in your drawer, even now

Oh, your sweet disposition and my wide-eyed gaze
We're singing in the car, getting lost upstate
Autumn leaves falling down like pieces into place
And I can picture it after all these days

And I know it's long gone and
That magic's not here no more
And I might be okay, but I'm not fine at all
Oh, oh, oh

'Cause there we are again on that little town street
You almost ran the red 'cause you were lookin' over at me
Wind in my hair, I was there
I remember it all too well

Photo album on the counter, your cheeks were turning red
You used to be a little kid with glasses in a twin-sized bed
And your mother's telling stories 'bout you on the tee-ball team
You told me 'bout your past, thinking your future was me
And you were tossing me the car keys, ""Fuck the patriarchy""
Key chain on the ground, we were always skipping town
And I was thinking on the drive down, any time now
He's gonna say it's love, you never called it what it was
'Til we were dead and gone and buried
Check the pulse and come back swearing it's the same
After three months in the grave
And then you wondered where it went to as I reached for you
But all I felt was shame and you held my lifeless frame
See Taylor Swift LiveGet tickets as low as $1,206You might also like
And I know it's long gone and
There was nothing else I could do
And I forget about you long enough
To forget why I needed to

'Cause there we are again in the middle of the night
We're dancing 'round the kitchen in the refrigerator light
Down the stairs, I was there
I remember it all too well
And there we are again when nobody had to know
You kept me like a secret, but I kept you like an oath
Sacred prayer and we'd swear
To remember it all too well, yeah

Well, maybe we got lost in translation
Maybe I asked for too much
But maybe this thing was a masterpiece
'Til you tore it all up
Running scared, I was there
I remember it all too well
And you call me up again just to break me like a promise
So casually cruel in the name of being honest
I'm a crumpled up piece of paper lying here
'Cause I remember it all, all, all
They say all's well that ends well, but I'm in a new Hell
Every time you double-cross my mind
You said if we had been closer in age maybe it would have been fine
And that made me want to die
The idea you had of me, who was she?
A never-needy, ever-lovely jewel whose shine reflects on you
Not weeping in a party bathroom
Some actress asking me what happened, you
That's what happened, you
You who charmed my dad with self-effacing jokes
Sipping coffee like you're on a late-night show
But then he watched me watch the front door all night, willing you to come
And he said, ""It's supposed to be fun turning twenty-one""

Time won't fly, it's like I'm paralyzed by it
I'd like to be my old self again, but I'm still trying to find it
After plaid shirt days and nights when you made me your own
Now you mail back my things and I walk home alone
But you keep my old scarf from that very first week
'Cause it reminds you of innocence and it smells like me
You can't get rid of it
'Cause you remember it all too well, yeah

'Cause there we are again when I loved you so
Back before you lost the one real thing you've ever known
It was rare, I was there
I remember it all too well
Wind in my hair, you were there
You remember it all
Down the stairs, you were there
You remember it all
It was rare, I was there
I remember it all too well
And I was never good at telling jokes, but the punch line goes
""I'll get older, but your lovers stay my age""
From when your Brooklyn broke my skin and bones
I'm a soldier who's returning half her weight
And did the twin flame bruise paint you blue?
Just between us, did the love affair maim you, too?
'Cause in this city's barren cold
I still remember the first fall of snow
And how it glistened as it fell
I remember it all too well

Just between us, did the love affair maim you all too well?
Just between us, do you remember it all too well?
Just between us, I remember it (Just between us), all too well
Wind in my hair, I was there, I was there
Down the stairs, I was there, I was there
Sacred prayer, I was there, I was there
It was rare, you remember it all too well
Wind in my hair, I was there, I was there
Down the stairs, I was there, I was there
Sacred prayer, I was there, I was there
It was rare, you remember it
Wind in my hair, I was there, I was there
Down the stairs, I was there, I was there
Sacred prayer, I was there, I was there
It was rare, you remember it
Wind in my hair, I was there, I was there
Down the stairs, I was there, I was there
Sacred prayer, I was there, I was there
It was rare, you remember it all too well

I love you guys so much52Embed"
42,Taylor Swift,4508914,Lover,https://genius.com/Taylor-swift-lover-lyrics,"183 ContributorsTranslationsРусскийالعربيةУкраїнська中文NederlandsEspañolСрпскиRomânăPortuguêsPolskiItalianoDeutschFrançaisفارسیSlovenščinaTürkçeLover Lyrics
We could leave the Christmas lights up 'til January
And this is our place, we make the rules
And there's a dazzling haze, a mysterious way about you, dear
Have I known you twenty seconds or twenty years?
Can I go where you go?
Can we always be this close?
Forever and ever, ah
Take me out and take me home
You're my, my, my, my lover

We could let our friends crash in the living room
This is our place, we make the call
And I'm highly suspicious that everyone who sees you wants you
I've loved you three summers now, honey, but I want 'em all
Can I go where you go?
Can we always be this close?
Forever and ever, ah
Take me out and take me home (Forever and ever)
You're my, my, my, my lover
See Taylor Swift LiveGet tickets as low as $1,206You might also like
Ladies and gentlemen, will you please stand?
With every guitar string scar on my hand
I take this magnetic force of a man to be my lover
My heart's been borrowed and yours has been blue
All's well that ends well to end up with you
Swear to be overdramatic and true to my lover
And you'll save all your dirtiest jokes for me
And at every table, I'll save you a seat, lover
Can I go where you go?
Can we always be this close?
Forever and ever, ah
Take me out and take me home (Forever and ever)
You're my, my, my, my
Oh, you're my, my, my, my
Darling, you're my, my, my, my lover135Embed"
43,Lil Nas X,4133841,Old Town Road,https://genius.com/Lil-nas-x-old-town-road-lyrics,"258 ContributorsTranslationsEspañolРусскийفارسیDeutschOld Town Road Lyrics
Yeah, I'm gonna take my horse to the old town road
I'm gonna ride 'til I can't no more
I'm gonna take my horse to the old town road
I'm gonna ride 'til I can't no more
(Kio, Kio)
I got the horses in the back
Horse tack is attached
Hat is matte black
Got the boots that's black to match
Ridin' on a horse, ha
You can whip your Porsche
I been in the valley
You ain't been up off that porch, now

Can't nobody tell me nothin'
You can't tell me nothin'
Can't nobody tell me nothin'
You can't tell me nothin'

Ridin' on a tractor
Lean all in my bladder
Cheated on my baby
You can go and ask her
My life is a movie
Bull ridin' and boobies
Cowboy hat from Gucci
Wrangler on my booty
You might also like
Can't nobody tell me nothin'
You can't tell me nothin'
Can't nobody tell me nothin'
You can't tell me nothin'

Yeah, I'm gonna take my horse to the old town road
I'm gonna ride 'til I can't no more
I'm gonna take my horse to the old town road
I'm gonna ride 'til I can't no more
I got the hor-134Embed"
44,Sabrina Carpenter,10488398,Please Please Please,https://genius.com/Sabrina-carpenter-please-please-please-lyrics,"118 ContributorsTranslationsEspañolСрпскиPortuguêsDeutschTürkçeItalianoPolskiTiếng ViệtBahasa IndonesiaРусскийNorsk (bokmål / riksmål)ไทย / Phasa ThaiFrançaisCatalàМакедонскиDansk中文БеларускаяУкраїнськаΕλληνικάPlease Please Please Lyrics
I know I have good judgment, I know I have good taste
It's funny and it's ironic that only I feel that way
I promise 'em that you're different and everyone makes mistakes
But just don't
I heard that you're an actor, so act like a stand-up guy
Whatever devil's inside you, don't let him out tonight
I tell them it's just your culture and everyone rolls their eyes
Yeah, I know
All I'm asking, baby

Please, please, please
Don't prove I'm right
And please, pleasе, please
Don't bring me to tеars when I just did my makeup so nice
Heartbreak is one thing, my ego's another
I beg you, don't embarrass me, motherfucker, oh
Please, please, please (Ah)

Well, I have a fun idea, babe (Uh-huh), maybe just stay inside
I know you're cravin' some fresh air, but the ceiling fan is so nice (It's so nice, right?)
And we could live so happily if no one knows that you're with me
I'm just kidding, but really (Kinda), really, really
See Sabrina Carpenter LiveGet tickets as low as $105You might also like
Please, please, please (Please don't prove I'm right)
Don't prove I'm right
And please, please, please
Don't bring me to tears when I just did my makeup so nice
Heartbreak is one thing (Heartbreak is one thing), my ego's another (Ego's another)
I beg you, don't embarrass me, motherfucker, oh
Please, please, please (Ah)

If you wanna go and be stupid
Don't do it in front of me
If you don't wanna cry to my music
Don't make me hate you prolifically
Please, please, please (Please)
Please, please, please (Please)
Please (Please), please (Please), please
(Ah)13Embed"
45,Taylor Swift,10296677,​thanK you aIMee,https://genius.com/Taylor-swift-thank-you-aimee-lyrics,"106 ContributorsTranslationsEspañolالعربيةFrançaisDeutschPortuguêsСрпскиNorsk (bokmål / riksmål)БеларускаяSlovenščinaไทย / Phasa ThaiУкраїнськаTürkçeItalianoHebrewPolski​thanK you aIMee Lyrics
When I picture my hometown
There's a bronze, spray-tanned statue of you
And a plaque underneath it
That threatens to push me down the stairs at our school

And it was always the same searing pain
But I dreamed that one day I could say

All that time you were throwin' punches, I was buildin' somethin'
And I can't forgive the way you made me feel
Screamed, ""Fuck you, Aimee"" to the night sky as the blood was gushin'
But I can't forget the way you made me heal

And it wasn't a fair fight
Or a clean kill each time that Aimee stompеd across my grave
And then she wrotе headlines
In the local paper, laughing at each baby step I'd take

And it was always the same searing pain
But I prayed that one day I could say
See Taylor Swift LiveGet tickets as low as $1,206You might also like
All that time you were throwin' punches, I was buildin' somethin'
And I couldn't wait to show you it was real
Screamed, ""Fuck you, Aimee"" to the night sky as the blood was gushin'
But I can't forget the way you made me heal
Everyone knows that my mother is a saintly woman
But she used to say she wished that you were dead
I pushed each boulder up the hill
Your words are still just ringin' in my head, ringin' in my head

I wrote a thousand songs that you find uncool
I built a legacy that you can't undo
But when I count the scars, there's a moment of truth
That there wouldn't be this if there hadn't been you

And maybe you've reframed it
And in your mind, you never beat my spirit black and blue
I don't think you've changed much
And so I changed your name and any real defining clues
And one day, your kid comes home singin'
A song that only us two is gonna know is about you, 'cause

All that time you were throwin' punches, it was all for nothin'
And our town, it looks so small from way up here
Screamed, ""Thank you, Aimee"" to the night sky and the stars are stunnin'
'Cause I can't forget the way you made me heal
Everyone knows that my mother is a saintly woman
But she used to say she wished that you were dead
So I pushed each boulder up that hill
Your words were still just ringin' in my head, ringin' in my head
Thank you, Aimee
Thank you, Aimee7Embed"
46,Taylor Swift,5793962,betty,https://genius.com/Taylor-swift-betty-lyrics,"217 ContributorsTranslationsTürkçeEspañolСрпскиРусскийPortuguêsفارسیItalianoMagyarDeutschΕλληνικάFrançaisУкраїнськаSvenskaPolskiRomânăSlovenščinaالعربيةbetty Lyrics
Betty, I won't make assumptions
About why you switched your homeroom, but
I think it's 'cause of me
Betty, one time, I was riding on my skateboard
When I passed your house
It's like I couldn't breathe

You heard the rumors from Inez
You can't believe a word she says
Most times, but this time, it was true
The worst thing that I ever did
Was what I did to you

But if I just showed up at your party
Would you have me? Would you want me?
Would you tell me to go fuck myself
Or lead me to the garden?
In the garden, would you trust me
If I told you it was just a summer thing?
I'm only seventeen, I don't know anything
But I know I miss you

Betty, I know where it all went wrong
Your favorite song was playing
From the far side of the gym
I was nowhere to be found
I hate the crowds, you know that
Plus, I saw you dance with him
See Taylor Swift LiveGet tickets as low as $1,206You might also like
You heard the rumors from Inez
You can't believe a word she says
Most times, but this time, it was true
The worst thing that I ever did
Was what I did to you

But if I just showed up at your party
Would you have me? Would you want me?
Would you tell me to go fuck myself
Or lead me to the garden?
In the garden, would you trust me
If I told you it was just a summer thing?
I'm only seventeen, I don't know anything
But I know I miss you

I was walking home on broken cobblestones
Just thinking of you when she pulled up like
A figment of my worst intentions
She said, ""James, get in, let's drive""
Those days turned into nights
Slept next to her, but
I dreamt of you all summer long
Betty, I'm here on your doorstep
And I planned it out for weeks now
But it's finally sinkin' in
Betty, right now is the last time
I can dream about what happens when
You see my face again

The only thing I wanna do
Is make it up to you
So I showed up at your party
Yeah, I showed up at your party

Yeah, I showed up at your party
Will you have me? Will you love me?
Will you kiss me on the porch
In front of all your stupid friends?
If you kiss me, will it be just like I dreamed it?
Will it patch your broken wings?
I'm only seventeen, I don't know anything
But I know I miss you

Standing in your cardigan
Kissin' in my car again
Stopped at a streetlight
You know I miss you95Embed"
47,Creedence Clearwater Revival,97904,Have You Ever Seen the Rain?,https://genius.com/Creedence-clearwater-revival-have-you-ever-seen-the-rain-lyrics,"64 ContributorsTranslationsPortuguêsDeutschEspañolHave You Ever Seen the Rain? Lyrics
Someone told me long ago
There's a calm before the storm
I know, it's been comin' for some time
When it's over, so they say
It'll rain a sunny day
I know, shinin' down like water

I wanna know, have you ever seen the rain?
I wanna know, have you ever seen the rain?
Comin' down on a sunny day

Yesterday, and days before
Sun is cold and rain is hard
I know, been that way for all my time
'Til forever, on it goes
Through the circle, fast and slow
I know, it can't stop, I wonder

I wanna know, have you ever seen the rain?
I wanna know, have you ever seen the rain?
Comin' down on a sunny day
You might also like
Yeah!

I wanna know, have you ever seen the rain?
I wanna know, have you ever seen the rain?
Comin' down on a sunny day42Embed"
48,John Denver,138406,"Take Me Home, Country Roads",https://genius.com/John-denver-take-me-home-country-roads-lyrics,"110 ContributorsTranslationsTürkçeSvenskaBahasa IndonesiaHebrewРусскийDeutschTake Me Home, Country Roads Lyrics
Almost Heaven, West Virginia
Blue Ridge Mountains, Shenandoah River
Life is old there, older than the trees
Younger than the mountains, growing like a breeze

Country roads, take me home
To the place I belong
West Virginia, mountain mama
Take me home, country roads

All my memories gather 'round her
Miner's lady, stranger to blue water
Dark and dusty, painted on the sky
Misty taste of moonshine, teardrop in my eye

Country roads, take me home
To the place I belong
West Virginia, mountain mama
Take me home, country roads

I hear her voice in the morning hour, she calls me
The radio reminds me of my home far away
Driving down the road, I get a feeling
That I should have been home yesterday, yesterday
You might also like
Country roads, take me home
To the place I belong
West Virginia, mountain mama
Take me home, country roads
Country roads, take me home
To the place I belong
West Virginia, mountain mama
Take me home, country roads

Take me home, (Down) country roads
Take me home, (Down) country roads67Embed"
49,Dolly Parton,207947,Jolene,https://genius.com/Dolly-parton-jolene-lyrics,"74 ContributorsTranslationsTürkçeСрпскиJolene Lyrics

Jolene, Jolene, Jolene, Jolene
I'm beggin' of you, please don't take my man
Jolene, Jolene, Jolene, Jolene
Please don't take him just because you can

Your beauty is beyond compare
With flaming locks of auburn hair
With ivory skin and eyes of emerald green
Your smile is like a breath of spring
Your voice is soft like summer rain
And I cannot compete with you, Jolene

He talks about you in his sleep
And there's nothin' I can do to keep
From cryin' when he calls your name, Jolene
And I can easily understand
How you could easily take my man
But you don't know what he means to me, Jolene

Jolene, Jolene, Jolene, Jolene
I'm begging of you, please don't take my man
Jolene, Jolene, Jolene, Jolene
Please don't take him just because you can
You might also like
You could have your choice of men
But I could never love again
He's the only one for me, Jolene
I had to have this talk with you
My happiness depends on you
And whatever you decide to do, Jolene

Jolene, Jolene, Jolene, Jolene
I'm begging of you, please don't take my man
Jolene, Jolene, Jolene, Jolene
Please don't take him even though you can
Jolene, Jolene36Embed"
50,Dan + Shay & Justin Bieber,4910146,"10,000 Hours",https://genius.com/Dan-shay-and-justin-bieber-10000-hours-lyrics,"69 ContributorsTranslationsPortuguêsTürkçeEspañolPolski10,000 Hours Lyrics
Do you love the rain, does it make you dance
When you're drunk with your friends at a party?
What's your favorite song, does it make you smile?
Do you think of me?

When you close your eyes, tell me, what are you dreamin'?
Everything, I wanna know it all

I'd spend ten thousand hours and ten thousand more
Oh, if that's what it takes to learn that sweet heart of yours
And I might never get there, but I'm gonna try
If it's ten thousand hours or the rest of my life
I'm gonna love you (Ooh, ooh-ooh, ooh, ooh)

Do you miss the road that you grew up on?
Did you get your middle name from your grandma?
When you think about your forever now, do you think of me?

When you close your eyes, tell me, what are you dreamin'?
Everything, I wanna know it all
You might also like
I'd spend ten thousand hours and ten thousand more
Oh, if that's what it takes to learn that sweet heart of yours
And I might never get there, but I'm gonna try
If it's ten thousand hours or the rest of my life
I'm gonna love you (Ooh, ooh-ooh, ooh, ooh)
I'm gonna love you (Ooh, ooh-ooh, ooh, ooh)

Ooh, want the good and the bad and everything in between
Ooh, gotta cure my curiosity
Ooh, yeah

I'd spend ten thousand hours and ten thousand more
Oh, if that's what it takes to learn that sweet heart of yours (Sweet heart of yours)
And I might never get there, but I'm gonna try (Yeah)
If it's ten thousand hours or the rest of my life
I'm gonna love you (Ooh, ooh-ooh, ooh, ooh)
I'm gonna love you (Ooh, ooh-ooh, ooh, ooh)
Yeah
And I...
Do you love the rain, does it make you dance?
I'm gonna love you (I'm gonna love you)
I'm gonna love you34Embed"
51,Eagles,106895,Take It Easy,https://genius.com/Eagles-take-it-easy-lyrics,"54 ContributorsTake It Easy Lyrics
Well, I'm running down the road tryin' to loosen my load
I've got seven women on my mind
Four that wanna own me, two that wanna stone me
One says she's a friend of mine

Take It easy, take it easy
Don't let the sound of your own wheels drive you crazy
Lighten up while you still can
Don't even try to understand
Just find a place to make your stand and take it easy

Well, I'm a standing on a corner in Winslow, Arizona
And such a fine sight to see
It's a girl, my Lord, in a flatbed Ford
Slowin' down to take a look at me

Come on, baby, don't say maybe
I gotta know if your sweet love is gonna save me
We may lose, and we may win
Though we will never be here again
So open up, I'm climbin' in
So take it easy
You might also like

Well, I'm running down the road trying to loosen my load
Got a world of trouble on my mind
Lookin' for a lover who won't blow my cover
She's so hard to find

Take it easy, take it easy
Don't let the sound of your own wheels make you crazy
Come on baby, don't say maybe
I gotta know if your sweet love is gonna save me

(Oh-oh-oh, oh-oh-oh, oh-oh-oh, oh-oh-oh
Oh-oh-oh, oh-oh-oh, oh-oh-oh, oh-oh-oh
Oh-oh-oh, oh-oh-oh)
Oh, we got it easy
We oughta take it easy15Embed"
52,Johnny Cash,1139320,You Are My Sunshine,https://genius.com/Johnny-cash-you-are-my-sunshine-lyrics,"52 ContributorsYou Are My Sunshine Lyrics
The other night dear, as I lay sleeping
I dreamed I held you in my arms
When I awoke, dear, I was mistaken
So I bowed my head and I cried

You are my sunshine, my only sunshine
You make me happy when skies are gray
You'll never know, dear, how much I love you
Please don't take my sunshine away


I've always loved you and made you happy
And nothing else could come between
But now you've left me to love another
You have shattered all of my dreams

You are my sunshine, my only sunshine
You make me happy when skies are gray
You'll never know, dear, how much I love you
Please don't take my sunshine away
You might also like
(I always hated that third verse)
*Laughter*
It was a nice short version
Do you wanna- uh, pick it up?
I't's alright (It's good)
(We got a short version)
It might have that other verse on it in another take
Well, I'll tell you what... Let's... uhm...
Well, if I feel like my song's a song... *Laughter*
It don't care... (There you go!)
I don't care if it's short
And I feel like my song's a song
A pleasure! Two minutes... I've recorded songs two minutes
(They were huge hits!)
Have you got, uh, time on that?9Embed"
53,Taylor Swift,84880,We Are Never Ever Getting Back Together,https://genius.com/Taylor-swift-we-are-never-ever-getting-back-together-lyrics,"111 ContributorsTranslationsEspañolPortuguêsFrançaisDeutschCatalàWe Are Never Ever Getting Back Together Lyrics
I remember when we broke up the first time
Saying, ""This is it, I've had enough,"" 'cause like
We hadn't seen each other in a month
When you said you needed space (What?)
Then you come around again and say
""Baby, I miss you and I swear I'm gonna change, trust me""
Remember how that lasted for a day?
I say, ""I hate you,"" we break up, you call me, ""I love you""

Ooh-ooh-ooh-ooh-ooh
We called it off again last night, but
Ooh-ooh-ooh-ooh-ooh
This time, I'm telling you, I'm telling you

We are never, ever, ever getting back together
We are never, ever, ever getting back together
You go talk to your friends, talk to my friends, talk to me
But we are never, ever, ever, ever getting back together
Like, ever

I'm really gonna miss you picking fights
And me falling for it, screaming that I'm right
And you would hide away and find your peace of mind
With some indie record that's much cooler than mine
See Taylor Swift LiveGet tickets as low as $1,206You might also like
Ooh-ooh-ooh-ooh-ooh
You called me up again tonight, but
Ooh-ooh-ooh-ooh-ooh
This time, I'm telling you, I'm telling you

We (We) are never, ever, ever getting back together
We are never, ever, ever getting back together
You go talk to your friends, talk to my friends, talk to me (Talk to me)
But we are never, ever, ever, ever getting back together

Ooh-ooh-ooh-ooh-ooh (Yeah)
Ooh-ooh-ooh-ooh-ooh-ooh (Yeah)
Ooh-ooh-ooh-ooh-ooh (Yeah)
Oh-oh-oh

I used to think that we were forever, ever
And I used to say, ""Never say never""
Ugh, so he calls me up and he's like, ""I still love you""
And I'm like, ""I just, I mean, this is exhausting, you know?
Like, we are never getting back together, like, ever""

(No) We are never, ever, ever getting back together
We are never, ever, ever (Ooh) getting back together
You go talk to your friends, talk to my friends, talk to me
But we are never, ever, ever, ever getting back together
We (Ooh-ooh-ooh-ooh-ooh, ooh-ooh-ooh, no)
Getting back together
We (Ooh-ooh-ooh-ooh-ooh, oh, oh)
Getting back together (Yeah)
You go talk to your friends, talk to my friends, talk to me (Talk to me)
But we are never, ever, ever, ever getting back together76Embed"
54,Zedd & Alessia Cara,2975362,Stay,https://genius.com/Zedd-and-alessia-cara-stay-lyrics,"91 ContributorsTranslationsPortuguêsDeutschStay Lyrics
Waiting for the time to pass you by
Hope the winds of change will change your mind
I could give a thousand reasons why
And I know you, and you've got to

Make it on your own, but we don't have to grow up
We can stay forever young
Living on my sofa, drinking rum and cola
Underneath the rising sun
I could give a thousand reasons why
But you're going, and you know that

All you have to do is stay a minute
Just take your time
The clock is ticking, so stay
All you have to do is wait a second
Your hands on mine
The clock is ticking, so stay

All you have to do is
All you have to do is stay
You might also like
Won't admit what I already know
I've never been the best at letting go
I don't wanna spend the night alone
Guess I need you, and I need to

Make it on my own, but I don't wanna grow up
We can stay forever young
Living on my sofa, drinking rum and cola
Underneath the rising sun
I could give a million reasons why
But I'm going, and you know that

All you have to do is stay a minute
Just take your time
The clock is ticking, so stay
All you have to do is wait a second
Your hands on mine
The clock is ticking, so stay

All you have to do is
All you have to do is stay
All you have to do is stay-ay, yeah-ayy
So stay, yeah-ayy

All you have to do is stay a minute
Just take your time
The clock is ticking, so stay
All you have to do is wait a second
Your hands on mine
The clock is ticking, so stay
All you have to do is stay

Stay, yeah86Embed"
55,Taylor Swift,102701,All Too Well,https://genius.com/Taylor-swift-all-too-well-lyrics,"152 ContributorsTranslationsCatalàPolskiFrançaisEspañolСрпскиPortuguêsفارسیAll Too Well Lyrics
I walked through the door with you, the air was cold
But something 'bout it felt like home somehow
And I left my scarf there at your sister's house
And you've still got it in your drawer, even now

Oh, your sweet disposition and my wide-eyed gaze
We're singing in the car, getting lost upstate
Autumn leaves falling down like pieces into place
And I can picture it after all these days

And I know it's long gone and
That magic's not here no more
And I might be okay, but I'm not fine at all
Oh, oh, oh

'Cause there we are again on that little town street
You almost ran the red 'cause you were lookin' over at me
Wind in my hair, I was there
I remember it all too well

Photo album on the counter, your cheeks were turning red
You used to be a little kid with glasses in a twin-sized bed
And your mother's telling stories 'bout you on the tee-ball team
You taught me 'bout your past, thinking your future was me
See Taylor Swift LiveGet tickets as low as $1,206You might also like
And I know it's long gone and
There was nothing else I could do
And I forget about you long enough
To forget why I needed to
'Cause there we are again in the middle of the night
We're dancing ‘round the kitchen in the refrigerator light
Down the stairs, I was there
I remember it all too well, yeah

Well, maybe we got lost in translation
Maybe I asked for too much
But maybe this thing was a masterpiece
'Til you tore it all up
Running scared, I was there
I remember it all too well
And you call me up again
Just to break me like a promise
So casually cruel in the name of being honest
I'm a crumpled up piece of paper lying here
'Cause I remember it all, all, all
Too well
Time won't fly, it's like I'm paralyzed by it
I'd like to be my old self again, but I'm still trying to find it
After plaid shirt days and nights when you made me your own
Now, you mail back my things and I walk home alone
But you keep my old scarf from that very first week
'Cause it reminds you of innocence and it smells like me
You can't get rid of it
'Cause you remember it all too well, yeah

'Cause there we are again when I loved you so
Back before you lost the one real thing you've ever known
It was rare, I was there
I remember it all too well

Wind in my hair, you were there
You remember it all
Down the stairs, you were there
You remember it all
It was rare, I was there
I remember it all too well148Embed"
56,Taylor Swift,98867,Love Story,https://genius.com/Taylor-swift-love-story-lyrics,"158 ContributorsTranslationsFrançaisEspañolPortuguêsDeutschLove Story Lyrics
We were both young when I first saw you
I close my eyes and the flashback starts
I'm standing there
On a balcony in summer air
See the lights, see the party, the ball gowns
See you make your way through the crowd
And say, ""Hello""
Little did I know

That you were Romeo, you were throwing pebbles
And my daddy said, ""Stay away from Juliet""
And I was crying on the staircase
Begging you, ""Please don't go,"" and I said

Romeo, take me somewhere we can be alone
I'll be waiting, all there's left to do is run
You'll be the prince and I'll be the princess
It's a love story, baby, just say, ""Yes""

So I sneak out to the garden to see you
We keep quiet 'cause we're dead if they knew
So close your eyes
Escape this town for a little while, oh, oh
See Taylor Swift LiveGet tickets as low as $1,206You might also like
'Cause you were Romeo, I was a scarlet letter
And my daddy said, ""Stay away from Juliet""
But you were everything to me
I was begging you, ""Please don't go,"" and I said

Romeo, take me somewhere we can be alone
I'll be waiting, all there's left to do is run
You'll be the prince and I'll be the princess
It's a love story, baby, just say, ""Yes""
Romeo, save me, they're trying to tell me how to feel
This love is difficult, but it's real
Don't be afraid, we'll make it out of this mess
It's a love story, baby, just say, ""Yes""

Oh, oh

But I got tired of waiting
Wondering if you were ever coming around
My faith in you was fading
When I met you on the outskirts of town and I said

""Romeo, save me, I've been feeling so alone
I keep waiting for you, but you never come
Is this in my head? I don't know what to think""
He knelt to the ground and pulled out a ring, and said
""Marry me, Juliet, you'll never have to be alone
I love you and that's all I really know
I talked to your dad, go pick out a white dress
It's a love story, baby, just say 'Yes'""
Oh, oh, oh
Oh, oh, oh
'Cause we were both young when I first saw you178Embed"
57,Taylor Swift,6260166,​happiness,https://genius.com/Taylor-swift-happiness-lyrics,"168 ContributorsTranslationsTürkçeEspañolRomânăPortuguêsItalianoDeutschFrançaisСрпскиMagyarPolskiSlovenščinaSvenskaРусскийУкраїнська​happiness Lyrics
Honey, when I'm above the trees
I see this for what it is
But now I'm right down in it, all the years I've given
Is just shit we're dividin' up
Showed you all of my hiding spots
I was dancing when the music stopped
And in the disbelief, I can't face reinvention
I haven't met the new me yet

There'll be happiness after you
But there was happiness because of you
Both of these things can be true
There is happiness

Past the blood and bruise
Past the curses and cries
Beyond the terror in the nightfall
Haunted by the look in my eyes
That would've loved you for a lifetime
Leave it all behind
And there is happiness

Tell me, when did your winning smile
Begin to look like a smirk?
When did all our lessons start to look like weapons
Pointed at my deepest hurt?
I hope she'll be a beautiful fool
Who takes my spot next to you
No, I didn't mean that
Sorry, I can't see facts through all of my fury
You haven't met the new me yet
See Taylor Swift LiveGet tickets as low as $1,206You might also like
There'll be happiness after me
But there was happiness because of me
Both of these things, I believe
There is happiness

In our history, across our great divide
There is a glorious sunrise
Dappled with the flickers of light
From the dress I wore at midnight, leave it all behind
And there is happiness

I can't make it go away by making you a villain
I guess it's the price I paid for seven years in Heaven
And I pulled your body into mine
Every goddamn night, now I get fake niceties
No one teaches you what to do
When a good man hurts you
And you know you hurt him too

Honey, when I'm above the trees
I see it for what it is
But now my eyes leak acid rain on the pillow where you used to lay your head
After giving you the best I had
Tell me what to give after that
All you want from me now is the green light of forgiveness
You haven't met the new me yet
And I think she'll give you that
There'll be happiness after you
But there was happiness because of you too
Both of these things can be true
There is happiness

In our history, across our great divide
There is a glorious sunrise
Dappled with the flickers of light
From the dress I wore at midnight, leave it all behind
Oh, leave it all behind
Leave it all behind
And there is happiness51Embed"
58,Johnny Cash,81668,Folsom Prison Blues,https://genius.com/Johnny-cash-folsom-prison-blues-lyrics,"68 ContributorsFolsom Prison Blues Lyrics
I hear the train a-comin', it's rolling 'round the bend
And I ain't seen the sunshine since I don't know when
I'm stuck in Folsom prison, and time keeps draggin' on
But that train keeps a-rollin' on down to San Antone

When I was just a baby, my mama told me, ""Son
Always be a good boy, don't ever play with guns""
But I shot a man in Reno just to watch him die
When I hear that whistle blowin', I hang my head and cry

I bet there's rich folks eatin' in a fancy dining car
They're probably drinkin' coffee and smoking big cigars
Well, I know I had it coming, I know I can't be free
But those people keep a-movin', and that's what tortures me

Well, if they freed me from this prison, if that railroad train was mine
I bet I'd move it on a little farther down the line
Far from Folsom prison, that's where I want to stay
And I'd let that lonesome whistle blow my blues awayYou might also like27Embed"
59,Young Thug,2165110,Best Friend,https://genius.com/Young-thug-best-friend-lyrics,"173 ContributorsBest Friend Lyrics
Ricky Racks, I see you!
Thugger!
YSL for life, bitch
Yeah fuck you, your momma and everything else
Yung Shad, you killed this track
Free the GOAT!

That's my best friend, that's my best friend, flexin'
Big ol' booty bitch missus from Texas, what's next is
I'm gon' skeet off, lil' nigga come catch me, catch me
And that's my bestie, my bestie, my best friend, go best friend
Nigga livin' TTG and everything is still on fleek
Bad bitch rollin' wit' me, she gon' smile 'cause she on fleek
Hundred thousand dollars inside my pants, my shit on fleek
Hey-yeah! Yeah

Take them boys to school, swagonometry
Bitch I'm bleedin' bad, like a bumble bee
Hold up! Hold it, hold it, nigga proceed
I'ma eat that booty just like groceries
Eat on that coochie, lay that bitch down like ""let's do it""
No Tiger, bitch, eat that wood, eat that wood
Supplier, bitch, I got pistols, no wood
I want them tacos that are Meagan Good
Helicopter choppin' with the buzz
Stuff them racks inside them if they nudge
Bang that other side, nigga curb
And my reefer louder than a speaker
Yeah my niece is hangin' with The Beatles
If you ever find her, better keep her
37 cameras for the sneakers
Goin' out like Ox or Beanie Sigel
Send a cop, I can't wait to mistreat 'em
Forcin' your ho, I can't wait to mislead 'em
And beat 'em, they ain't my people
You might also like
That's my best friend, that's my best friend, flexin'
Big ol' booty bitch missus from Texas, what's next is
I'm gon' skeet off, lil' nigga come catch me, catch me
And that's my bestie, my bestie, my best friend, go best friend
Nigga livin' TTG and everything is still on fleek
Bad bitch rollin' wit' me, she gon' smile 'cause she on fleek
Hundred thousand dollars inside my pants, my shit on fleek
Hey-yeah! Yeah!

Let me tell you how I spent a couple hundreds today
I done cut back on that lean, I'm on that Hen' and D'ussé
Don't do no talkin', when you see him, you better shoot in his face
I got a hundred bitches that can't wait to replace
Michael Jackson, nigga, Thugger Jackson moon walkin'
The S.L.I.M.E. army tool shoppin'
Me a horny goat, I'm boolin' at the bull stop
No I can't get arrested 'cause I'm talkin' 'bout my necklace
I'ma put that bitch in the buck, I'm a dog, let's get stuck
My lil' sister Dora, eat them Lucky Charms and give me luck
Waddup cuz? Here yo cup, call my Bloods, bring my bup
Your crew suck, don't got bucks, these ain't drugs, nigga

That's my best friend, that's my best friend, flexin'
Big ol' booty bitch missus from Texas, what's next is
I'm gon' skeet off, lil' nigga come catch me, catch me
And that's my bestie, my bestie, my best friend, go best friend
Nigga livin' TTG and everything is still on fleek
Bad bitch rollin' wit' me, she gon' smile 'cause she on fleek
Hundred thousand dollars inside my pants, my shit on fleek
Hey-yeah!122Embed"
