artist,song_id,title,url,lyrics,Lyrics_Processed,Sentiment of lyrics
Shaboozey,10109093,A Bar Song (Tipsy),https://genius.com/Shaboozey-a-bar-song-tipsy-lyrics,"48 ContributorsTranslationsEspañolDeutschFrançaisУкраїнськаNorsk (bokmål / riksmål)A Bar Song (Tipsy) Lyrics
My baby want a Birkin, she's been tellin' me all night long
Gasoline and groceries, the list goes on and on
This nine-to-five ain't workin', why the hell do I work so hard?
I can't worry 'bout my problems, I can't take 'em when I'm gone, uh

One, here comes the two to the three to the four
Tell 'em ""Bring another round,"" we need plenty more
Two-steppin' on the table, she don't need a dance floor
Oh my, good Lord

Someone pour me up a double shot of whiskey
They know me and Jack Daniеl's got a history
There's a party downtown near 5th Street
Evеrybody at the bar gettin' tipsy

Everybody at the bar gettin' tipsy
Everybody at the bar gettin' tipsy

I've been Boozey since I left
I ain't changin' for a check
Tell my ma I ain't forget (Oh Lord), I
Woke up drunk at 10 a.m.​
We gon' do this shit again
Tell your girl to bring a friend, oh Lord
You might also like
One, here comes the two to the three to the four
Tell 'em ""Bring another round,"" we need plenty more
Two-steppin' on the table, she don't need a dance floor
Oh my, good Lord

Someone pour me up a double shot of whiskey (Double shot of whiskey)
They know me and Jack Daniel's got a history (We go way back)
There's a party downtown near 5th Street
Everybody at the bar gettin' tipsy

Everybody at the bar gettin' tipsy (At the bar gettin' tipsy)
Everybody at the bar gettin' tipsy

One, here comes the two to the three to the four
When it's last call and they kick us out the door
It's gettin' kind of late, but the ladies want some more
Oh my, good Lord (Tell 'em drinks on me)

Someone pour me up a double shot of whiskey (Double shot of whiskey)
They know me and Jack Daniel's got a history (Way back)
There's a party downtown near 5th Street (Come on)
Everybody at the bar gettin' tipsy (Woo-ooh)
Someone pour me up a double shot of whiskey (Double shot of whiskey)
They know me and Jack Daniel's got a history (It's Jack D)
At the bottom of a bottle, don't miss me (Baby, don't miss me)
Everybody at the bar gettin' tipsy (At the bar gettin' tipsy)
Everybody at the bar gettin' tipsy
Everybody at the bar gettin' tipsy

That's fuckin' messed up, bro, they kicked me out the bar7Embed",baby want birkin shes tellin night long gasoline groceries list goes ninetofive aint workin hell work hard cant worry bout problems cant take em im gone uh one comes two three four tell em bring another round need plenty twosteppin table dont need dance floor oh good lord someone pour double shot whiskey know jack daniеls got history theres party downtown near th street evеrybody bar gettin tipsy everybody bar gettin tipsy everybody bar gettin tipsy ive boozey since left aint changin check tell aint forget oh lord woke drunk gon shit tell girl bring friend oh lord might also like one comes two three four tell em bring another round need plenty twosteppin table dont need dance floor oh good lord someone pour double shot whiskey double shot whiskey know jack daniels got history go way back theres party downtown near th street everybody bar gettin tipsy everybody bar gettin tipsy bar gettin tipsy everybody bar gettin tipsy one comes two three four last call kick us door gettin kind late ladies want oh good lord tell em drinks someone pour double shot whiskey double shot whiskey know jack daniels got history way back theres party downtown near th street come everybody bar gettin tipsy wooooh someone pour double shot whiskey double shot whiskey know jack daniels got history jack bottom bottle dont miss baby dont miss everybody bar gettin tipsy bar gettin tipsy everybody bar gettin tipsy everybody bar gettin tipsy thats fuckin messed bro kicked bar,"{'neg': 0.035, 'neu': 0.817, 'pos': 0.148, 'compound': 0.979}"
Billie Eilish,10257626,BIRDS OF A FEATHER,https://genius.com/Billie-eilish-birds-of-a-feather-lyrics,"157 ContributorsTranslationsPortuguêsالعربيةHebrewEspañolTürkçeΕλληνικάDeutschItalianoPolskiBahasa IndonesiaFrançaisРусскийTiếng ViệtNorsk (bokmål / riksmål)ShqipCatalàไทย / Phasa ThaiBIRDS OF A FEATHER Lyrics

I want you to stay
'Til I'm in the grave
'Til I rot away, dead and buried
'Til I'm in the casket you carry
If you go, I'm goin' too, uh
'Cause it was always you (Alright)
And if I'm turnin' blue, please don't save me
Nothin' left to lose without my baby

Birds of a feather, we should stick together, I know
I said I'd never think I wasn't better alone
Can't change the weather, might not be forever
But if it's forever, it's even better

And I don't know what I'm cryin' for
I don't think I could love you more
It might not be long, but baby, I

I'll love you 'til the day that I die
'Til the day that I die
'Til the light leaves my eyes
'Til the day that I die
See Billie Eilish LiveGet tickets as low as $133You might also like
I want you to see, hm
How you look to me, hm
You wouldn't believe if I told ya
You would keep the compliments I throw ya
But you're so full of shit, uh
Tell me it's a bit, oh
Say you don't see it, your mind's polluted
Say you wanna quit, don't be stupid

And I don't know what I'm cryin' for
I don't think I could love you more
Might not be long, but baby, I
Don't wanna say goodbye

Birds of a feather, we should stick together, I know ('Til the day that I die)
I said I'd never think I wasn't better alone ('Til the light leaves my eyes)
Can't change the weather, might not be forever ('Til the day that I die)
But if it's forever, it's even better

I knew you in another life
You had that same look in your eyes
I love you, don't act so surprised22Embed",want stay til im grave til rot away dead buried til im casket carry go im goin uh cause always alright im turnin blue please dont save nothin left lose without baby birds feather stick together know said id never think wasnt better alone cant change weather might forever forever even better dont know im cryin dont think could love might long baby ill love til day die til day die til light leaves eyes til day die see billie eilish liveget tickets low might also like want see hm look hm wouldnt believe told ya would keep compliments throw ya youre full shit uh tell bit oh say dont see minds polluted say wanna quit dont stupid dont know im cryin dont think could love might long baby dont wanna say goodbye birds feather stick together know til day die said id never think wasnt better alone til light leaves eyes cant change weather might forever til day die forever even better knew another life look eyes love dont act surprised,"{'neg': 0.246, 'neu': 0.626, 'pos': 0.129, 'compound': -0.9865}"
Sabrina Carpenter,10257779,Espresso,https://genius.com/Sabrina-carpenter-espresso-lyrics,"108 ContributorsTranslationsСрпскиNorsk (bokmål / riksmål)TürkçePolskiالعربيةFrançaisItalianoDeutschPortuguêsEspañolBahasa Indonesiaไทย / Phasa ThaiTiếng ViệtSlovenčinaБеларускаяРусскийУкраїнськаΕλληνικάCatalà日本語МакедонскиEspresso Lyrics
Now he's thinkin' 'bout me every night, oh
Is it that sweet? I guess so
Say you can't sleep, baby, I know
That's that me espresso
Move it up, down, left, right, oh
Switch it up like Nintendo
Say you can't sleep, baby, I know
That's that me espresso

I can't relate to desperation
My give-a-fucks are on vacation
And I got this one boy and he won't stop calling
When they act this way, I know I got 'em

(Mm) Too bad your ex don't do it for ya
(Mm) Walked in and dream-came-trued it for ya
(Mm) Soft skin and I perfumed it for ya
(Yes) I know I Mountain Dew it for ya
(Yes) That morning coffee, brewed it for ya
(Yes) One touch and I brand-newed it for ya (Ooh)

And now he's thinkin' 'bout me every night, oh
Is it that sweet? I guess so
Say you can't sleep, baby, I know
That's that me espresso
Move it up, down, left, right, oh
Switch it up like Nintendo
Say you can't sleep, baby, I know
That's that me espresso
See Sabrina Carpenter LiveGet tickets as low as $90You might also like
Holy shit
Is it that sweet? I guess so (Mm)

I'm working late 'cause I'm a singer
Oh, he looks so cute wrapped 'round my finger
My twisted humor make him laugh so often
My honeybee, come and get this pollen

(Mm) Too bad your ex don't do it for ya
(Mm) Walked in and dream-came-trued it for ya
(Mm) Soft skin and I perfumed it for ya (Ayy, ayy, oh)
(Yes) I know I Mountain Dew it for ya
(Yes) That morning coffee, brewed it for ya
(Yes) One touch and I brand-newed it for ya (Stupid)

Now he's thinkin' 'bout me every night, oh
Is it that sweet? I guess so
Say you can't sleep, baby, I know
That's that me espresso
Move it up, down, left, right, oh
Switch it up like Nintendo
Say you can't sleep, baby, I know
That's that me espresso (Yes)
Thinkin' 'bout me every night, oh
Is it that sweet? I guess so (Yes)
Say you can't sleep, baby, I know
That's that me espresso (Yes)
Move it up, down, left, right, oh (Move it up, down, left, right, oh)
Switch it up like Nintendo (Yes)
Say you can't sleep, baby, I know
That's that me espresso
Is it that sweet? I guess so
Mm, that's that me espresso28Embed",hes thinkin bout every night oh sweet guess say cant sleep baby know thats espresso move left right oh switch like nintendo say cant sleep baby know thats espresso cant relate desperation giveafucks vacation got one boy wont stop calling act way know got em mm bad ex dont ya mm walked dreamcametrued ya mm soft skin perfumed ya yes know mountain dew ya yes morning coffee brewed ya yes one touch brandnewed ya ooh hes thinkin bout every night oh sweet guess say cant sleep baby know thats espresso move left right oh switch like nintendo say cant sleep baby know thats espresso see sabrina carpenter liveget tickets low might also like holy shit sweet guess mm im working late cause im singer oh looks cute wrapped round finger twisted humor make laugh often honeybee come get pollen mm bad ex dont ya mm walked dreamcametrued ya mm soft skin perfumed ya ayy ayy oh yes know mountain dew ya yes morning coffee brewed ya yes one touch brandnewed ya stupid hes thinkin bout every night oh sweet guess say cant sleep baby know thats espresso move left right oh switch like nintendo say cant sleep baby know thats espresso yes thinkin bout every night oh sweet guess yes say cant sleep baby know thats espresso yes move left right oh move left right oh switch like nintendo yes say cant sleep baby know thats espresso sweet guess mm thats espresso,"{'neg': 0.054, 'neu': 0.709, 'pos': 0.237, 'compound': 0.9934}"
Lady Gaga & Bruno Mars,10766684,Die With A Smile,https://genius.com/Lady-gaga-and-bruno-mars-die-with-a-smile-lyrics,"129 ContributorsTranslationsTürkçeEspañolPortuguêsDeutschFrançaisItalianoالعربيةΕλληνικάTiếng ViệtBahasa IndonesiaفارسیNederlandsไทย / Phasa ThaiDie With A Smile Lyrics
(Ooh, ooh)

I, I just woke up from a dream
Where you and I had to say goodbye
And I don't know what it all means
But since I survived, I realized

Wherever you go, that's where I'll follow
Nobody's promised tomorrow
So I'ma love you every night like it's the last night
Like it's the last night

If the world was ending
I'd wanna be next to you
If the party was over
And our time on Earth was through
I'd wanna hold you just for a while
And die with a smile
If the world was ending
I'd wanna be next to you

(Ooh, ooh)
You might also like
Ooh, lost, lost in the words that we scream
I don't even wanna do this anymore
'Cause you already know what you mean to me
And our love's the only war worth fighting for

Wherever you go, that's where I'll follow
Nobody's promised tomorrow
So I'ma love you every night like it's the last night
Like it's the last night

If the world was ending
I'd wanna be next to you
If the party was over
And our time on Earth was through
I'd wanna hold you just for a while
And die with a smile
If the world was ending
I'd wanna be next to you

Right next to you
Next to you
Right next to you
Oh-oh
If the world was ending
I'd wanna be next to you
If the party was over
And our time on Earth was through
I'd wanna hold you just for a while
And die with a smile
If the world was ending
I'd wanna be next to you
If the world was ending
I'd wanna be next to you

(Ooh, ooh)
I'd wanna be next to you21Embed",ooh ooh woke dream say goodbye dont know means since survived realized wherever go thats ill follow nobodys promised tomorrow ima love every night like last night like last night world ending id wanna next party time earth id wanna hold die smile world ending id wanna next ooh ooh might also like ooh lost lost words scream dont even wanna anymore cause already know mean loves war worth fighting wherever go thats ill follow nobodys promised tomorrow ima love every night like last night like last night world ending id wanna next party time earth id wanna hold die smile world ending id wanna next right next next right next ohoh world ending id wanna next party time earth id wanna hold die smile world ending id wanna next world ending id wanna next ooh ooh id wanna next,"{'neg': 0.159, 'neu': 0.571, 'pos': 0.27, 'compound': 0.9545}"
Post Malone,10187047,I Had Some Help,https://genius.com/Post-malone-i-had-some-help-lyrics,"59 ContributorsTranslationsPortuguêsDeutschNorsk (bokmål / riksmål)EspañolPolskiItalianoI Had Some Help Lyrics
You got a lotta nerve, don't you, baby?
I only hit the curb 'cause you made me
You're tellin' all your friends that I'm crazy
Like I'm the only one
Why'd you throw them stones if you
Had a wild hair of your own or two?
Livin' in your big glass house with a view
I thought you knew

I had some help
It ain't like I can make this kinda mess all by myself
Don't act like you ain't help me pull that bottle off the shelf
Been deep in every weekend if you couldn't tell
They say, ""Teamwork makes the dream work""
Hell, I had some help (Help)

(Help)

You thought I'd take the blame for us a-crumbling
Go 'round like you ain't guilty of somethin'
Already lost the game that you been runnin'
Guess it's catchin' up to you, huh
You think that you're so innocent
After all the shit you did
I ain't an angel, you ain't heaven-sent
Can't wash our hands of this
See Post Malone LiveGet tickets as low as $78You might also like
I had some help
It ain't like I can make this kinda mess all by myself
Don't act like you ain't help me pull that bottle off the shelf
Been deep in every weekend if you couldn't tell
They say, ""Teamwork makes the dream work""
Hell, I had some help (Help)
(Help)
(Help)
(Help)

It takes two to break a heart in two, ooh
Baby, you blame me and, baby, I blame you
Aw, if that ain't the truth (Oh)

I had some help
It ain't like I can make this kinda mess all by myself
Don't act like you ain't help me pull that bottle off the shelf
Been deep in every weekend if you couldn't tell
They say, ""Teamwork makes the dream work""
Hell, I had some help (Help)
(Help)
(Help)
(Help)8Embed",got lotta nerve dont baby hit curb cause made youre tellin friends im crazy like im one whyd throw stones wild hair two livin big glass house view thought knew help aint like make kinda mess dont act like aint help pull bottle shelf deep every weekend couldnt tell say teamwork makes dream work hell help help help thought id take blame us acrumbling go round like aint guilty somethin already lost game runnin guess catchin huh think youre innocent shit aint angel aint heavensent cant wash hands see post malone liveget tickets low might also like help aint like make kinda mess dont act like aint help pull bottle shelf deep every weekend couldnt tell say teamwork makes dream work hell help help help help help takes two break heart two ooh baby blame baby blame aw aint truth oh help aint like make kinda mess dont act like aint help pull bottle shelf deep every weekend couldnt tell say teamwork makes dream work hell help help help help help,"{'neg': 0.16, 'neu': 0.491, 'pos': 0.35, 'compound': 0.9903}"
Teddy Swims,9262512,Lose Control,https://genius.com/Teddy-swims-lose-control-lyrics,"31 ContributorsTranslationsEspañolDeutschУкраїнськаNorsk (bokmål / riksmål)FrançaisLose Control Lyrics
Something's got a hold of me lately
No, I don’t know myself anymore
Feels like the walls are all closin' in
And the devil's knockin’ at my door, woah
Out of my mind, how many times did I tell you
I'm no good at bein' alone?
Yeah, it's taken a toll on me, tryin' my best to keep
From tearin' the skin off my bones, don't you know

I lose control
When you're not next to me
I’m fallin’ apart right in front of you, can't you see?
I lose control
When you’re not next to me, mhm
Yeah, you're breakin' my heart, baby
You make a mess of me

Problematic
The problem is I want your body like a fiend, like a bad habit
Bad habits hard to break when I'm with you
Yeah, I know I can do it on my own
But I want that real full-moon black magic and it takes two
Problematic
The problem is when I’m with you I'm an addict
And I need some relief, my skin in your teeth
Can't see the forest through the trees
Got me down on my knees, darlin', please, oh
See Teddy Swims LiveGet tickets as low as $48You might also like
I lose control
When you're not next to me
I'm fallin' apart right in front of you, can't you see?
I lose control
When you're not next to me (Mm-hmm)
Yeah, you're breakin' my heart, baby
You make a mess of me, yeah


I lose control
When you're not here with me, mm
I'm fallin' apart right in front of you, can't you see?
I lose control
When you're not here with me, mhm
Yeah, you're breakin' my heart, baby
You make a mess of meEmbed",somethings got hold lately know anymore feels like walls closin devils knockin door woah mind many times tell im good bein alone yeah taken toll tryin best keep tearin skin bones dont know lose control youre next fallin apart right front cant see lose control next mhm yeah youre breakin heart baby make mess problematic problem want body like fiend like bad habit bad habits hard break im yeah know want real fullmoon black magic takes two problematic problem im addict need relief skin teeth cant see forest trees got knees darlin please oh see teddy swims liveget tickets low might also like lose control youre next im fallin apart right front cant see lose control youre next mmhmm yeah youre breakin heart baby make mess yeah lose control youre mm im fallin apart right front cant see lose control youre mhm yeah youre breakin heart baby make mess,"{'neg': 0.174, 'neu': 0.568, 'pos': 0.258, 'compound': 0.899}"
Chappell Roan,10090037,"Good Luck, Babe!",https://genius.com/Chappell-roan-good-luck-babe-lyrics,"101 ContributorsTranslationsBahasa IndonesiaPortuguêsDeutschEspañolFrançaisTürkçeHebrewItalianoDanskCatalàTiếng ViệtPolskiGood Luck, Babe! Lyrics
It's fine, it's cool
You can say that we are nothing, but you know the truth
And guess I'm the fool
With her arms out like an angel through the car sunroof

I don't wanna call it off
But you don't wanna call it love
You only wanna be the one that I call ""baby""

You can kiss a hundred boys in bars
Shoot another shot, try to stop the feeling
You can say it's just the way you are
Make a new excuse, another stupid reason
Good luck, babe (Well, good luck)
Well, good luck, babe (Well, good luck)
You'd have to stop the world just to stop the feeling
Good luck, babe (Well, good luck)
Well, good luck, babe (Well, good luck)
You'd have to stop the world just to stop the feeling

I'm cliché, who cares?
It's a sexually explicit kind of love affair
And I cry, it's not fair
I just need a little lovin', I just need a little air
You might also like
Think I'm gonna call it off
Even if you call it love
I just wanna love someone who calls me ""baby""

You can kiss a hundred boys in bars
Shoot another shot, try to stop the feeling
You can say it's just the way you are
Make a new excuse, another stupid reason
Good luck, babe (Well, good luck)
Well, good luck, babe (Well, good luck)
You'd have to stop the world just to stop the feeling
Good luck, babe (Well, good luck)
Well, good luck, babe (Well, good luck)
You'd have to stop the world just to stop the feeling

When you wake up next to him in the middle of the night
With your head in your hands, you're nothing more than his wife
And when you think about me all of those years ago
You're standing face to face with ""I told you so""
You know I hate to say it, I told you so
You know I hate to say, but I told you so

You can kiss a hundred boys in bars
Shoot another shot, try to stop the feeling (Well, I told you so)
You can say it's just the way you are
Make a new excuse, another stupid reason
Good luck, babe (Well, good luck)
Well, good luck, babe (Well, good luck)
You'd have to stop the world just to stop the feeling
Good luck, babe (Well, good luck)
Well, good luck, babe (Well, good luck)
You'd have to stop the world just to stop the feeling
You'd have to stop the world just to stop the feeling
You'd have to stop the world just to stop the feeling
You'd have to stop the world just to stop the feeling12Embed",fine cool say nothing know truth guess im fool arms like angel car sunroof dont wanna call dont wanna call love wanna one call baby kiss hundred boys bars shoot another shot try stop feeling say way make new excuse another stupid reason good luck babe well good luck well good luck babe well good luck youd stop world stop feeling good luck babe well good luck well good luck babe well good luck youd stop world stop feeling im cliché cares sexually explicit kind love affair cry fair need little lovin need little air might also like think im gonna call even call love wanna love someone calls baby kiss hundred boys bars shoot another shot try stop feeling say way make new excuse another stupid reason good luck babe well good luck well good luck babe well good luck youd stop world stop feeling good luck babe well good luck well good luck babe well good luck youd stop world stop feeling wake next middle night head hands youre nothing wife think years ago youre standing face face told know hate say told know hate say told kiss hundred boys bars shoot another shot try stop feeling well told say way make new excuse another stupid reason good luck babe well good luck well good luck babe well good luck youd stop world stop feeling good luck babe well good luck well good luck babe well good luck youd stop world stop feeling youd stop world stop feeling youd stop world stop feeling youd stop world stop feeling,"{'neg': 0.204, 'neu': 0.291, 'pos': 0.506, 'compound': 0.9989}"
Sabrina Carpenter,10628610,Taste,https://genius.com/Sabrina-carpenter-taste-lyrics,"84 ContributorsTranslationsTürkçeTiếng ViệtPolskiFrançaisEspañolСрпскиPortuguêsDeutschCatalàРусскийItalianoไทย / Phasa ThaiМакедонски中文УкраїнськаБеларускаяΕλληνικάTaste Lyrics
Oh, I leave quite an impression
Five feet to be exact
You're wonderin' why half his clothes went missin'
My body's where they're at

Now I'm gone, but you're still layin'
Next to me, one degree of separation

I heard you're back together and if that's true
You'll just have to taste me when he's kissin' you
If you want forever, and I bet you do
Just know you'll taste me too

Uh-huh

He pins you down on the carpet
Makes paintings with his tongue (La-la-la-la-la-la-la)
Hе's funny now, all his jokes hit different
Guеss who he learned that from?

Now I'm gone, but you're still layin'
Next to me, one degree of separation
See Sabrina Carpenter LiveGet tickets as low as $90You might also like
I heard you're back together and if that's true
You'll just have to taste me when he's kissin' you
If you want forever, and I bet you do (I bet you do)
Just know you'll taste me too

La-la-la-la-la-la-la

Every time you close your eyes
And feel his lips, you're feelin' mine
And every time you breathe his air
Just know I was already there
You can have him if you like
I've been there, done that once or twice
And singin' 'bout it don't mean I care
Yeah, I know I've been known to share

Well, I heard you're back together and if that's true
You'll just have to taste me when he's kissin' you
If you want forever, and I bet you do (I bet you do)
Just know you'll taste me too

Taste me too, ow (La-la-la-la-la-la-la)
You'll just have to taste me when he's kissin' you
You, no, yeah, ah-ah (La-la-la-la-la-la-la)
You'll just have to taste me when he's kissin' you12Embed",oh leave quite impression five feet exact youre wonderin half clothes went missin bodys theyre im gone youre still layin next one degree separation heard youre back together thats true youll taste hes kissin want forever bet know youll taste uhhuh pins carpet makes paintings tongue lalalalalalala hеs funny jokes hit different guеss learned im gone youre still layin next one degree separation see sabrina carpenter liveget tickets low might also like heard youre back together thats true youll taste hes kissin want forever bet bet know youll taste lalalalalalala every time close eyes feel lips youre feelin mine every time breathe air know already like ive done twice singin bout dont mean care yeah know ive known share well heard youre back together thats true youll taste hes kissin want forever bet bet know youll taste taste ow lalalalalalala youll taste hes kissin yeah ahah lalalalalalala youll taste hes kissin,"{'neg': 0.057, 'neu': 0.776, 'pos': 0.167, 'compound': 0.9431}"
Benson Boone,9782708,Beautiful Things,https://genius.com/Benson-boone-beautiful-things-lyrics,"55 ContributorsTranslationsDeutschPortuguêsEspañolУкраїнськаNorsk (bokmål / riksmål)FrançaisBeautiful Things Lyrics
For a while there, it was rough
But lately, I've been doin' better
Than the last four cold Decembers I recall
And I see my family every month
I found a girl my parents love
She'll come and stay the night, and I think I might have it all
And I thank God every day
For the girl He sent my way
But I know the things He gives me, He can take away
And I hold you every night
And that's a feeling I wanna get used to
But there's no man as terrified as the man who stands to lose you

Oh, I hope I don't losе you
Mm, please stay
I want you, I need you, oh God
Don't take
Thеse beautiful things that I've got

Please stay
I want you, I need you, oh, God
Don't take
These beautiful things that I've got
See Benson Boone LiveGet tickets as low as $70You might also like
Oh, ooh
Please don't take

I found my mind, I'm feelin' sane
It's been a while, but I'm finding my faith
If everything's good and it's great, why do I sit and wait 'til it's gone?
Oh, I'll tell ya, I know I've got enough
I've got peace and I've got love
But I'm up at night thinkin' I just might lose it all

Please stay
I want you, I need you, oh God
Don't take
These beautiful things that I've got

Oh, ooh

Please stay
I want you, I need you, oh God
I need
These beautiful things that I've got9Embed",rough lately ive doin better last four cold decembers recall see family every month found girl parents love shell come stay night think might thank god every day girl sent way know things gives take away hold every night thats feeling wanna get used theres man terrified man stands lose oh hope dont losе mm please stay want need oh god dont take thеse beautiful things ive got please stay want need oh god dont take beautiful things ive got see benson boone liveget tickets low might also like oh ooh please dont take found mind im feelin sane im finding faith everythings good great sit wait til gone oh ill tell ya know ive got enough ive got peace ive got love im night thinkin might lose please stay want need oh god dont take beautiful things ive got oh ooh please stay want need oh god need beautiful things ive got,"{'neg': 0.179, 'neu': 0.579, 'pos': 0.242, 'compound': 0.8752}"
Sabrina Carpenter,10488398,Please Please Please,https://genius.com/Sabrina-carpenter-please-please-please-lyrics,"118 ContributorsTranslationsEspañolСрпскиPortuguêsDeutschTürkçeItalianoPolskiTiếng ViệtBahasa IndonesiaРусскийNorsk (bokmål / riksmål)ไทย / Phasa ThaiEnglishCatalàМакедонскиDansk中文БеларускаяУкраїнськаΕλληνικάPlease Please Please Lyrics
I know I have good judgment, I know I have good taste
It's funny and it's ironic that only I feel that way
I promise 'em that you're different and everyone makes mistakes
But just don't
I heard that you're an actor, so act like a stand-up guy
Whatever devil's inside you, don't let him out tonight
I tell them it's just your culture and everyone rolls their eyes
Yeah, I know
All I'm asking, baby

Please, please, please
Don't prove I'm right
And please, pleasе, please
Don't bring me to tеars when I just did my makeup so nice
Heartbreak is one thing, my ego's another
I beg you, don't embarrass me, motherfucker, oh
Please, please, please (Ah)

Well, I have a fun idea, babe (Uh-huh), maybe just stay inside
I know you're cravin' some fresh air, but the ceiling fan is so nice (It's so nice, right?)
And we could live so happily if no one knows that you're with me
I'm just kidding, but really (Kinda), really, really
See Sabrina Carpenter LiveGet tickets as low as $90You might also like
Please, please, please (Please don't prove I'm right)
Don't prove I'm right
And please, please, please
Don't bring me to tears when I just did my makeup so nice
Heartbreak is one thing (Heartbreak is one thing), my ego's another (Ego's another)
I beg you, don't embarrass me, motherfucker, oh
Please, please, please (Ah)

If you wanna go and be stupid
Don't do it in front of me
If you don't wanna cry to my music
Don't make me hate you prolifically
Please, please, please (Please)
Please, please, please (Please)
Please (Please), please (Please), please
(Ah)13Embed",know good judgment know good taste funny ironic feel way promise em youre different everyone makes mistakes dont heard youre actor act like standup guy whatever devils inside dont let tonight tell culture everyone rolls eyes yeah know im asking baby please please please dont prove im right please pleasе please dont bring tеars makeup nice heartbreak one thing egos another beg dont embarrass motherfucker oh please please please ah well fun idea babe uhhuh maybe stay inside know youre cravin fresh air ceiling fan nice nice right could live happily one knows youre im kidding really kinda really really see sabrina carpenter liveget tickets low might also like please please please please dont prove im right dont prove im right please please please dont bring tears makeup nice heartbreak one thing heartbreak one thing egos another egos another beg dont embarrass motherfucker oh please please please ah wanna go stupid dont front dont wanna cry music dont make hate prolifically please please please please please please please please please please please please please ah,"{'neg': 0.09, 'neu': 0.414, 'pos': 0.496, 'compound': 0.9981}"
Kendrick Lamar,10359264,Not Like Us,https://genius.com/Kendrick-lamar-not-like-us-lyrics,"1489 ContributorsTranslationsTürkçePortuguêsРусскийEspañolDeutschPolskiRomânăFrançaisالعربيةहिन्दीNot Like Us Lyrics
Psst, I see dead people
(Mustard on the beat, ho)

Ayy, Mustard on the beat, ho
Deebo any rap nigga, he a free throw
Man down, call an amberlamps, tell him, ""Breathe, bro""
Nail a nigga to the cross, he walk around like Teezo
What's up with these jabroni-ass niggas tryna see Compton?
The industry can hate me, fuck 'em all and they mama
How many opps you really got? I mean, it's too many options
I'm finna pass on this body, I'm John Stockton
Beat your ass and hide the Bible if God watchin'
Sometimes you gotta pop out and show niggas
Certified boogeyman, I'm the one that up the score with 'em
Walk him down, whole time, I know he got some ho in him
Pole on him, extort shit, bully Death Row on him
Say, Drake, I hear you like 'em young
You better not ever go to cell block one
To any bitch that talk to him and they in love
Just make sure you hide your lil' sister from him
They tell me Chubbs the only one that get your hand-me-downs
And Party at the party playin' with his nose now
And Baka got a weird case, why is he around?
Certified Lover Boy? Certified pedophiles
Wop, wop, wop, wop, wop, Dot, fuck 'em up
Wop, wop, wop, wop, wop, I'ma do my stuff
Why you trollin' like a bitch? Ain't you tired?
Tryna strike a chord and it's probably A minor
You might also like
They not like us, they not like us, they not like us
They not like us, they not like us, they not like us

You think the Bay gon' let you disrespect Pac, nigga?
I think that Oakland show gon' be your last stop, nigga
Did Cole foul, I don't know why you still pretendin'
What is the owl? Bird niggas and burnt bitches, go
The audience not dumb
Shape the stories how you want, hey, Drake, they're not slow
Rabbit hole is still deep, I can go further, I promise
Ain't that somethin'? B-Rad stands for bitch and you Malibu most wanted
Ain't no law, boy, you ball boy, fetch Gatorade or somethin'
Since 2009, I had this bitch jumpin'
You niggas'll get a wedgie, be flipped over your boxers
What OVO for? The ""Other Vaginal Option""? Pussy
Nigga better straighten they posture, got famous all up in Compton
Might write this for the doctorate, tell the pop star quit hidin'
Fuck a caption, want action, no accident
And I'm hands-on, he fuck around, get polished
Fucked on Wayne girl while he was in jail, that's connivin'
Then get his face tatted like a bitch apologizin'
I'm glad DeRoz' came home, y'all didn't deserve him neither
From Alondra down to Central, nigga better not speak on Serena
And your homeboy need subpoena, that predator move in flocks
That name gotta be registered and placed on neighborhood watch
I lean on you niggas like another line of Wock'
Yeah, it's all eyes on me, and I'ma send it up to Pac, ayy
Put the wrong label on me, I'ma get 'em dropped, ayy
Sweet Chin Music and I won't pass the aux, ayy
How many stocks do I really have in stock? Ayy
One, two, three, four, five, plus five, ayy
Devil is a lie, he a 69 God, ayy
Freaky-ass niggas need to stay they ass inside, ayy
Roll they ass up like a fresh pack of 'za, ayy
City is back up, it's a must, we outside, ayy
They not like us, they not like us, they not like us
They not like us, they not like us, they not like us

Once upon a time, all of us was in chains
Homie still doubled down callin' us some slaves
Atlanta was the Mecca, buildin' railroads and trains
Bear with me for a second, let me put y'all on game
The settlers was usin' townfolk to make 'em richer
Fast-forward, 2024, you got the same agenda
You run to Atlanta when you need a check balance
Let me break it down for you, this the real nigga challenge
You called Future when you didn't see the club (Ayy, what?)
Lil Baby helped you get your lingo up (What?)
21 gave you false street cred
Thug made you feel like you a slime in your head (Ayy, what?)
Quavo said you can be from Northside (What?)
2 Chainz say you good, but he lied
You run to Atlanta when you need a few dollars
No, you not a colleague, you a fuckin' colonizer
The family matter and the truth of the matter
It was God's plan to show y'all the liar

Mm
Mm-mm
He a fan, he a fan, he a fan (Mm)
He a fan, he a fan, he a
Freaky-ass nigga, he a 69 God
Freaky-ass nigga, he a 69 God
Hey, hey, hey, hey, run for your life
Hey, hey, hey, hey, run for your life
Freaky-ass nigga, he a 69 God
Freaky-ass nigga, he a 69 God
Hey, hey, hey, hey, run for your life
Hey, hey, hey, hey, run for your life
Let me hear you say, ""OV-ho"" (OV-ho)
Say, ""OV-ho"" (OV-ho)
Then step this way, step that way
Then step this way, step that way
Are you my friend?
Are we locked in?
Then step this way, step that way
Then step this way, step that way150Embed",psst see dead people mustard beat ho ayy mustard beat ho deebo rap nigga free throw man call amberlamps tell breathe bro nail nigga cross walk around like teezo whats jabroniass niggas tryna see compton industry hate fuck em mama many opps really got mean many options im finna pass body im john stockton beat ass hide bible god watchin sometimes gotta pop show niggas certified boogeyman im one score em walk whole time know got ho pole extort shit bully death row say drake hear like em young better ever go cell block one bitch talk love make sure hide lil sister tell chubbs one get handmedowns party party playin nose baka got weird case around certified lover boy certified pedophiles wop wop wop wop wop dot fuck em wop wop wop wop wop ima stuff trollin like bitch aint tired tryna strike chord probably minor might also like like us like us like us like us like us like us think bay gon let disrespect pac nigga think oakland show gon last stop nigga cole foul dont know still pretendin owl bird niggas burnt bitches go audience dumb shape stories want hey drake theyre slow rabbit hole still deep go promise aint somethin brad stands bitch malibu wanted aint law boy ball boy fetch gatorade somethin since bitch jumpin niggasll get wedgie flipped boxers ovo vaginal option pussy nigga better straighten posture got famous compton might write doctorate tell pop star quit hidin fuck caption want action accident im handson fuck around get polished fucked wayne girl jail thats connivin get face tatted like bitch apologizin im glad deroz came home yall didnt deserve neither alondra central nigga better speak serena homeboy need subpoena predator move flocks name gotta registered placed neighborhood watch lean niggas like another line wock yeah eyes ima send pac ayy put wrong label ima get em dropped ayy sweet chin music wont pass aux ayy many stocks really stock ayy one two three four five plus five ayy devil lie god ayy freakyass niggas need stay ass inside ayy roll ass like fresh pack za ayy city back must outside ayy like us like us like us like us like us like us upon time us chains homie still doubled callin us slaves atlanta mecca buildin railroads trains bear second let put yall game settlers usin townfolk make em richer fastforward got agenda run atlanta need check balance let break real nigga challenge called future didnt see club ayy lil baby helped get lingo gave false street cred thug made feel like slime head ayy quavo said northside chainz say good lied run atlanta need dollars colleague fuckin colonizer family matter truth matter gods plan show yall liar mm mmmm fan fan fan mm fan fan freakyass nigga god freakyass nigga god hey hey hey hey run life hey hey hey hey run life freakyass nigga god freakyass nigga god hey hey hey hey run life hey hey hey hey run life let hear say ovho ovho say ovho ovho step way step way step way step way friend locked step way step way step way step way,"{'neg': 0.168, 'neu': 0.633, 'pos': 0.199, 'compound': 0.2444}"
Hozier,10164888,Too Sweet,https://genius.com/Hozier-too-sweet-lyrics,"118 ContributorsTranslationsEspañolDanskDeutschMagyarالعربيةNorsk (bokmål / riksmål)PortuguêsFrançaisTürkçeToo Sweet Lyrics
It can't be said I'm an early bird
It's 10 o'clock before I say a word
Baby, I can never tell
How do you sleep so well?
You keep tellin' me to live right
To go to bed before the daylight
But then you wake up for the sunrise
You know you don't gotta pretend
Baby, now and then

Don't you just wanna wake up, dark as a lake
Smellin' like a bonfire, lost in a haze?
If you're drunk on life, babe, I think it's great
But while in this world

I think I'll take my whiskey neat
My coffee black and my bed at 3
You're too sweet for me
You're too sweet for me
I take my whiskеy neat
My coffee black and my bed at 3
You're too sweet for mе
You're too sweet for me
See Hozier LiveGet tickets as low as $117You might also like
Ooh, ooh
Ooh, ooh

I aim low
I aim true, and the ground's where I go
I work late where I'm free from the phone
And the job gets done
But you worry some, I know
But who wants to live forever, babe?
You treat your mouth as if it's Heaven's gate
The rest of you like you're the TSA
I wish I could go along
Babe, don't get me wrong

You know you're bright as the morning, as soft as the rain
Pretty as a vine, as sweet as a grape
If you can sit in a barrel, maybe I'll wait
Until that day
I'd rather take my whiskey neat
My coffee black and my bed at 3
You're too sweet for me
You're too sweet for me
I take my whiskey neat
My coffee black and my bed at 3
You're too sweet for me
You're too sweet for me
Woah, woah
Woah, woah
Woah, woah
Woah, woah

I take my whiskey neat
My coffee black and my bed at 3
You're too sweet for me
You're too sweet for me5Embed",cant said im early bird oclock say word baby never tell sleep well keep tellin live right go bed daylight wake sunrise know dont gotta pretend baby dont wanna wake dark lake smellin like bonfire lost haze youre drunk life babe think great world think ill take whiskey neat coffee black bed youre sweet youre sweet take whiskеy neat coffee black bed youre sweet mе youre sweet see hozier liveget tickets low might also like ooh ooh ooh ooh aim low aim true grounds go work late im free phone job gets done worry know wants live forever babe treat mouth heavens gate rest like youre tsa wish could go along babe dont get wrong know youre bright morning soft rain pretty vine sweet grape sit barrel maybe ill wait day id rather take whiskey neat coffee black bed youre sweet youre sweet take whiskey neat coffee black bed youre sweet youre sweet woah woah woah woah woah woah woah woah take whiskey neat coffee black bed youre sweet youre sweet,"{'neg': 0.081, 'neu': 0.565, 'pos': 0.353, 'compound': 0.9961}"
The Weeknd & Playboi Carti,10857594,Timeless,https://genius.com/The-weeknd-and-playboi-carti-timeless-lyrics,"371 ContributorsTranslationsPortuguêsEspañolРусскийFrançaisTürkçeDeutsch中文Timeless Lyrics
XO
Ooh, yeah, ooh, yeah, no

Ever since I was a jit, knew I was the shit (Ooh, yeah)
Shorty keep wanna come 'round, she wanna get hit (Wanna get hit so hard)
She think she the main because I keep her by my side
Double-O, bust down the watch, she know that I'm timeless (Timeless)
I put my son in some Rick
I pull that gun off the hip
Pockets hold twenty-two clips (Ah)
I break her heart, Comme Garçon
Put on a shirt, get put on a blimp
Bitch like a stain, get ready to lick
I had to tell her that ever since I was a jit, knеw I was the shit (Oh)
She singin' my songs, she wanna diе lit, tryna get hit
House like a bank, deposit this bitch, 'posit that check
Smile on my face, ain't playing shit, come and get checked (Uh)
Ice on my neck, double-O wrist
She in the Scat, hell of a 'Cat
Fresh out the trench, four hundred packs
Uh, yeah, I'm spinnin' in Paris (Uh)
Dress for these hoes, they finna flock
Just poured a four in a soda, it pop
Them drugs finna hit, I'm feelin' ill
I'm wrestlin' all of my demons, I feel like The Rock
You might also like
(Shit, uh, yeah)
Ever since I was a kid, I been legit (Jit, ooh, nah)
If I was you, I would cut up my wrist (Dumb bit')
XO tatted all over her body, yeah (Yeah)
She just wanna roll and I don't mind it, yeah
Ever since I was a jit, I been legit (Ooh, nah, uh)
You should let her go, she wanna be it (Oh, yeah)
Double-O tatted on her body, yeah
It don't matter what they say, I'm timeless, yeah (Schyeah)

Oh, city on fire when I'm comin' home
Fill up the sky (Yeah), I fill up the Dome
They'll play it one day (Yeah), it's a hell of a show
But it's gonna hurt 'cause we did it first
Feel like Skateboard P, BBC boys on the creep
Feel like it's '03, Neptune drum with a beam (Yeah)
She hippie-flippin' a bean, she wanna fuck with the team
She fell in love with the cream (Yeah), she fell in love with the scene
Ooh, yeah, her man quiet, not a peep (Oh, nah)
Broke his heart, PTSD (Oh, nah)
Hold his chest, let it breathe
Let it breathe, niggas scheme
And I got a priest, he got a cross
Get out of line, send him to God
I shed a tear, pray for a loss, ooh, yeah (Yeah)
Ever since I was a kid, I been legit (Homixide, Homixide, Homixide, oh, oh)
If I was you, I would cut up my wrist (Ah)
XO tatted all over her body, yeah (Body, yeah)
She just wanna roll and I don't mind it, yeah
Ever since I was a jit, I been legit (Yeah, ooh, nah)
You should let her go, she wanna be it (Oh, nah)
Double-O tatted on her body, yeah (Body, yeah)
It don't matter what they say, I'm timeless

Timeless (Oh), timeless, timeless
Timeless, timeless, timeless, we timeless, oh
Timeless, timeless, timeless (Yeah), timeless
Timeless (Yeah), timeless, timeless, we timeless, oh
Oh (Blatt)
Oh (Yuh, lit)46Embed",xo ooh yeah ooh yeah ever since jit knew shit ooh yeah shorty keep wanna come round wanna get hit wanna get hit hard think main keep side doubleo bust watch know im timeless timeless put son rick pull gun hip pockets hold twentytwo clips ah break heart comme garçon put shirt get put blimp bitch like stain get ready lick tell ever since jit knеw shit oh singin songs wanna diе lit tryna get hit house like bank deposit bitch posit check smile face aint playing shit come get checked uh ice neck doubleo wrist scat hell cat fresh trench four hundred packs uh yeah im spinnin paris uh dress hoes finna flock poured four soda pop drugs finna hit im feelin ill im wrestlin demons feel like rock might also like shit uh yeah ever since kid legit jit ooh nah would cut wrist dumb bit xo tatted body yeah yeah wanna roll dont mind yeah ever since jit legit ooh nah uh let go wanna oh yeah doubleo tatted body yeah dont matter say im timeless yeah schyeah oh city fire im comin home fill sky yeah fill dome theyll play one day yeah hell show gonna hurt cause first feel like skateboard p bbc boys creep feel like neptune drum beam yeah hippieflippin bean wanna fuck team fell love cream yeah fell love scene ooh yeah man quiet peep oh nah broke heart ptsd oh nah hold chest let breathe let breathe niggas scheme got priest got cross get line send god shed tear pray loss ooh yeah yeah ever since kid legit homixide homixide homixide oh oh would cut wrist ah xo tatted body yeah body yeah wanna roll dont mind yeah ever since jit legit yeah ooh nah let go wanna oh nah doubleo tatted body yeah body yeah dont matter say im timeless timeless oh timeless timeless timeless timeless timeless timeless oh timeless timeless timeless yeah timeless timeless yeah timeless timeless timeless oh oh blatt oh yuh lit,"{'neg': 0.171, 'neu': 0.611, 'pos': 0.218, 'compound': 0.9254}"
Jelly Roll,10462375,I Am Not Okay,https://genius.com/Jelly-roll-i-am-not-okay-lyrics,"12 ContributorsTranslationsEspañolУкраїнськаI Am Not Okay Lyrics
I am not okay
I'm barely gettin' by
I'm losin' track of days
And losin' sleep at night
I am not okay
I'm hangin' on the rails
So if I say I'm fine
Just know I learned to hide it well

I know I can't be the only one
Who's holdin' on for dear life
But God knows, I know
When it's all said and done
I'm not okay
But it's all gonna be alright
It's not okay
But we're all gonna be alright

I woke up today
I almost stayed in bed
Had the devil on my back
And voices in my head
Some days, it ain't all bad
Some days, it all gets worse
Some days, I swear I'm better off
Layin' in that dirt
See Jelly Roll LiveGet tickets as low as $38You might also like
I know I can't be the only one
Who's holdin' on for dear life
But God knows, I know
When it's all said and done
I'm not okay
But it's all gonna be alright
It's not okay
But wе're all gonna be alright
Gonna be alright
Gonna bе alright

I know one day
We'll see the other side
The pain'll wash away
In a holy water tide
And we all gonna be alright

I know I can't be the only one
Who's holdin' on for dear life
But God knows, I know
When it's all said and done
I'm not okay
But it's all gonna be alright
It's not okay
But we're all gonna be alright
I'm not okay
But it's all gonna be alrightEmbed",okay im barely gettin im losin track days losin sleep night okay im hangin rails say im fine know learned hide well know cant one whos holdin dear life god knows know said done im okay gonna alright okay gonna alright woke today almost stayed bed devil back voices head days aint bad days gets worse days swear im better layin dirt see jelly roll liveget tickets low might also like know cant one whos holdin dear life god knows know said done im okay gonna alright okay wеre gonna alright gonna alright gonna bе alright know one day well see side painll wash away holy water tide gonna alright know cant one whos holdin dear life god knows know said done im okay gonna alright okay gonna alright im okay gonna alright,"{'neg': 0.083, 'neu': 0.545, 'pos': 0.372, 'compound': 0.9889}"
Tommy Richman,10317508,MILLION DOLLAR BABY,https://genius.com/Tommy-richman-million-dollar-baby-lyrics,"89 ContributorsTranslationsPortuguêsDeutschEspañolРусскийPolskiNorsk (bokmål / riksmål)MILLION DOLLAR BABY Lyrics
Do it, baby, do what I should think
Do it, do it, baby, do what I could think
Do it, do it, baby, do what I should think
Do it, do it, baby, do what I could think
Do it, do it, do it, baby, do what I should think
Do it, baby, do what I could think
Do it, do it, do it, baby, do what I should think
Do it, do it, baby, do what I could think

I ain't never rep a set, baby (Tsk, tsk)
I ain't do no wrong
I could clean up good for you
Oh, I know right from wrong
'Cause I wanna make it so badly
I'm a million-dollar baby, don't at me
Yeah, oh, hell no (Yeah, yeah)

You rep my city for so damn long (Ah, ah)
But you still don't notice me, my sound next
VA next (Yeah, yeah), I'm at they neck (Yeah, yeah)
I'm running up a check (Yeah, yeah, yeah, yeah)
She a bad lil' mama, she a diva
No matter what happens, he cannot come between us again
I know we're better than friends (Better than friends)
I took her to Queen's Gambit (Yeah, yeah), showed around my friends
Tried to pick some energy up, it don't matter
I know you haven't moved on if you tried (Oh, no)
I don't believe it, baby, I know you lied (Oh, no)
All night long, what you mean I changed?
Haven't stayed the same
I've been losing my mind (Ooh)
I said the city is mine (Ooh)
You might also like
I ain't never rep a set, baby
Ain't do no wrong
I could clean up good for you
Oh, I know right from wrong
'Cause I wanna make it so badly
I'm a million-dollar baby, don't at me
I ain't never rep a set, baby
Ain't do no wrong
I could clean up good for you
Oh, I know right from wrong
'Cause I wanna make it so badly
I'm a million-dollar baby, don't at me (No, no, no)

Hell, hell nah
Yeah, hell, hell no
Hell, hell no
Do it, baby, do what I should think
Do it, do it, baby, do what I could think
Do it, baby, do what I should think
Do it, do it, baby, do what I could think
Hell, hell nah
Yeah, hell, hell nah
Hell, hell nah6Embed",baby think baby could think baby think baby could think baby think baby could think baby think baby could think aint never rep set baby tsk tsk aint wrong could clean good oh know right wrong cause wanna make badly im milliondollar baby dont yeah oh hell yeah yeah rep city damn long ah ah still dont notice sound next va next yeah yeah im neck yeah yeah im running check yeah yeah yeah yeah bad lil mama diva matter happens cannot come us know better friends better friends took queens gambit yeah yeah showed around friends tried pick energy dont matter know havent moved tried oh dont believe baby know lied oh night long mean changed havent stayed ive losing mind ooh said city mine ooh might also like aint never rep set baby aint wrong could clean good oh know right wrong cause wanna make badly im milliondollar baby dont aint never rep set baby aint wrong could clean good oh know right wrong cause wanna make badly im milliondollar baby dont hell hell nah yeah hell hell hell hell baby think baby could think baby think baby could think hell hell nah yeah hell hell nah hell hell nah,"{'neg': 0.18, 'neu': 0.48, 'pos': 0.341, 'compound': 0.9942}"
Rod Wave,10972409,25,https://genius.com/Rod-wave-25-lyrics,"21 Contributors25 Lyrics
Uh, uh-uh, uh, uh
Oh, do you do this often?
I know it sound wrong, like, everything I left in Maryland
I just don't wanna see myself anymore, I don't
They, like, they say they miss me and shit, shut up, for real, like, man
Look, 'kay

DJ, run it back, play my song in this bitch
Vibin' like I'm alone in this bitch, mm
Tit for tat, I got you back, was I wrong for that shit?
Tell me, is we too grown for that shit? Uh
I wanna lock it in, baby, no weighin' my options
Wanna travel, see the world, gettin' drunk on an island
Wanna settle, start a family, so tell me about it
And you so perfect, baby, don't give nobody that body (Okay)
Social anxiety, I fear
And I done been this way for some years
I don't really get along with my peers
Everything that they do to me is weird
So in a world full of weirdos, fools, and scrubs
Tell me, what is it you're willin' to do for love?
You know it's true that the datin' pool is fucked
Ain't nobody out here, baby, it just be us
And I know, and I know, and I know, and I know a broken heart when I see one
And I feel, and I feel, and I feel, and I feel like I love you more
Did you know? Do you know? Did you know? Do you know I'm a shoulder if you need one?
When I feel what I feel, keep it real, what’s the deal? I'm ready for
Oh, somewhere we could be alone, you and me alone
I remember bein' twenty-one when my life had just begun
Twenty-two, many things to see and do
Twenty-three, lookin' forward to twenty-four
Is it just me or it ain't no love no more?
Twenty-five, what a time to be alive
Am I getting old? Why do I feel tired?
All the same old things, the same old games
Same old pain, think it's time for a change 'cause
Certain shit ain't like me no more
Certain shit don't excite me no more
It don't excite no more, no
It ain't like me no more
No more, no more
No, no, no, no, no
Certain shit don't excite me no more
It ain't like me no more
This ain't like me no more, no
It don't excite me no more, uh
See Rod Wave LiveGet tickets as low as $80You might also like
UhEmbed",uh uhuh uh uh oh often know sound wrong like everything left maryland dont wanna see anymore dont like say miss shit shut real like man look kay dj run back play song bitch vibin like im alone bitch mm tit tat got back wrong shit tell grown shit uh wanna lock baby weighin options wanna travel see world gettin drunk island wanna settle start family tell perfect baby dont give nobody body okay social anxiety fear done way years dont really get along peers everything weird world full weirdos fools scrubs tell youre willin love know true datin pool fucked aint nobody baby us know know know know broken heart see one feel feel feel feel like love know know know know im shoulder need one feel feel keep real deal im ready oh somewhere could alone alone remember bein twentyone life begun twentytwo many things see twentythree lookin forward twentyfour aint love twentyfive time alive getting old feel tired old things old games old pain think time change cause certain shit aint like certain shit dont excite dont excite aint like certain shit dont excite aint like aint like dont excite uh see rod wave liveget tickets low might also like uh,"{'neg': 0.276, 'neu': 0.517, 'pos': 0.207, 'compound': -0.9701}"
Morgan Wallen,10507202,Lies Lies Lies,https://genius.com/Morgan-wallen-lies-lies-lies-lyrics,"9 ContributorsTranslationsEspañolLies Lies Lies Lyrics
I don't come down with the Sun
I won't hate myself when the mornin' comes
No thoughts of your body runnin' through my head
No bottle of bourbon beside the bed, 'cause

It wasn't no thing to give you up
I never reach for you in another touch
Don't ever think about you with him
And girl, tonight I won't call again and again
Ain't nothin' but

Lies, lies, lies
Look into my eyes, eyes, eyes
I'm still a fool for you
Nothin' I wouldn't do for you
Lies, lies, lies
Girl, I'm on a downhill dive
Habits and hard heartbreaks are hard to break
So I just tell the same old lies, liеs, lies
Yeah, baby, I can try, try, try

To act like I don't givе a damn, but I do
Bet you're missin' me bad as I miss you
Snowballs to a phone call
Soundin' somethin' stupid
Baby, 'cause the truth is
The ninety proof is tellin' me
You might also like
Lies, lies, lies
Look into my eyes, eyes, eyes
I'm still a fool for you
Nothin' I wouldn't do for you
Lies, lies, lies
Girl, I'm on a downhill dive
Habits and hard heartbreaks are hard to break
So I just tell the same old lies, lies, lyin' to myself
Why, why, why in the hell
Do I keep sayin', ""I can get you back""?
That's about as honest as sayin' that

I don't come down with the Sun
I won't hate myself when the mornin' comes
Them ain't nothin' but

Lies, lies, lies
Look into my eyes, eyes, eyes
I'm still a fool for you
Nothin' I wouldn't do for you
Lies, lies, lies
Girl, I'm on a downhill dive
Habits and hard heartbreaks are hard to break
So I just tell the same old lies, lies, lies
Lies, lies, liesEmbed",dont come sun wont hate mornin comes thoughts body runnin head bottle bourbon beside bed cause wasnt thing give never reach another touch dont ever think girl tonight wont call aint nothin lies lies lies look eyes eyes eyes im still fool nothin wouldnt lies lies lies girl im downhill dive habits hard heartbreaks hard break tell old lies liеs lies yeah baby try try try act like dont givе damn bet youre missin bad miss snowballs phone call soundin somethin stupid baby cause truth ninety proof tellin might also like lies lies lies look eyes eyes eyes im still fool nothin wouldnt lies lies lies girl im downhill dive habits hard heartbreaks hard break tell old lies lies lyin hell keep sayin get back thats honest sayin dont come sun wont hate mornin comes aint nothin lies lies lies look eyes eyes eyes im still fool nothin wouldnt lies lies lies girl im downhill dive habits hard heartbreaks hard break tell old lies lies lies lies lies lies,"{'neg': 0.164, 'neu': 0.479, 'pos': 0.357, 'compound': 0.9903}"
Chappell Roan,8860545,HOT TO GO!,https://genius.com/Chappell-roan-hot-to-go-lyrics,"51 ContributorsTranslationsTürkçeDeutschFrançaisCatalàEspañolPortuguêsItalianoРусскийHOT TO GO! Lyrics
Five, six
Five, six, seven, eight

I could be the one, or your new addiction
It's all in my head, but I want non-fiction
I don't want the world, but I'll take this city
Who can blame a girl? Call me hot, not pretty

Baby, do you like this beat?
I made it so you'd dance with me
It's like a hundred ninety-nine degrees
When you're doing it with me, doing it with me

H-O-T-T-O-G-O
Snap and clap and touch your toes
Raise your hands, now body roll
Dance it out, you're hot to go
H-O-T-T-O-G-O
Snap and clap and touch your toes
Raise your hands, now body roll
H-O-T-T-O-G-O
You might also like
H-O-T-T-O-G-O
You can take me hot to go
H-O-T-T-O-G-O
You can take me hot to go

Well, I woke up alone staring at my cеiling
I try not to care, but it hurts my feelings
You don't have to stare, comе here, get with it
No one's touched me there in a damn hot minute

And baby, don't you like this beat?
I made it so you'd sleep with me
It's like a hundred ninety-nine degrees
When you're doing it with me, doing it with me

H-O-T-T-O-G-O
Snap and clap and touch your toes
Raise your hands, now body roll
Dance it out, you're hot to go
H-O-T-T-O-G-O
Snap and clap and touch your toes
Raise your hands, now body roll
H-O-T-T-O-G-O
H-O-T-T-O-G-O
You can take me hot to go
H-O-T-T-O-G-O
You can take me hot to go

What's it take to get your number?
What's it take to bring you home?
Hurry up, it's time for supper
Order up, I'm hot to go
What's it take to get your number?
Hurry up, it's getting cold
Hurry up, it's time for supper
Order up, I'm hot to go

H-O-T-T-O-G-O
You can take me hot to go (Oh, yeah)
H-O-T-T-O-G-O
You can take me hot to go (Hot to go)
H-O-T-T-O-G-O
You can take me hot to go (Oh, yeah)
H-O-T-T-O-G-O
You can take me hot to go
Whew, it's hot in here
Is anyone else hot?
Woo, you coming home with me?
Okay, it's hot
I'll call the cab8Embed",five six five six seven eight could one new addiction head want nonfiction dont want world ill take city blame girl call hot pretty baby like beat made youd dance like hundred ninetynine degrees youre hottogo snap clap touch toes raise hands body roll dance youre hot go hottogo snap clap touch toes raise hands body roll hottogo might also like hottogo take hot go hottogo take hot go well woke alone staring cеiling try care hurts feelings dont stare comе get ones touched damn hot minute baby dont like beat made youd sleep like hundred ninetynine degrees youre hottogo snap clap touch toes raise hands body roll dance youre hot go hottogo snap clap touch toes raise hands body roll hottogo hottogo take hot go hottogo take hot go whats take get number whats take bring home hurry time supper order im hot go whats take get number hurry getting cold hurry time supper order im hot go hottogo take hot go oh yeah hottogo take hot go hot go hottogo take hot go oh yeah hottogo take hot go whew hot anyone else hot woo coming home okay hot ill call cab,"{'neg': 0.046, 'neu': 0.773, 'pos': 0.181, 'compound': 0.9721}"
Gracie Abrams,10259441,"I Love You, I’m Sorry",https://genius.com/Gracie-abrams-i-love-you-im-sorry-lyrics,"57 ContributorsTranslationsУкраїнськаItalianoPolskiPortuguêsFrançaisTürkçeDeutschРусскийEspañolI Love You, I’m Sorry Lyrics
Two Augusts ago
I told the truth, oh, but you didn't like it, you went home
You're in your Benz, I'm by the gate
Now you go alone
Charm all the people you train for, you mean well but aim low
And I'll make it known like I'm getting paid

That's just the way life goes
I like to slam doors closed
Trust me, I know it's always about me
I love you, I'm sorry

Two summers from now
We'll have been talking, but not all that often, we're cool now
I'll be on a boat, you're on a plane going somewhere, same
And I'll have a drink
Wistfully lean out my window and watch the sun set on the lake
I might not feel real, but it's okay, mm

'Cause that's just the way life goes
I push my luck, it shows
Thankful you don't send someone to kill me
I love you, I'm sorry
See Gracie Abrams LiveGet tickets as low as $68You might also like
You were the best but you were the worst
As sick as it sounds, I loved you first
I was a dick, it is what it is
A habit to kick, the age-old curse
I tend to laugh whenever I'm sad
I stare at the crash, it actually works
Making amends, this shit never ends
I'm wrong again, wrong again

The way life goes
Joyriding down our road
Lay on the horn to prove that it haunts me
(I'm wrong again, wrong again)
I love you, I'm sorry
The way life goes
(You were the best but you were the worst)
(As sick as it sounds, I loved you first)
I wanna speak in code
(I was a dick, it is what it is)
(A habit to kick, the age-old curse)
Hope that I don't, won't make it about me
(I tend to laugh whenever I'm sad)
(I stare at the crash, it actually works)
I love you, I'm sorry3Embed",two augusts ago told truth oh didnt like went home youre benz im gate go alone charm people train mean well aim low ill make known like im getting paid thats way life goes like slam doors closed trust know always love im sorry two summers well talking often cool ill boat youre plane going somewhere ill drink wistfully lean window watch sun set lake might feel real okay mm cause thats way life goes push luck shows thankful dont send someone kill love im sorry see gracie abrams liveget tickets low might also like best worst sick sounds loved first dick habit kick ageold curse tend laugh whenever im sad stare crash actually works making amends shit never ends im wrong wrong way life goes joyriding road lay horn prove haunts im wrong wrong love im sorry way life goes best worst sick sounds loved first wanna speak code dick habit kick ageold curse hope dont wont make tend laugh whenever im sad stare crash actually works love im sorry,"{'neg': 0.278, 'neu': 0.422, 'pos': 0.3, 'compound': 0.9172}"
Marshmello & Kane Brown,10344535,Miles On It,https://genius.com/Marshmello-and-kane-brown-miles-on-it-lyrics,"14 ContributorsMiles On It Lyrics
New truck, big lift
Old roads, we've been
Tearin' up since way back when
But these wheels are innocent
New hitch, new seats, no history
And you just can't fake that
So, let's change that

Girl, let's go put some miles on it
Back of the Chevy with the engine runnin'
Just you and me in a truck bed wide like a California King
We could break it in if you know what I mean
Put some miles on it
Back of the Chevy with the engine runnin'
Just you and me in a truck bed wide like a California King
Wе could break it in if you know what I mean
Put some milеs on it
We could break it in if you know what I mean

All night, no brakes
All tail, no gate
Ain't gotta try too hard
My baby's push to start
All torque, full speed
Off-road, on me
Zero to a hundred fast
My foot ain't touch the gas
I said, ""Hey, baby, slow it down, let's make it last""
You said, ""Where's the fun in that?""
You might also like
Yeah, let's go, put some miles on it
Back of the Chevy with the engine runnin'
Just you and me in a truck bed wide like a California King
We could break it in if you know what I mean
Put some miles on it
We could break it in if you know what I mean
Put some miles on it
We could break it in if you know what I mean

Mile after mile after mile after mile
Turn up the night like that radio dial
Shoulder to shoulder where nobody knows
Know where we're goin', we ain't goin' home

We're puttin' miles on it
Back of the Chevy with the engine runnin'
Just you and me in a truck bed wide like a California King
We could break it in if you know what I mean
Put some miles on it
Back of the Chevy with the engine runnin'
Just you and me in a truck bed wide like a California King
We could break it in if you know what I mean
Put some miles on it
We could break it in if you know what I mean
Put some miles on it
We could break it in if you know what I mean
Put some miles on itEmbed",new truck big lift old roads weve tearin since way back wheels innocent new hitch new seats history cant fake lets change girl lets go put miles back chevy engine runnin truck bed wide like california king could break know mean put miles back chevy engine runnin truck bed wide like california king wе could break know mean put milеs could break know mean night brakes tail gate aint gotta try hard babys push start torque full speed offroad zero hundred fast foot aint touch gas said hey baby slow lets make last said wheres fun might also like yeah lets go put miles back chevy engine runnin truck bed wide like california king could break know mean put miles could break know mean put miles could break know mean mile mile mile mile turn night like radio dial shoulder shoulder nobody knows know goin aint goin home puttin miles back chevy engine runnin truck bed wide like california king could break know mean put miles back chevy engine runnin truck bed wide like california king could break know mean put miles could break know mean put miles could break know mean put miles,"{'neg': 0.0, 'neu': 0.862, 'pos': 0.138, 'compound': 0.9757}"
Morgan Wallen,8779729,Cowgirls,https://genius.com/Morgan-wallen-cowgirls-lyrics,"12 ContributorsCowgirls Lyrics
She'll set the field on fire just cuttin' across a pasture
She'll have you fallin' for it all and then leave right after
And she got a cold heart but she got a warm smile
Cut from the same cloth, she kinda buck wild
Little bit angel, whole lotta outlaw
She's trouble but I'll tell you right now, y'all

Long live cowgirls
Never gonna settle on down girls
Leave you in a lonely ghost town world
Where the sun don't rise, rodeo for one night
Love you like a mustang
One hand on thеm giddy-up reins
Hole in your heart with somе good aim
On a goodbye ride but it's fine 'cause it's kinda my thing
Long live cowgirls
Yeah, long live cowgirls

I hate that I love the way them kisses taste like whiskey
How they wake up, take on off, and not even miss me
Leave this heart broken, holdin' that smokin' gun
I guess that's just the way them wild horses run
Let 'em run
You might also like
Long live cowgirls
Never gonna settle on down girls
Leave you in a lonely ghost town world
Where the sun don't rise, rodeo for one night
Love you like a mustang
One hand on them giddy-up reins
Hole in your heart with some good aim
On a goodbye ride but it's fine 'cause it's kinda my thing
Long live cowgirls
Yeah, long live cowgirls

Come on, cowgirls
Don't you wanna take me away?
Lay me on down, girl
With the wild kind of lovin' you make
For God's sake

Long live cowgirls
Never gonna settle on down girls
Leave you in a lonely ghost town world
Where the sun don't rise, rodeo for one night
Love you like a mustang
One hand on them giddy-up reins
Hole in your heart with some good aim
On a goodbye ride but it's fine 'cause it's kinda my thing
Long live cowgirls
Yeah, long live cowgirls
Long live cowgirls
Yeah, long live cowgirlsEmbed",shell set field fire cuttin across pasture shell fallin leave right got cold heart got warm smile cut cloth kinda buck wild little bit angel whole lotta outlaw shes trouble ill tell right yall long live cowgirls never gonna settle girls leave lonely ghost town world sun dont rise rodeo one night love like mustang one hand thеm giddyup reins hole heart somе good aim goodbye ride fine cause kinda thing long live cowgirls yeah long live cowgirls hate love way kisses taste like whiskey wake take even miss leave heart broken holdin smokin gun guess thats way wild horses run let em run might also like long live cowgirls never gonna settle girls leave lonely ghost town world sun dont rise rodeo one night love like mustang one hand giddyup reins hole heart good aim goodbye ride fine cause kinda thing long live cowgirls yeah long live cowgirls come cowgirls dont wanna take away lay girl wild kind lovin make gods sake long live cowgirls never gonna settle girls leave lonely ghost town world sun dont rise rodeo one night love like mustang one hand giddyup reins hole heart good aim goodbye ride fine cause kinda thing long live cowgirls yeah long live cowgirls long live cowgirls yeah long live cowgirls,"{'neg': 0.147, 'neu': 0.594, 'pos': 0.259, 'compound': 0.9879}"
GloRilla,10477952,TGIF,https://genius.com/Glorilla-tgif-lyrics,"36 ContributorsTGIF Lyrics
GloRilla
On the gang, gang
Huh, uh, uh, uh (Chaii's hard)
Ayy

It's 7 p.m. Friday (Yup)
It's ninety-five degrees (Woo)
I ain't got no nigga and no nigga ain't got me (Let's go)
I'm 'bout to show my ass (Baow)
These niggas love a freak (Uh)
How the fuck is that your man (Huh?)
If he right here with me? (The fuck? Ayy)

Turnt up with my niggas (Ayy)
Turnt up with my bitches (Ayy)
Turnt up at my shows, yeah
Cuzzo got that blicky (Ayy)
Sixty thousand fans came to see me do my dance (Huh)
Got a million and one haters, and they all can kiss my ass (Mwah)

Turnt up with my niggas (Ayy)
Turnt up with my bitches (Ayy)
Turnt up at my shows, yeah
Cuzzo right here with me (Ayy, cuh)
Off a fifth of Hen', yeah, gettin' fucked up with my twin
Got a Backwood full of 'Za and a bankroll full of bands
All that, all that Twitter typin', bitches see me and ain't do nothin' (Weak ass)
Crop top with some bikers shorts, I'm showin' off my moose knuckle (Woo)
I'm feelin' good today (Yeah)
I'm outsidе with your bae (Uh-huh)
Got a brown-skin nigga with dreads (Okay)
And a black-ass nigga with waves (Lеt's go, ayy)
He gon' drop that neck (Ayy)
He love the way I sex (Ayy)
Fake nails, bitches pressed (Ayy)
So high, I'm damn-near wrecked (Ayy)
I keep this pussy fresh (Ayy)
Yeezy shirt, I'm wet (Ayy)
Who want smoke? Say what? (Ayy)
Ho, get that off your chest (The fuck?)
You might also like
Turnt up with my niggas (Ayy)
Turnt up with my bitches (Ayy)
Turnt up at my shows, yeah
Cuzzo got that blicky (Ayy)
Sixty thousand fans came to see me do my dance (Huh)
Got a million and one haters, and they all can kiss my ass (Mwah)

It's 7 p.m. Friday (Yup)
It's ninety-five degrees (Woo)
I ain't got no nigga, and no nigga ain't got me (Let's go)
I'm 'bout to show my ass (Baow)
These niggas love a freak (Huh?)
How the fuck is that your man (Huh?)
If he right here with me? (Eww)

Friday night, hot as hell, and you know the hoes out (Where they at?)
Mani-pedi, fresh set, and I got my toes out (Pff)
I'm rockin' Off-White (Hey) on an off night (Uh-huh)
These bitches with me pretty (Yeah), and they all can fight, yeah (Ayy)
Fuck you mean? Forty inches, six-thirteen (Hey)
I'm lookin' fine as hell (Woah), I'm tryna be seen (Duh)
I'm finna wreck the scene (Huh), I'm off the 17' (Hey)
Turnt up with my nigga 'nem, watch me do my, ah, ah
Turnt up with my niggas (Ayy)
Turnt up with my bitches (Ayy)
Turnt up at my shows, yeah
Cuzzo got that blick (Ayy)
Sixty thousand fans came to see me do my dance (Huh)
Got a million and one haters, and they all can kiss my ass (Mwah)

It's 7 p.m. Friday (Yup)
It's ninety-five degrees (Woo)
I ain't got no nigga, and no nigga ain't got me (Let's go)
I'm 'bout to show my ass (Baow)
These niggas love a freak (Eww)
How the fuck is that your man (Huh?)
If he right here with me?

Ew, ew, ew, ew
Ew, ew3Embed",glorilla gang gang huh uh uh uh chaiis hard ayy pm friday yup ninetyfive degrees woo aint got nigga nigga aint got lets go im bout show ass baow niggas love freak uh fuck man huh right fuck ayy turnt niggas ayy turnt bitches ayy turnt shows yeah cuzzo got blicky ayy sixty thousand fans came see dance huh got million one haters kiss ass mwah turnt niggas ayy turnt bitches ayy turnt shows yeah cuzzo right ayy cuh fifth hen yeah gettin fucked twin got backwood full za bankroll full bands twitter typin bitches see aint nothin weak ass crop top bikers shorts im showin moose knuckle woo im feelin good today yeah im outsidе bae uhhuh got brownskin nigga dreads okay blackass nigga waves lеts go ayy gon drop neck ayy love way sex ayy fake nails bitches pressed ayy high im damnnear wrecked ayy keep pussy fresh ayy yeezy shirt im wet ayy want smoke say ayy ho get chest fuck might also like turnt niggas ayy turnt bitches ayy turnt shows yeah cuzzo got blicky ayy sixty thousand fans came see dance huh got million one haters kiss ass mwah pm friday yup ninetyfive degrees woo aint got nigga nigga aint got lets go im bout show ass baow niggas love freak huh fuck man huh right eww friday night hot hell know hoes manipedi fresh set got toes pff im rockin offwhite hey night uhhuh bitches pretty yeah fight yeah ayy fuck mean forty inches sixthirteen hey im lookin fine hell woah im tryna seen duh im finna wreck scene huh im hey turnt nigga nem watch ah ah turnt niggas ayy turnt bitches ayy turnt shows yeah cuzzo got blick ayy sixty thousand fans came see dance huh got million one haters kiss ass mwah pm friday yup ninetyfive degrees woo aint got nigga nigga aint got lets go im bout show ass baow niggas love freak eww fuck man huh right ew ew ew ew ew ew,"{'neg': 0.281, 'neu': 0.537, 'pos': 0.182, 'compound': -0.9948}"
Luke Combs,10373898,Ain’t No Love in Oklahoma,https://genius.com/Luke-combs-aint-no-love-in-oklahoma-lyrics,"22 ContributorsAin’t No Love in Oklahoma Lyrics
I keep chasing that same old devil
Down the same old dead-end highway
Riding that storm running through my veins
Like a shot down tailspun airplane
Scared of nothing and I'm scared to death
I can't breathe and I catch my breath
But I keep chasing that same old devil
Down the same old dead-end highway

Ain't no love in Oklahoma
Just the whistle of a long black train
You'll know when it's coming for ya
Riding in on the wind and rain

I got saved in the same Red River
The same Red River tryna drown me
It ain't knocking me down, I'm standing my ground
With the whole world falling all around me
I keep running, but I'm standing still
Pray for peace, but I need thе thrill
So I keep chasing that same old devil
Down the samе old dead-end highway
See Luke Combs LiveGet tickets as low as $57You might also like
Ain't no love in Oklahoma
Just the whistle of a long black train
You'll know when it's coming for ya
Riding in on the wind and rain

Ain't no love in Oklahoma
Just the whistle of a long black train
You'll know when it's coming for ya
Riding in on the wind and rain
Ain't no love in Oklahoma
Just the whistle of a long black train
You'll know when it's coming for ya
Riding in on the wind and rainEmbed",keep chasing old devil old deadend highway riding storm running veins like shot tailspun airplane scared nothing im scared death cant breathe catch breath keep chasing old devil old deadend highway aint love oklahoma whistle long black train youll know coming ya riding wind rain got saved red river red river tryna drown aint knocking im standing ground whole world falling around keep running im standing still pray peace need thе thrill keep chasing old devil samе old deadend highway see luke combs liveget tickets low might also like aint love oklahoma whistle long black train youll know coming ya riding wind rain aint love oklahoma whistle long black train youll know coming ya riding wind rain aint love oklahoma whistle long black train youll know coming ya riding wind rain,"{'neg': 0.233, 'neu': 0.655, 'pos': 0.112, 'compound': -0.9706}"
Zach Bryan,10302889,Pink Skies,https://genius.com/Zach-bryan-pink-skies-lyrics,"23 ContributorsTranslationsPolskiEspañolDeutschPink Skies Lyrics
The kids are in town for a funeral
So pack the car and dry your eyes
I know they got plenty of young blood left in 'em
And plenty nights under pink skies you taught 'em to enjoy

So clean the house, clear the drawers, mop the floors, stand tall
Like no one's ever been here before or at all
And don't you mention all the inches that are scraped on the doorframe
We all know you tiptoed up to 4'1"" back in '08

If you could see 'em now, you'd be proud
But you'd think they's yuppiеs
Your funeral was beautiful
I bet God hеard you comin'

The kids are in town for a funeral
And the grass all smells the same as the day you broke your arm swingin'
On that kid out on the river
You bailed him out, never said a thing about Jesus or the way he's livin'

If you could see 'em now, you'd be proud
But you'd think they's yuppies
Your funeral was beautiful
I bet God heard you comin'
See Zach Bryan LiveGet tickets as low as $111You might also like
(Strum it)

If you could see 'em now, you'd be proud
But you'd think they's yuppies
Your funeral was beautiful
I bet God heard you comin'

The kids are in town for a funeral
So pack the car and dry your eyes
I know they got plenty of young blood left in 'em
And plenty nights under pink skies you taught 'em to enjoy2Embed",kids town funeral pack car dry eyes know got plenty young blood left em plenty nights pink skies taught em enjoy clean house clear drawers mop floors stand tall like ones ever dont mention inches scraped doorframe know tiptoed back could see em youd proud youd think theys yuppiеs funeral beautiful bet god hеard comin kids town funeral grass smells day broke arm swingin kid river bailed never said thing jesus way hes livin could see em youd proud youd think theys yuppies funeral beautiful bet god heard comin see zach bryan liveget tickets low might also like strum could see em youd proud youd think theys yuppies funeral beautiful bet god heard comin kids town funeral pack car dry eyes know got plenty young blood left em plenty nights pink skies taught em enjoy,"{'neg': 0.113, 'neu': 0.637, 'pos': 0.25, 'compound': 0.9753}"
Dasha,9860744,Austin (Boots Stop Workin’),https://genius.com/Dasha-austin-boots-stop-workin-lyrics,"37 ContributorsTranslationsNorsk (bokmål / riksmål)EspañolDeutschAustin (Boots Stop Workin’) Lyrics
We had a plan, move out of this town, baby
West to the sand, it's all we talked about lately
I'd pack the car, bring your guitar and Jane for smokin'
First thing at dawn, you'd queue the songs and we'd get goin'
But you weren't home, waited on the porch for ya
Sat there alone, all throughout the morn' 'til I
Got a hunch down in my gut and snuck around the back
Empty cans and I'll be damned, your shit was never packed

Did your boots stop workin'? Did your truck break down? (Truck break down)
Did you burn through money? Did your ex find out? (Ex find out)
Where there's a will, then there's a way, and I'm damn sure you lost it
Didn't even say goodbye, just wish I knew what caused it
Was the whiskey flowin'? Were you in a fight? (In a fight)
Did the nerves come get you? What's your alibi? (Alibi)
I made my way back to LA, and that's where you'll be forgotten
In forty years, you'll still be here, drunk washed up in Austin

Hell of a bluff, you had me believin'
How many months did you plan on leavin'?
What happened? Bad habits?
Did you go back? Go batshit?
I loved you, how tragic, oh-oh
You might also like
Did your boots stop workin'? Did your truck break down? (Truck break down)
Did you burn through money? Did your ex find out? (Ex find out)
Where there's a will, then there's a way, and I'm damn sure you lost it
Didn't even say goodbye, just wish I knew what caused it
Was the whiskey flowin'? Were you in a fight? (In a fight)
Did the nerves come get you? What's your alibi? (Alibi)
I made my way back to LA, and that's where you'll be forgotten
In forty years, you'll still be here, drunk washed up in Austin

(Did your truck break down? Did your ex find out?)Embed",plan move town baby west sand talked lately id pack car bring guitar jane smokin first thing dawn youd queue songs wed get goin werent home waited porch ya sat alone throughout morn til got hunch gut snuck around back empty cans ill damned shit never packed boots stop workin truck break truck break burn money ex find ex find theres theres way im damn sure lost didnt even say goodbye wish knew caused whiskey flowin fight fight nerves come get whats alibi alibi made way back la thats youll forgotten forty years youll still drunk washed austin hell bluff believin many months plan leavin happened bad habits go back go batshit loved tragic ohoh might also like boots stop workin truck break truck break burn money ex find ex find theres theres way im damn sure lost didnt even say goodbye wish knew caused whiskey flowin fight fight nerves come get whats alibi alibi made way back la thats youll forgotten forty years youll still drunk washed austin truck break ex find,"{'neg': 0.254, 'neu': 0.653, 'pos': 0.092, 'compound': -0.9842}"
Sabrina Carpenter,10628617,Bed Chem,https://genius.com/Sabrina-carpenter-bed-chem-lyrics,"92 ContributorsTranslationsEspañolPortuguêsСрпскиTiếng ViệtPolskiFrançaisItalianoМакедонскиDeutsch日本語Ελληνικά中文CatalàTürkçeБеларускаяУкраїнськаРусскийBed Chem Lyrics
I was in a sheer dress the day that we met
We were both in a rush, we talked for a sec
Your friend hit me up so we could connect
And what are the odds? You send me a text
And now the next thing I know, I'm like
Manifest that you're oversized
I digress, got me scrollin' like
Out of breath, got me goin' like

Ooh (Ah)
Who's the cute boy with the white jacket and the thick accent? Like
Ooh (Ah)
Maybe it's all in my head

But I bеt we'd have really good bеd chem
How you pick me up, pull 'em down, turn me 'round
Oh, it just makes sense
How you talk so sweet when you're doin' bad things
That's bed (Bed) chem (Chem)
How you're lookin' at me, yeah, I know what that means
And I'm obsessed
Are you free next week?
I bet we'd have really good
See Sabrina Carpenter LiveGet tickets as low as $90You might also like
Come right on me, I mean camaraderie
Said you're not in my time zone, but you wanna be
Where art thou? Why not uponeth me?
See it in my mind, let's fulfill the prophecy

Ooh (Ah)
Who's the cute guy with the wide, blue eyes and the big bad mm? Like
Ooh (Ah)
I know I sound a bit redundant

But I bet we'd have really good bed chem
How you pick me up, pull 'em down, turn me 'round
Oh, it just makes sense (Oh, it just makes sense)
How you talk so sweet when you're doin' bad things (Bad)
That's bed chem (Oh, that's bed chem)
How you're lookin' at me, yeah, I know what that means
And I'm obsessed (So obsessed)
Are you free next week?
I bet we'd have really good (Bed chem)

And I bet we'd both arrive at the same time (Bed chem)
And I bet the thermostat's set at six-nine (Bed-bed ch-chem)
And I bet it's even better than in my head (My)
How you pick me up, pull 'em down, turn me 'round (Ooh)
Oh, it just makes sense (Oh, it just makes sense)
How you talk so sweet when you're doin' bad things
That's bed chem (Oh, that's bed chem)
How you're lookin' at me, yeah, I know what that means
And I'm obsessed (So obsessed)
Are you free next week? (Are you free next week?)
I bet we'd have really good

Ha (Make me go), ha
No-no-no
Ha (Make me go), ha
No-no-no, no, oh no, oh
Ha (Make me go), ha (Yeah, yeah)
No-no-no, oh
Ha (Make me go), ha
Ooh, oh, baby
(A little fade-out?)13Embed",sheer dress day met rush talked sec friend hit could connect odds send text next thing know im like manifest youre oversized digress got scrollin like breath got goin like ooh ah whos cute boy white jacket thick accent like ooh ah maybe head bеt wed really good bеd chem pick pull em turn round oh makes sense talk sweet youre doin bad things thats bed bed chem chem youre lookin yeah know means im obsessed free next week bet wed really good see sabrina carpenter liveget tickets low might also like come right mean camaraderie said youre time zone wanna art thou uponeth see mind lets fulfill prophecy ooh ah whos cute guy wide blue eyes big bad mm like ooh ah know sound bit redundant bet wed really good bed chem pick pull em turn round oh makes sense oh makes sense talk sweet youre doin bad things bad thats bed chem oh thats bed chem youre lookin yeah know means im obsessed obsessed free next week bet wed really good bed chem bet wed arrive time bed chem bet thermostats set sixnine bedbed chchem bet even better head pick pull em turn round ooh oh makes sense oh makes sense talk sweet youre doin bad things thats bed chem oh thats bed chem youre lookin yeah know means im obsessed obsessed free next week free next week bet wed really good ha make go ha nonono ha make go ha nonono oh oh ha make go ha yeah yeah nonono oh ha make go ha ooh oh baby little fadeout,"{'neg': 0.082, 'neu': 0.627, 'pos': 0.292, 'compound': 0.9967}"
Billie Eilish,10257627,WILDFLOWER,https://genius.com/Billie-eilish-wildflower-lyrics,"104 ContributorsTranslationsPortuguêsالعربيةHebrewEspañolTürkçeΕλληνικάDeutschItalianoPolskiFrançaisРусскийBahasa IndonesiaУкраїнськаNorsk (bokmål / riksmål)WILDFLOWER Lyrics
Things fall apart
And time breaks your heart
I wasn't there, but I know
She was your girl
You showed her the world
But fell out of love and you both let go

She was cryin’ on my shoulder
All I could do was hold her
Only made us closer until July
Now, I know that you love me
You don't need to remind me
I should put it all behind me, shouldn't I?

But I see her in the back of my mind
All the time
Like a fever, like I’m burning alive
Like a sign
Did I cross the line?
(Mm) Hmm

Well, good things don't last (Good things don't last)
And life moves so fast (Life moves so fast)
I'd never ask who was better (I'd never ask who was better)
'Cause she couldn't be (Couldn't)
More different from me (Different)
Happy and free in leather (Happy)
See Billie Eilish LiveGet tickets as low as $133You might also like
And I know that you love me (You love me)
You don’t need to remind me (Remind me)
Wanna put it all behind me, but baby

I see her in the back of my mind (Back of my mind)
All the time (All the time)
Feels like a fever (Like a fever), like I’m burning alive (Burning alive)
Like a sign
Did I cross the line?

You say no one knows you so well (Oh)
But every time you touch me, I just wonder how she felt
Valentine's Day, cryin’ in the hotel
I know you didn't mean to hurt me, so I kept it to myself
And I wonder
Do you see her in the back of your mind in my eyes?

You say no one knows you so well
But every time you touch me, I just wonder how she felt
Valentine's Day, cryin' in the hotel
I know you didn’t mean to hurt me, so I kept it to myself8Embed",things fall apart time breaks heart wasnt know girl showed world fell love let go cryin shoulder could hold made us closer july know love dont need remind put behind shouldnt see back mind time like fever like burning alive like sign cross line mm hmm well good things dont last good things dont last life moves fast life moves fast id never ask better id never ask better cause couldnt couldnt different different happy free leather happy see billie eilish liveget tickets low might also like know love love need remind remind wanna put behind baby see back mind back mind time time feels like fever like fever like burning alive burning alive like sign cross line say one knows well oh every time touch wonder felt valentines day cryin hotel know didnt mean hurt kept wonder see back mind eyes say one knows well every time touch wonder felt valentines day cryin hotel know mean hurt kept,"{'neg': 0.062, 'neu': 0.625, 'pos': 0.313, 'compound': 0.9938}"
Gigi Perez,10675672,Sailor Song,https://genius.com/Gigi-perez-sailor-song-lyrics,"54 ContributorsTranslationsPortuguêsEspañolDeutschSailor Song Lyrics
I saw her in the rightest way
Looking like Anne Hathaway
Laughing while she hit her pen and coughed, and coughed
And then she came up to my knees
Begging, ""Baby, would you please
Do the things you said you'd do to me, to me?""

Oh, won't you kiss me on the mouth and love me like a sailor?
And when you get a taste, can you tell me, what's my flavor?
I don't believe in God, but I believe that you're my savior
My mom says that she's worried, but I'm covered in this favor
And when we're getting dirty, I forget all that is wrong
I sleep so I can see you 'cause I hate to wait so long
I sleep so I can see you, and I hate to wait so long

She took my fingers to her mouth
The kind of thing that makes you proud
That nothing else had ever worked out, worked out
And lately, I tried other things
But nothing can capture the sting
Of the venom she's gonna spit out right now, oh

Oh, won't you kiss me on the mouth and love me like a sailor?
And when you get a taste, can you tell me, what's my flavor?
I don't believe in God, but I believe that you're my savior
I know that you've been worried, but you're dripping in my favor
And when we're getting dirty, I forget all that is wrong
I sleep so I can see you 'cause I hate to wait so long
I sleep so I can see you, and I hate to wait so long
You might also like
And we can run away to the walls inside your house
I can be the cat, baby, you can be the mouse
And we can laugh off things that we know nothing about
We can go forever until you wanna sit it out9Embed",saw rightest way looking like anne hathaway laughing hit pen coughed coughed came knees begging baby would please things said youd oh wont kiss mouth love like sailor get taste tell whats flavor dont believe god believe youre savior mom says shes worried im covered favor getting dirty forget wrong sleep see cause hate wait long sleep see hate wait long took fingers mouth kind thing makes proud nothing else ever worked worked lately tried things nothing capture sting venom shes gonna spit right oh oh wont kiss mouth love like sailor get taste tell whats flavor dont believe god believe youre savior know youve worried youre dripping favor getting dirty forget wrong sleep see cause hate wait long sleep see hate wait long might also like run away walls inside house cat baby mouse laugh things know nothing go forever wanna sit,"{'neg': 0.257, 'neu': 0.585, 'pos': 0.159, 'compound': -0.9519}"
Teddy Swims,9262522,The Door,https://genius.com/Teddy-swims-the-door-lyrics,"21 ContributorsTranslationsفارسیУкраїнськаThe Door Lyrics
I took a page out of your favorite book
You sold me lies just by the way you look
Taught me a language that I've never speak
Baby, that ain't for me, that, that ain't for me
I dug my grave watchin' the way you move
You took me higher than I ever flew, ooh
Too many times, gave you a second chance
Baby, I'm just a man, I'm, I'm just a man

No more thinkin' about you late night
No more runnin' around with your friends now
Done pickin' up pieces of my
Soul up off the floor, oh, oh

I said I would die for you, baby
But I can't take this pain no more
I thought I was willin'
But tonight I saved my life when I showed you the door
I don't wanna lose you, baby
But I can't play this gamе no more
I thought it would kill me
But tonight I saved my lifе when I showed you the door
See Teddy Swims LiveGet tickets as low as $48You might also like
You never thought this day would ever come
But I looked you in the eyes and pulled the rug
You tried to take away my sanity
Baby, that ain't for me, that, that ain't for me

Oh, no more thinkin' about you late night
No more runnin' around with your friends now
Done pickin' up pieces of my
Soul up out the floor, oh, oh

I said I would die for you, baby
But I can't take this pain no more
I thought I was willin'
But tonight I saved my life when I showed you the door
I don't wanna lose you, baby
But I can't take this game no more
I thought it would kill me
But tonight I saved my life when I showed you the door

When I showed you the door
When I showed you the door
But tonight I saved my life
I said I would die for you, baby
But I can't take this pain no more
I thought I was willin'
But tonight I saved my life when I showed you the door
I don't wanna lose you, baby (I don't wanna lose you, baby)
But I can't take this game no more (No more)
I thought it would kill me (I thought it would kill me)
But tonight I saved my life when I showed you the door

Mm-mm-mm
Woah, oh, ohEmbed",took page favorite book sold lies way look taught language ive never speak baby aint aint dug grave watchin way move took higher ever flew ooh many times gave second chance baby im man im im man thinkin late night runnin around friends done pickin pieces soul floor oh oh said would die baby cant take pain thought willin tonight saved life showed door dont wanna lose baby cant play gamе thought would kill tonight saved lifе showed door see teddy swims liveget tickets low might also like never thought day would ever come looked eyes pulled rug tried take away sanity baby aint aint oh thinkin late night runnin around friends done pickin pieces soul floor oh oh said would die baby cant take pain thought willin tonight saved life showed door dont wanna lose baby cant take game thought would kill tonight saved life showed door showed door showed door tonight saved life said would die baby cant take pain thought willin tonight saved life showed door dont wanna lose baby dont wanna lose baby cant take game thought would kill thought would kill tonight saved life showed door mmmmmm woah oh oh,"{'neg': 0.154, 'neu': 0.648, 'pos': 0.198, 'compound': 0.6281}"
Myles Smith,10352998,Stargazing,https://genius.com/Myles-smith-stargazing-lyrics,"20 ContributorsTranslationsDeutschEspañolNorsk (bokmål / riksmål)Stargazing Lyrics
Ooh-ooh, ooh-ooh, ooh-ooh

Time stood still just like a photograph
You made me feel like this would last forever
Lookin' in your eyes
I see my whole life

Oh, oh
They say you know it when you know it, and I know
Oh, oh
Promise that you'll hold me close, don't let me go (Hey)

Take my heart, don't break it
Love me to my bones
All this time I've wasted
You were right there all along
You and I stargazin'
Intertwinin' souls
We were never strangers
You were right therе all along

I lose my mind
When I'm around you, how I come alivе
When I'm without you, I can't help but feel so lost
I wanna give you all I've got
You might also like
Oh, oh
They say you know it when you know it, and I know
Oh, oh
Promise that you'll hold me close, don't let me go (Hey!)

Take my heart, don't break it
Love me to my bones
All this time I've wasted
You were right there all along
You and I stargazin'
Intertwinin' souls
We were never strangers
You were right there all along

Ooh-ooh, ooh-ooh, ooh-ooh
All along
Ooh-ooh, ooh-ooh, ooh-ooh

Take my heart, don't break it
Love me to my bones
All this time I've wasted
You were right there all alongEmbed",oohooh oohooh oohooh time stood still like photograph made feel like would last forever lookin eyes see whole life oh oh say know know know oh oh promise youll hold close dont let go hey take heart dont break love bones time ive wasted right along stargazin intertwinin souls never strangers right therе along lose mind im around come alivе im without cant help feel lost wanna give ive got might also like oh oh say know know know oh oh promise youll hold close dont let go hey take heart dont break love bones time ive wasted right along stargazin intertwinin souls never strangers right along oohooh oohooh oohooh along oohooh oohooh oohooh take heart dont break love bones time ive wasted right along,"{'neg': 0.15, 'neu': 0.743, 'pos': 0.107, 'compound': -0.8559}"
GloRilla & Sexyy Red,10883908,WHATCHU KNO ABOUT ME,https://genius.com/Glorilla-and-sexyy-red-whatchu-kno-about-me-lyrics,"21 ContributorsWHATCHU KNO ABOUT ME Lyrics
GloRilla
It's Glo the motherfuckin’ P, y'all know what the fuck goin' on (AceC, turn that heat up, nigga)
(Ugh, ugh, ugh, ugh) On gang, gang
(Ugh, ugh, ugh, ugh) On gang, gang

Bitch, I’m from Memphis, what you know about me?
Big G-L-O in that GLE (Ugh, ugh)
Fifty thousand, new Chanel shopping spree
And every time I pop it out, you know I A-T-E (Ayy, ayy)
I'm that bitch, ho, get like me
You know it's YWR, big CMG (Wipe me down)
Small niggas, tall niggas, long paper, no small figures
Fifty bitches, all pretty, and we all litty (On gang)

I'm wearin' booty shorts (Bow), 'cause my paper long (On God)
It's a Friday night (What's up?), my nigga ain’t at home (Let’s go)
I pour my bitches shots (Uh-huh), 'cause I don’t drink alone (Hell nah)
I'm outside again (Let's get it), 'cause bitch I hate at home (The fuck?)

It’s giving hair, face, ass, titties (Woo, aye, ugh, yeah)
Hair, face, ass, titties (Woo, aye, ugh, yeah)
It's giving hair, face, ass, titties (Woo, aye, ugh, yeah)
Hair, face, ass, titties (Woo, aye, ugh, yeah) (On God)
You might also like
S-S-E-X-Y-Y-R-E-D (Uh)
You play with me, I put a pole in your teeth (Grrr, bow)
I-I-I'm with my peoples, and we comin' fifty deep
Ye ain't know I was a hitta 'cause I'm always lookin' fleek (Yeah, yeah, ah, ah)
C-C-Cash out new ball, AMG
Outside bubble gum with some bloody red seat (Skrrt, skrrt, skrrt, skrrt, skrrt, skrrt), vroom
I-I like ratchet bitches twerkin' to the beat (Ah, uh, yeah)
If you hear this song playin', shake that ass for Glo and me (Bow, bow, bow, bow)

I'm wearin' booty shorts (Bow), 'cause my paper long (On God)
It's a Friday night (What's up?), my nigga ain't at home (Let's go)
I pour my bitches shots (Uh-huh), 'cause I don't drink alone (Hell nah)
I'm outside again (Let's get it), 'cause bitch I hate at home (The fuck?)

It's giving hair, face, ass, titties (Woo, aye, ugh, yeah)
Hair, face, ass, titties (Woo, aye, ugh, yeah)
It's giving hair, face, ass, titties (Woo, aye, ugh, yeah)
Hair, face, ass, titties (Woo, aye, ugh, yeah)

Coochie drive 'em crazy, CDC
He a dog for the pussy, and you know I got the treat
Private entry through the club, fuck a fee
Bitch play with gang tonight, her face going on a tee (Buh, buh)
Bad bitch, you know I'm thick as Coachella
You won't never catch me slippin', I ain't no fuckin' Cinderella (Stupid bitch)
Glo the P, and the P stand for poppin'
Neck on faucet, do my dance on them bitches since they watchin' (On the gang)
I'm wearin' booty shorts (Bow), 'cause my paper long (On God)
It's a Friday night (What's up?), my nigga ain't at home (Let's go)
I pour my bitches shots (Uh-huh), 'cause I don't drink alone (Hell nah)
I'm outside again (Let's get it), 'cause bitch I hate at home (The fuck?)

It's giving hair, face, ass, titties (Woo, aye, ugh, yeah)
Hair, face, ass, titties (Woo, aye, ugh, yeah)
It's giving hair, face, ass, titties (Woo, aye, ugh, yeah)
Hair, face, ass, titties (Woo, aye, ugh, yeah)2Embed",glorilla glo motherfuckin p yall know fuck goin acec turn heat nigga ugh ugh ugh ugh gang gang ugh ugh ugh ugh gang gang bitch memphis know big glo gle ugh ugh fifty thousand new chanel shopping spree every time pop know ate ayy ayy im bitch ho get like know ywr big cmg wipe small niggas tall niggas long paper small figures fifty bitches pretty litty gang im wearin booty shorts bow cause paper long god friday night whats nigga home let go pour bitches shots uhhuh cause drink alone hell nah im outside lets get cause bitch hate home fuck giving hair face ass titties woo aye ugh yeah hair face ass titties woo aye ugh yeah giving hair face ass titties woo aye ugh yeah hair face ass titties woo aye ugh yeah god might also like ssexyyred uh play put pole teeth grrr bow iiim peoples comin fifty deep ye aint know hitta cause im always lookin fleek yeah yeah ah ah cccash new ball amg outside bubble gum bloody red seat skrrt skrrt skrrt skrrt skrrt skrrt vroom ii like ratchet bitches twerkin beat ah uh yeah hear song playin shake ass glo bow bow bow bow im wearin booty shorts bow cause paper long god friday night whats nigga aint home lets go pour bitches shots uhhuh cause dont drink alone hell nah im outside lets get cause bitch hate home fuck giving hair face ass titties woo aye ugh yeah hair face ass titties woo aye ugh yeah giving hair face ass titties woo aye ugh yeah hair face ass titties woo aye ugh yeah coochie drive em crazy cdc dog pussy know got treat private entry club fuck fee bitch play gang tonight face going tee buh buh bad bitch know im thick coachella wont never catch slippin aint fuckin cinderella stupid bitch glo p p stand poppin neck faucet dance bitches since watchin gang im wearin booty shorts bow cause paper long god friday night whats nigga aint home lets go pour bitches shots uhhuh cause dont drink alone hell nah im outside lets get cause bitch hate home fuck giving hair face ass titties woo aye ugh yeah hair face ass titties woo aye ugh yeah giving hair face ass titties woo aye ugh yeah hair face ass titties woo aye ugh yeah,"{'neg': 0.374, 'neu': 0.441, 'pos': 0.185, 'compound': -0.999}"
Jimin (지민),10550528,Who,https://genius.com/Jimin-who-lyrics,"36 ContributorsTranslationsالعربيةРусскийDeutschItalianoTürkçeУкраїнськаEspañolWho Lyrics
We never met, but she's all I see at night
Never met, but she's always on my mind
Wanna give her the world and so much more
Who is my heart waiting for?

If every day I think about her
Yeah, every day of my life
Then tell me why I haven't found her
(Why, why, why, why, why?)

There's so many people to see (There's so many people to see)
And places to go (There's so many places to go)
I still haven't found your love

We nevеr met, but she's all I see at night
Nevеr met, but she's always on my mind
Wanna give her the world and so much more
Who is my heart waiting for?

I'll take her places they ain't found yet
I'll put it all on the line
I'll be that someone she can count on
One, two, three, four, five
You might also like
There's so many people to see (There's so many people to see)
And places to go (There's so many places to go)
I still haven't found your love

We never met, but she's all I see at night
Never met, but she's always on my mind
Wanna give her the world and so much more
Who is my heart waiting for?
Is she someone that I see every day?
Is she somewhere a thousand miles away?
Wanna give her the world and so much more
Who is my heart waiting for?

(Who is my heart) Heart waiting for?
(Who is my heart) Heart waiting for?
(Who is my heart) Heart waiting for?
(Who is my—) Who is my heart waiting for?

We never met, but she's all I see at night
Never met, but she's always on my mind
Wanna give her the world and so much more
Who is my heart waiting for?
Is she someone that I see every day?
Is she somewhere a thousand miles away?
Wanna give her the world and so much more
Who is my heart waiting for?Embed",never met shes see night never met shes always mind wanna give world much heart waiting every day think yeah every day life tell havent found theres many people see theres many people see places go theres many places go still havent found love nevеr met shes see night nevеr met shes always mind wanna give world much heart waiting ill take places aint found yet ill put line ill someone count one two three four five might also like theres many people see theres many people see places go theres many places go still havent found love never met shes see night never met shes always mind wanna give world much heart waiting someone see every day somewhere thousand miles away wanna give world much heart waiting heart heart waiting heart heart waiting heart heart waiting heart waiting never met shes see night never met shes always mind wanna give world much heart waiting someone see every day somewhere thousand miles away wanna give world much heart waiting,"{'neg': 0.083, 'neu': 0.891, 'pos': 0.026, 'compound': -0.8869}"
Ella Langley & Riley Green,10534748,​you look like you love me,https://genius.com/Ella-langley-and-riley-green-you-look-like-you-love-me-lyrics,"8 ContributorsTranslationsDeutsch​you look like you love me Lyrics
I was all but twenty-two, I think at the time
I'd been out on the road lonely at night
And it'd been a while, huh, so it was on my mind
Well, I saw him walk in with his cowboy hat
And I thought to myself, ""I could use some of that""
His boots like glass on a sawdust floor, huh
Had moves like nothin' I'd ever seen before
So I walked right up, and I pulled him to the side
I handed that man a beer and looked him in the eyes
And I said, ""Baby, I think you're gonna wanna hear this""
Then I told him

""Excuse me
You look like you love me
You look like you want me to want you to come on home
And, baby, I don't blame you
For lookin' me up and down across this room
I'm drunk and I'm ready to leavе
And you look like you love me""

Wеll, I was down at a local beer joint with a few of the guys
When this cute little country girl caught my eye
And, boy, let me tell you
She was the prettiest thing I'd ever seen in a pair of boots
Well, she walked right up to me, handed me a beer
Gave me a look like, ""Let's get outta here""
And that's when I realized that she was every cowboy's dream come true
She told me this right here
She said
You might also like
""Excuse me
You look like you love me
You look like you want me to want you to come on home
And, baby, I don't blame you
For lookin' me up and down across this room
I'm drunk and I'm ready to leave
And you look like you love me""
Alright, now


So if you ever see a man in a cowboy hat
And you think to yourself, ""I could use some of that""
Don't waste your time
Just give him this here line
Goes a little like this

""Excuse me
You look like you love me
You look like you want me to want you to come on home
And, baby, I don't blame you
For lookin' me up and down across this room
I'm drunk and I'm ready to leave
And you look like you love me
I'm drunk and I'm ready to leave
And you look like you love me""Embed",twentytwo think time id road lonely night itd huh mind well saw walk cowboy hat thought could use boots like glass sawdust floor huh moves like nothin id ever seen walked right pulled side handed man beer looked eyes said baby think youre gonna wanna hear told excuse look like love look like want want come home baby dont blame lookin across room im drunk im ready leavе look like love wеll local beer joint guys cute little country girl caught eye boy let tell prettiest thing id ever seen pair boots well walked right handed beer gave look like lets get outta thats realized every cowboys dream come true told right said might also like excuse look like love look like want want come home baby dont blame lookin across room im drunk im ready leave look like love alright ever see man cowboy hat think could use dont waste time give line goes little like excuse look like love look like want want come home baby dont blame lookin across room im drunk im ready leave look like love im drunk im ready leave look like love,"{'neg': 0.059, 'neu': 0.509, 'pos': 0.432, 'compound': 0.998}"
Jordan Adetunji,10427521,KEHLANI,https://genius.com/Jordan-adetunji-kehlani-lyrics,"31 ContributorsTranslationsDeutschKEHLANI Lyrics
(Wock)
You got, you, you got potential
You got, you, you got potential

I like the way your body is (I do), is that too obvious?
Okay, I like your confidence (I do), oh, that's what good karma is, okay
Like-like Kehlani is (Uh-huh), bad just like Kehlani is, okay (Uh-huh)
Here where the party is (Uh-huh), right here where the party is
You 'bout to, you 'bout to start a whole fire, uh (Fire)
Now I'm on fire, uh, I need some water, need Tyla, uh
I need Romani, Rebecca, Serena, Selena, let's start a whole choir, uh
I like the way that you get your own bag, you don't need no one help you inspire, huh

But I'ma add to you, I'ma givе you some bands, I'ma add to you (To you)
Been on the avenuе and I ain't never seen no one bad as you (Nobody bad)
Baby, I'm savage too, they can't disrespect you, I'll gladly shoot (Uh-huh)
I don't play about mine, I don't care, I'm addicted to you and it's clear

I like the way your body is (I do), is that too obvious?
Okay, I like your confidence (I do), oh, that's what good karma is, okay
Like-like Kehlani is (Uh-huh), bad just like Kehlani is, okay (Uh-huh)
Here where the party is (Uh-huh), right here where the party is
You 'bout to, you 'bout to start a whole fire, uh (Fire)
Now I'm on fire, uh (Uh-huh), I need some water, need Tyla, uh (Uh-huh)
I need Romani, Rebecca, Serena, Selena, let's start a whole choir, uh
I like the way that you get your own bag, you don't need no one help you inspire, huh
You might also like
Baby, let's make a movie (Let's make a movie)
Come and seduce me (Uh-huh)
Know that I'm choosy (Uh)
I need to you to back it up
Make it clap, that ain't fast enough
You know I'm man enough
And I don't play about it
You know that I'm 'bout it

I like the way your body is (I do), is that too obvious?
Okay, I like your confidence (I do), oh, that's what good karma is, okay
Like-like Kehlani is (Uh-huh), bad just like Kehlani is, okay (Uh-huh)
Here where the party is (Uh-huh), right here where the party is
You 'bout to, you 'bout to start a whole fire, uh (Fire)
Now I'm on fire, uh, I need some water, need Tyla, uh
I need Romani, Rebecca, Serena, Selena, let's start a whole choir, uh
I like the way that you get your own bag, you don't need no one help you inspire, huh

You got, you—
You got, you—Embed",wock got got potential got got potential like way body obvious okay like confidence oh thats good karma okay likelike kehlani uhhuh bad like kehlani okay uhhuh party uhhuh right party bout bout start whole fire uh fire im fire uh need water need tyla uh need romani rebecca serena selena lets start whole choir uh like way get bag dont need one help inspire huh ima add ima givе bands ima add avenuе aint never seen one bad nobody bad baby im savage cant disrespect ill gladly shoot uhhuh dont play mine dont care im addicted clear like way body obvious okay like confidence oh thats good karma okay likelike kehlani uhhuh bad like kehlani okay uhhuh party uhhuh right party bout bout start whole fire uh fire im fire uh uhhuh need water need tyla uh uhhuh need romani rebecca serena selena lets start whole choir uh like way get bag dont need one help inspire huh might also like baby lets make movie lets make movie come seduce uhhuh know im choosy uh need back make clap aint fast enough know im man enough dont play know im bout like way body obvious okay like confidence oh thats good karma okay likelike kehlani uhhuh bad like kehlani okay uhhuh party uhhuh right party bout bout start whole fire uh fire im fire uh need water need tyla uh need romani rebecca serena selena lets start whole choir uh like way get bag dont need one help inspire huh got got,"{'neg': 0.17, 'neu': 0.539, 'pos': 0.291, 'compound': 0.9889}"
Rod Wave,10972421,Last Lap,https://genius.com/Rod-wave-last-lap-lyrics,"22 ContributorsLast Lap Lyrics
They said prayer was a master key
If I pray then God would answer me, oh (Trillo Beats, you did it again)
He really did
He showed me His care
Oh, His care, yeah
Keep going, keep going
Look

And it's hard, I know, they want me to move on
But I ain't ready to let go, my nigga
I ain't ready to let go, my nigga

What's happening Unc'? I know you looking down smiling at me
I pray that you found some peace and you're finally happy
But I can't sleep, dawg, I cry every fucking night
This'll probably the hardest chapter of my fucking life
Remember how we used to ride plotting on a plan
Me and my nigga had a bond thе world wouldn't understand
God help a nigga understand this crazy lifе of mine
So many funerals, court dates, suites and ties
I get to thinking 'bout my nigga and can't help but cry
Tell me how you leave me, nigga, without saying bye
Remember how we used to ride, dog, to you and me
We beat that road, we should've been sponsored by GMC
Deep in my heart, I don't think I could live this life without you
Interstates and streetlights make me think about you
Cleaner clothes and sprinter vans make me shed a tear
It made me cry just like a baby, dog, it been some years
""Gotta keep going"" in my brain, but in my heart, I'm feeling pain
Beefing with depression, wish I had someone to blame
I follow your every move, go on and lead the way
If it weren't for Fat and Pain, nigga, I'd follow you to the grave
See Rod Wave LiveGet tickets as low as $80You might also like
And I every step I take (Step I take)
I can hear you say (Hear you say)
Keep going, keep going (Keep going)
Keep going, keep going (Keep going)
And it's hard, I know, they want me to move on
But I ain't ready to let go, my nigga
I ain't ready to let go, my nigga
Look

And I been through so many things but this shit the hardest
Tell me why I'm feeling pain, always brokenhearted
Yeah, them niggas did they thing, but you the sharpest
In my eyes, you remain the motherfucking largest
Tell me how was seeing Deyjah and your son Tazarus
Tell me do they let us gangsters in the heaven parties
Tell my nigga Fat Feezy that I'm fucked up 'bout him
And tell my nigga Brock I'm sorry that I left without him
And they ask if I'm okay, I just lie about it
To myself I cry about it then get high about it
Them niggas knew how you was feeling and they let me know
You could've told me anything, I wouldn't tell a soul
Tell me why Simmons signed, I can't stop from crying
Tell me that you ain't alright and I wouldn't leave your side
Nigga, we undefeated, why you leave like this?
We did the impossible, it ain't shit you can't fix
Nigga, it's impossible for me to see you like that
Tell me how do I move forward without you watching my back
And tell me how do I move on now that you gone, I can't
This the last lap of the turtle race
And I every step I take (Step I take) (And every step I take)
I can hear you say (Hear you say) (I hear you say)
Keep going, keep going (Keep going, keep going)
Keep going, keep going (Keep going)
And it's hard, I know, they want me to move on
But I ain't ready to let go, my nigga
I ain't ready to let go, my nigga
And I every step I take (Step I take)
I can hear you say (Hear you say)
Keep going, keep going
Don't stop going
And it's hard, I know, they want me to move on
I ain't ready to let go, my nigga
I ain't ready to let go, my nigga
But I ain't ready to let go, my nigga
I ain't ready to let go, my nigga
But I ain't ready to let go, my nigga
I ain't ready to let go, my nigga
But I ain't ready to let go, my nigga
I ain't ready to let go, my nigga
But I ain't ready to let go, my nigga
I ain't ready to let go, my nigga
I ain't ready, I ain't ready, I ain't ready
I ain't ready to let go, my nigga
I ain't ready to let go, my nigga
Keep going, my nigga, keep going1Embed",said prayer master key pray god would answer oh trillo beats really showed care oh care yeah keep going keep going look hard know want move aint ready let go nigga aint ready let go nigga whats happening unc know looking smiling pray found peace youre finally happy cant sleep dawg cry every fucking night thisll probably hardest chapter fucking life remember used ride plotting plan nigga bond thе world wouldnt understand god help nigga understand crazy lifе mine many funerals court dates suites ties get thinking bout nigga cant help cry tell leave nigga without saying bye remember used ride dog beat road shouldve sponsored gmc deep heart dont think could live life without interstates streetlights make think cleaner clothes sprinter vans make shed tear made cry like baby dog years gotta keep going brain heart im feeling pain beefing depression wish someone blame follow every move go lead way werent fat pain nigga id follow grave see rod wave liveget tickets low might also like every step take step take hear say hear say keep going keep going keep going keep going keep going keep going hard know want move aint ready let go nigga aint ready let go nigga look many things shit hardest tell im feeling pain always brokenhearted yeah niggas thing sharpest eyes remain motherfucking largest tell seeing deyjah son tazarus tell let us gangsters heaven parties tell nigga fat feezy im fucked bout tell nigga brock im sorry left without ask im okay lie cry get high niggas knew feeling let know couldve told anything wouldnt tell soul tell simmons signed cant stop crying tell aint alright wouldnt leave side nigga undefeated leave like impossible aint shit cant fix nigga impossible see like tell move forward without watching back tell move gone cant last lap turtle race every step take step take every step take hear say hear say hear say keep going keep going keep going keep going keep going keep going keep going hard know want move aint ready let go nigga aint ready let go nigga every step take step take hear say hear say keep going keep going dont stop going hard know want move aint ready let go nigga aint ready let go nigga aint ready let go nigga aint ready let go nigga aint ready let go nigga aint ready let go nigga aint ready let go nigga aint ready let go nigga aint ready let go nigga aint ready let go nigga aint ready aint ready aint ready aint ready let go nigga aint ready let go nigga keep going nigga keep going,"{'neg': 0.201, 'neu': 0.657, 'pos': 0.142, 'compound': -0.9739}"
Charli xcx & Ariana Grande,10808312,Sympathy is a knife featuring ariana grande,https://genius.com/Charli-xcx-and-ariana-grande-sympathy-is-a-knife-featuring-ariana-grande-lyrics,"65 ContributorsTranslationsEspañolDeutschHebrewTürkçeCymraegPortuguêsPolskiSympathy is a knife featuring ariana grande Lyrics
I-i-i-i-it's a knife when you know they're waitin' for you to choke
It's a knife when a journalist does a misquote
It's a knife when a friend is suddenly steppin' on your throat
It's a kn— when they say that you've been doing things you don't-don't
It's a knife when your old friends hate your new friends
When somebody says, ""Charli, I think you've totally changed""
It's a knife when somebody says they like the old me and not the new me
And I'm like, ""Who the fuck is she?""

'Cause it's a knife whеn you're finally on top
'Cause logically the nеxt step is they wanna see you fall to the bottom
It's a knife when you're finally on top (On top)
'Cause logically the next step is they wanna see you fall-fall-fall

I-i-i-i-it's a knife when
It's a knife when, it's a knife when (When, when)
All this sympathy is just a knife when (When)
It's a knife when, it's a knife when (When, when)
All this sympathy is just a—

It's a knife when you know they're counting on your mistakes
It's a knife when you're so pretty, they think it must be fake (Mm)
It's a knife when they dissect your body on the front page (Mm, ooh)
It's a knife when they won't believe you, why should you explain? (Yeah)
It's a knife when the mean fans hate the nice fans
When somebody says, ""Ari, I think you've totally changed"" (No shit)
(It's a knife) When somebody says they like the old me and not the new me
And I'm like, ""Who the fuck is she?""
You might also like
'Cause it's a knife when you're finally on top (On top)
'Cause logically the next step is they wanna see you fall to the bottom
It's a knife when you're finally on top (On top, ooh)
'Cause logically the next step is they wanna see you fall-fall-fall

I-i-i-i-it's a knife when (It's a knife when)
It's a knife when (It's a knife when)
It's a knife when (When, when)
All this sympathy is just a knife when (It's a knife when)
It's a knife when (It's a knife when)
It's a knife when (Ah)
All this sympathy is just a kn—

(All this sympathy is just a knife)
All this expectation is a knife
(All this sympathy is just a knife)
All the things I've said are just a knife
(All this sympathy is just a knife)
All this expectation is a knife (Mm)
(All this sympathy is just a knife)
Yeah (Mm)
(All this sympathy is just a knife)
All this expectation is a knife (Mm, yeah, mm)
(All this sympathy is just a knife)
All the things I've said are just a knife (Mm, yeah, mm)
(All this sympathy is just a knife)
All this expectation is a knife-knife-knife-knife-knife (Mm, yeah, mm)5Embed",iiiiits knife know theyre waitin choke knife journalist misquote knife friend suddenly steppin throat kn say youve things dontdont knife old friends hate new friends somebody says charli think youve totally changed knife somebody says like old new im like fuck cause knife whеn youre finally top cause logically nеxt step wanna see fall bottom knife youre finally top top cause logically next step wanna see fallfallfall iiiiits knife knife knife sympathy knife knife knife sympathy knife know theyre counting mistakes knife youre pretty think must fake mm knife dissect body front page mm ooh knife wont believe explain yeah knife mean fans hate nice fans somebody says ari think youve totally changed shit knife somebody says like old new im like fuck might also like cause knife youre finally top top cause logically next step wanna see fall bottom knife youre finally top top ooh cause logically next step wanna see fallfallfall iiiiits knife knife knife knife knife sympathy knife knife knife knife knife ah sympathy kn sympathy knife expectation knife sympathy knife things ive said knife sympathy knife expectation knife mm sympathy knife yeah mm sympathy knife expectation knife mm yeah mm sympathy knife things ive said knife mm yeah mm sympathy knife expectation knifeknifeknifeknifeknife mm yeah mm,"{'neg': 0.134, 'neu': 0.617, 'pos': 0.248, 'compound': 0.9725}"
Taylor Swift,10024512,I Can Do It With a Broken Heart,https://genius.com/Taylor-swift-i-can-do-it-with-a-broken-heart-lyrics,"173 ContributorsTranslationsTürkçePortuguêsEspañolالعربيةفارسیСрпскиFrançaisItalianoPolskiDeutschHebrewไทย / Phasa ThaiChinese TraditionalNorsk (bokmål / riksmål)SlovenščinaCatalàБеларускаяУкраїнськаI Can Do It With a Broken Heart Lyrics
I can read your mind
""She's having the time of her life""
There in her glittering prime
The lights refract sequin stars off her silhouette every night
I can show you lies
(One, two, three, four)

'Cause I'm a real tough kid
I can handle my shit
They said, ""Babe, you gotta fake it 'til you make it"" and I did
Lights, camera, bitch, smile
Even when you wanna die
He said he'd love me all his life
But that life was too short
Breaking down, I hit the floor
All the piеces of me shatterеd as the crowd was chanting, ""More""
I was grinnin' like I'm winnin'
I was hittin' my marks
'Cause I can do it with a broken heart
(One, two, three, four)
I'm so depressed, I act like it's my birthday every day
I'm so obsessed with him, but he avoids me like the plague
I cry a lot, but I am so productive, it's an art
You know you're good when you can even do it with a broken heart
See Taylor Swift LiveGet tickets as low as $1,200You might also like
I can hold my breath
I've been doin' it since he left
I keep finding his things in drawers
Crucial evidence I didn't imagine the whole thing
I'm sure I can pass this test
(One, two, three, four)

'Cause I'm a real tough kid
I can handle my shit
They said, ""Babe, you gotta fake it 'til you make it"" and I did
Lights, camera, bitch, smile
In stilettos for miles
He said he'd love me for all time
But that time was quite short
Breaking down, I hit the floor
All the pieces of me shattered as the crowd was chanting, ""More""
I was grinnin' like I'm winnin'
I was hittin' my marks
'Cause I can do it with a broken heart
(One, two, three, four)

I'm so depressed, I act like it's my birthday every day
I'm so obsessed with him, but he avoids me (He avoids me), like the plague
I cry a lot, but I am so productive, it's an art
You know you're good when you can even do it with a broken heart
You know you're good when you can even do it with a broken heart
You know you're good
And I'm good
'Cause I'm miserable (Haha)
And nobody even knows
Ah, try and come for my job13Embed",read mind shes time life glittering prime lights refract sequin stars silhouette every night show lies one two three four cause im real tough kid handle shit said babe gotta fake til make lights camera bitch smile even wanna die said hed love life life short breaking hit floor piеces shatterеd crowd chanting grinnin like im winnin hittin marks cause broken heart one two three four im depressed act like birthday every day im obsessed avoids like plague cry lot productive art know youre good even broken heart see taylor swift liveget tickets low might also like hold breath ive doin since left keep finding things drawers crucial evidence didnt imagine whole thing im sure pass test one two three four cause im real tough kid handle shit said babe gotta fake til make lights camera bitch smile stilettos miles said hed love time time quite short breaking hit floor pieces shattered crowd chanting grinnin like im winnin hittin marks cause broken heart one two three four im depressed act like birthday every day im obsessed avoids avoids like plague cry lot productive art know youre good even broken heart know youre good even broken heart know youre good im good cause im miserable haha nobody even knows ah try come job,"{'neg': 0.258, 'neu': 0.564, 'pos': 0.178, 'compound': -0.9698}"
SZA,8734418,Saturn,https://genius.com/Sza-saturn-lyrics,"103 ContributorsTranslationsDeutschFrançais한국어Tagalog / ᜆᜄᜎᜓᜄ᜔PortuguêsEspañolBahasa IndonesiaSaturn Lyrics
If there's another universe
Please make some noise (Noise)
Give me a sign (Sign)
This can't be life
If there's a point to losing love
Repeating pain (Why?)
It's all the same (Same)
I hate this place
Stuck in this paradigm
Don't believe in paradise
This must be what Hell is like
There's got to be more, got to be more
Sick of this head of mine
Intrusive thoughts, they paralyzе
Nirvana's not as advertised
Therе's got to be more, been here before

Ooh (Ooh, ooh)
Life's better on Saturn
Got to break this pattern
Of floating away
Ooh (Ooh, ooh)
Find something worth saving
It's all for the taking
I always say
See SZA LiveGet tickets as low as $116You might also like
I'll be better on Saturn
None of this matters
Dreaming of Saturn, oh

If karma's really real
How am I still here?
Just seems so unfair
I could be wrong though
If there's a point to being good
Then where's my reward?
The good die young and poor
I gave it all I could

Stuck in this terradome (Ooh)
All I see is terrible (Ooh)
Making us hysterical (Ooh)
There's got to be more, got to be more
Sick of this head of mine (Ooh)
Intrusive thoughts, they paralyze (Ooh)
Nirvana's not as advertised (Ooh)
There's got to be more, been here before

Ooh (Ooh, ooh)
Life's better on Saturn
Got to break this pattern
Of floating away
Ooh (Ooh, ooh)
Find something worth saving
It's all for the taking
I always say
I'll be better on Saturn
None of this matters
Dreaming of Saturn, oh

(Ooh, ooh, ooh)
(Ooh, ooh, ooh)10Embed",theres another universe please make noise noise give sign sign cant life theres point losing love repeating pain hate place stuck paradigm dont believe paradise must hell like theres got got sick head mine intrusive thoughts paralyzе nirvanas advertised therеs got ooh ooh ooh lifes better saturn got break pattern floating away ooh ooh ooh find something worth saving taking always say see sza liveget tickets low might also like ill better saturn none matters dreaming saturn oh karmas really real still seems unfair could wrong though theres point good wheres reward good die young poor gave could stuck terradome ooh see terrible ooh making us hysterical ooh theres got got sick head mine ooh intrusive thoughts paralyze ooh nirvanas advertised ooh theres got ooh ooh ooh lifes better saturn got break pattern floating away ooh ooh ooh find something worth saving taking always say ill better saturn none matters dreaming saturn oh ooh ooh ooh ooh ooh ooh,"{'neg': 0.254, 'neu': 0.578, 'pos': 0.167, 'compound': -0.9518}"
Chappell Roan,5455913,Pink Pony Club,https://genius.com/Chappell-roan-pink-pony-club-lyrics,"64 ContributorsTranslationsEspañolDeutschCatalàItalianoPortuguêsPink Pony Club Lyrics
I know you wanted me to stay
But I can't ignore the crazy visions of me in LA
And I heard that there's a special place
Where boys and girls can all be queens every single day

I'm having wicked dreams
Of leaving Tennessee
Hear Santa Monica
I swear it's calling me
Won't make my mama proud
It's gonna cause a scene
She sees her baby girl
I know she's gonna scream

God, what have you done?
You're a pink pony girl
And you dance at the club
Oh mama, I'm just having fun
On the stage in my heels
It's where I belong down at the
Pink Pony Club
I'm gonna keep on dancing at the
Pink Pony Club
I'm gonna keep on dancing down in
West Hollywood
I'm gonna keep on dancing at the
Pink Pony Club, Pink Pony Club
You might also like
I'm up and jaws are on the floor
Lovers in the bathroom and a line outside the door
Black lights and a mirrored disco ball
Every night's another reason why I left it all

I thank my wicked dreams
A year from Tennessee
Oh, Santa Monica
You've been too good to me
Won't make my mama proud
It's gonna cause a scene
She sees her baby girl
I know she's gonna scream

God, what have you done?
You're a pink pony girl
And you dance at the club
Oh mama, I'm just having fun
On the stage in my heels
It's where I belong down at the
Pink Pony Club
I'm gonna keep on dancing at the
Pink Pony Club
I'm gonna keep on dancing down in
West Hollywood
I'm gonna keep on dancing at the
Pink Pony Club, Pink Pony Club
Don't think I've left you all behind
Still love you and Tennessee
You're always on my mind
And mama, every Saturday
I can hear your southern drawl a thousand miles away, saying

God, what have you done
You're a pink pony girl
And you dance at the club
Oh mama, I'm just having fun
On the stage in my heels
It's where I belong down at the
Pink Pony Club
I'm gonna keep on dancing at the
Pink Pony Club
I'm gonna keep on dancing down in
West Hollywood
I'm gonna keep on dancing at the
Pink Pony Club, Pink Pony Club

I'm gonna keep on dancing
I'm gonna keep on dancing7Embed",know wanted stay cant ignore crazy visions la heard theres special place boys girls queens every single day im wicked dreams leaving tennessee hear santa monica swear calling wont make mama proud gonna cause scene sees baby girl know shes gonna scream god done youre pink pony girl dance club oh mama im fun stage heels belong pink pony club im gonna keep dancing pink pony club im gonna keep dancing west hollywood im gonna keep dancing pink pony club pink pony club might also like im jaws floor lovers bathroom line outside door black lights mirrored disco ball every nights another reason left thank wicked dreams year tennessee oh santa monica youve good wont make mama proud gonna cause scene sees baby girl know shes gonna scream god done youre pink pony girl dance club oh mama im fun stage heels belong pink pony club im gonna keep dancing pink pony club im gonna keep dancing west hollywood im gonna keep dancing pink pony club pink pony club dont think ive left behind still love tennessee youre always mind mama every saturday hear southern drawl thousand miles away saying god done youre pink pony girl dance club oh mama im fun stage heels belong pink pony club im gonna keep dancing pink pony club im gonna keep dancing west hollywood im gonna keep dancing pink pony club pink pony club im gonna keep dancing im gonna keep dancing,"{'neg': 0.072, 'neu': 0.77, 'pos': 0.157, 'compound': 0.9711}"
Post Malone,10442190,Pour Me A Drink,https://genius.com/Post-malone-pour-me-a-drink-lyrics,"31 ContributorsTranslationsPolskiDeutschEnglishEspañolPour Me A Drink Lyrics
Forty hours got me goin' out my mind
Dallas dropped another game in overtime
Caught a ticket speedin' down the 65
Don't know where I'm goin'

Guess I really went and messed it up again
Now, my baby's goner than the Tulsa wind
Judgin' by the stone-sober state I'm in
Need to crack one wide open

Somebody pour me a drink, somebody bum me a smoke
I'm 'bout to get on a buzz, I'm 'bout to get on a roll
Yeah, I've been breakin' my back just keepin' up with the Joneses
Y'all know what I mean, and y'all know how it goes
When it's up on a Friday and I'm paid, slide one over my way
I can't even think when I can hear one callin' my name (Hey)

Somebody pour me a drink
Pour me a drink

Bourbon-brown eyes tryna get me drunk
Ain't stoppin' 'til the bottle and the job is done
Hey, I think I might've found my future love
Buddy, you should probably buy her one
See Post Malone LiveGet tickets as low as $78You might also like
Somebody pour me a drink, somebody bum me a smoke
I'm 'bout to get on a buzz, I'm 'bout to get on a roll
Yeah, I've been breakin' my back just keepin' up with the Joneses
Y'all know what I mean, yeah, y'all know how it goes
When it's up on a Friday and I'm paid, slide one over my way
I can't even think when I can hear one callin' my name (Hey)

Somebody pour me a drink
Somebody pour me a drink

Ooh, ooh, ooh

Somebody pour me a drink, somebody bum me a smoke
I'm 'bout to get on a buzz, I'm 'bout to get on a roll
Yeah, I've been breakin' my back just keepin' up with the Joneses
Y'all know what I mean, yeah, y'all know how it goes
When it's up on a Friday and I'm paid, slide one over my way
I can't even think when I can hear one callin' my name (Hey)

Somebody pour me a drink
Somebody pour me a drink
Yeah, somebody pour me a drink
Hey
Yes, sir
Pour me a drink
I'm on it, buddy
Pour me a drink2Embed",forty hours got goin mind dallas dropped another game overtime caught ticket speedin dont know im goin guess really went messed babys goner tulsa wind judgin stonesober state im need crack one wide open somebody pour drink somebody bum smoke im bout get buzz im bout get roll yeah ive breakin back keepin joneses yall know mean yall know goes friday im paid slide one way cant even think hear one callin name hey somebody pour drink pour drink bourbonbrown eyes tryna get drunk aint stoppin til bottle job done hey think mightve found future love buddy probably buy one see post malone liveget tickets low might also like somebody pour drink somebody bum smoke im bout get buzz im bout get roll yeah ive breakin back keepin joneses yall know mean yeah yall know goes friday im paid slide one way cant even think hear one callin name hey somebody pour drink somebody pour drink ooh ooh ooh somebody pour drink somebody bum smoke im bout get buzz im bout get roll yeah ive breakin back keepin joneses yall know mean yeah yall know goes friday im paid slide one way cant even think hear one callin name hey somebody pour drink somebody pour drink yeah somebody pour drink hey yes sir pour drink im buddy pour drink,"{'neg': 0.03, 'neu': 0.874, 'pos': 0.095, 'compound': 0.9249}"
Charli xcx,10235578,360,https://genius.com/Charli-xcx-360-lyrics,"116 ContributorsTranslationsPolskiEspañolDanskLatviešuLietuviųItalianoБеларускаяPortuguêsРусскийTürkçe한국어FrançaisΕλληνικάDeutschHebrew360 Lyrics
I went my own way and I made it
I'm your favorite reference, baby
Call me Gabbriette, you're so inspired
Ah, ah
I'm tectonic, moves, I make 'em
Shock you like defibrillators
No style? I can't relate
I'll always be the one, ah

Drop down, yeah
Put the camera flash on
So stylish
Baby tee is all gone
Drop down, yeah
Lookin' like an icon
Work angles, yeah

Yeah, 360
When you're in the mirror, do you like what you see?
When you're in the mirror, you're just looking at me
I'm everywhere, I'm so Julia
Ah-ah, ah
When you're in the party b-b-bumpin' that beat
666 with a princess streak
I'm everywhere, I'm so Julia
Ah-ah, ah
See Charli xcx LiveGet tickets as low as $134You might also like
Bumpin' that
Bumpin' that
Bumpin' that

That city sewer slut's the vibe
Internationally recognized
I set the tone, it's my design
And it's stuck in your mind
Legacy is undebated
You gon' jump if A. G. made it
If you love it, if you hate it
I don't fucking care what you think

Drop down, yeah
Put the camera flash on
So stylish
Baby tee is all gone
Drop down, yeah
Lookin' like an icon
Work angles, yeah

Yeah, 360
When you're in the mirror, do you like what you see?
When you're in the mirror, you're just looking at me
I'm everywhere, I'm so Julia
Ah-ah, ah
When you're in the party b-b-bumpin' that beat
666 with a princess streak
I'm everywhere, I'm so Julia
Ah-ah, ah
Bumpin' that
Bumpin' that
Bumpin' that
Ah-ah, ah
Bumpin' that
Bumpin' that
Bumpin' that
Ah-ah, ah8Embed",went way made im favorite reference baby call gabbriette youre inspired ah ah im tectonic moves make em shock like defibrillators style cant relate ill always one ah drop yeah put camera flash stylish baby tee gone drop yeah lookin like icon work angles yeah yeah youre mirror like see youre mirror youre looking im everywhere im julia ahah ah youre party bbbumpin beat princess streak im everywhere im julia ahah ah see charli xcx liveget tickets low might also like bumpin bumpin bumpin city sewer sluts vibe internationally recognized set tone design stuck mind legacy undebated gon jump g made love hate dont fucking care think drop yeah put camera flash stylish baby tee gone drop yeah lookin like icon work angles yeah yeah youre mirror like see youre mirror youre looking im everywhere im julia ahah ah youre party bbbumpin beat princess streak im everywhere im julia ahah ah bumpin bumpin bumpin ahah ah bumpin bumpin bumpin ahah ah,"{'neg': 0.123, 'neu': 0.631, 'pos': 0.246, 'compound': 0.9698}"
Tate McRae,10794283,It’s ok I’m ok,https://genius.com/Tate-mcrae-its-ok-im-ok-lyrics,"32 ContributorsTranslationsEspañolHrvatskiСрпскиPolskiРусскийУкраїнськаБеларускаяDeutschItalianoIt’s ok I’m ok Lyrics
Mm
Yeah, uh

See you so excited (Mm)
You got him locked down (Mmh, yeah)
You're movin' like I did (Mm)
Before I found out
He ain't just a pretty-faced talker
Good with his money, close to his mother
You're seein' one-sided (Sided)
You got him right now

And she be like, ""He's so perfect""
I be like, ""Oh, what version?""
""Ain't nobody got me this nervous""
Oh baby, I been there (Hey)
And right in that same position (Hey)
So, baby, don't get this twisted (Hey)
No, nothin' could make me miss it
Take him, he's yours

It's okay, I'm okay, had him in the first place
It's okay, I'm okay (I'm okay, yeah, yeah)
It's okay, I'm okay, I don't really gotta say
It's okay (Okay)
See Tate McRae LiveGet tickets as low as $82You might also like
You can have him anyway (Way)
Anyway (Way)
You can have him anyway (Way)
Anyway (Oh, oh, oh, oh)

Was such a romantic (Romantic)
You got me like, ""Fuck that""
Some months and some long flights
Now I can't go near that

And she be like, ""He's so perfect""
I be like, ""Oh, what version?""
""Ain't nobody got me this nervous""
Oh baby, I've been there (Hey)
And right in that same position (Hey)
So, baby, don't get this twisted (Hey)
No, nothin' could make me miss it
Take him, he's yours

It's okay, I'm okay, had him in the first place
It's okay, I'm okay (I'm okay)
It's okay, I'm okay, I don't really gotta say
It's okay (Okay)
You can have him anyway (Way)
Anyway (Way)
You can have him anyway (Way)
Anyway (Way, way, way)

It's okay, I'm okay, had him in the first place
It's okay, I'm okay (I'm okay, I'm okay)
It's okay, I'm okay, I don't really gotta say (It's okay)
It's okay

You can have him anyway (Anyway)
Anyway (Anyway)
You can have him anyway (Anyway)
Anyway (Oh, oh, oh, oh)

I don't want him anyway, girl, take him
I don't want him anyway, girl, take him
I don't want him anyway, girl, take him (Girl, just take him)
I don't want him (Yeah, I don't), I don't want him (Yeah, I don't)
I don't want him (Anyway) anyway, girl, take him (Anyway)
I don't want him (Anyway) anyway, girl, take him
I don't, it's okay, it's okay, take him
I don't want him (Yeah, I don't), I don't want him1Embed",mm yeah uh see excited mm got locked mmh yeah youre movin like mm found aint prettyfaced talker good money close mother youre seein onesided sided got right like hes perfect like oh version aint nobody got nervous oh baby hey right position hey baby dont get twisted hey nothin could make miss take hes okay im okay first place okay im okay im okay yeah yeah okay im okay dont really gotta say okay okay see tate mcrae liveget tickets low might also like anyway way anyway way anyway way anyway oh oh oh oh romantic romantic got like fuck months long flights cant go near like hes perfect like oh version aint nobody got nervous oh baby ive hey right position hey baby dont get twisted hey nothin could make miss take hes okay im okay first place okay im okay im okay okay im okay dont really gotta say okay okay anyway way anyway way anyway way anyway way way way okay im okay first place okay im okay im okay im okay okay im okay dont really gotta say okay okay anyway anyway anyway anyway anyway anyway anyway oh oh oh oh dont want anyway girl take dont want anyway girl take dont want anyway girl take girl take dont want yeah dont dont want yeah dont dont want anyway anyway girl take anyway dont want anyway anyway girl take dont okay okay take dont want yeah dont dont want,"{'neg': 0.072, 'neu': 0.578, 'pos': 0.351, 'compound': 0.997}"
Koe Wetzel & Jessie Murph,10387088,High Road,https://genius.com/Koe-wetzel-and-jessie-murph-high-road-lyrics,"8 ContributorsTranslationsEspañolHigh Road Lyrics
I can tell that you're mad
And I ain't half surprised about that
Since the day that we met
It's always who cuts first and never who bleeds last
Rumors always turn into yelling and fighting
And once it's in your mind, only one way you're driving

I know, I know
I'ma take the high road, maybe get stoned
Have a little too much of something terrible
I'ma let you cool down while I walk out
You ain't messing me up like the times before
I don't need a ticket to your shit show
Knock yourself out and hit a new low
Well I'ma take the high road, take the high road, take the high road

You don't wanna talk about it, boy, that's no surprisе
You come home smelling likе liquor like every other night
If I catch you with her, you gon' catch me with him
You think I don't hear about it, you better think again
You know that rumors always turn into yelling and fighting
And once it's in my mind, only one way I'm driving
You might also like
You know, I know
I'ma take the high road, maybe get stoned
Have a little too much of something terrible
I'ma let you cool down while I walk out
You ain't messing me up like the times before
I don't need a ticket to your shit show
Knock yourself out and hit a new low
Well I'ma take the high road, take the high road, take the high road
Whoa, whoa


I'ma take the high road, maybe get stoned
Have a little too much of something terrible
I'ma let you cool down while I walk out
You ain't messing me up like the times before
And I don't need a ticket to your shit show
Knock yourself out and hit a new low
Well I'ma take the high road, take the high road, take the high road
I'ma take the high road, take the high road, take the high road
Oh, yeah, yeah, mmEmbed",tell youre mad aint half surprised since day met always cuts first never bleeds last rumors always turn yelling fighting mind one way youre driving know know ima take high road maybe get stoned little much something terrible ima let cool walk aint messing like times dont need ticket shit show knock hit new low well ima take high road take high road take high road dont wanna talk boy thats surprisе come home smelling likе liquor like every night catch gon catch think dont hear better think know rumors always turn yelling fighting mind one way im driving might also like know know ima take high road maybe get stoned little much something terrible ima let cool walk aint messing like times dont need ticket shit show knock hit new low well ima take high road take high road take high road whoa whoa ima take high road maybe get stoned little much something terrible ima let cool walk aint messing like times dont need ticket shit show knock hit new low well ima take high road take high road take high road ima take high road take high road take high road oh yeah yeah mm,"{'neg': 0.169, 'neu': 0.72, 'pos': 0.112, 'compound': -0.8875}"
Rod Wave,10972423,Federal Nightmares,https://genius.com/Rod-wave-federal-nightmares-lyrics,"11 ContributorsFederal Nightmares Lyrics
Hold up, say, Drama
What up, my nigga?
Barack O-Drama
Uh-huh
That's what your name is, huh?
That's what they call me
Why it took us so long to do this Gangsta Grillz, dog?
Nigga, I was waiting on you
Damn, hold up, man, was my fault or your fault, dog? Yeah
Come on, man, I told you
That really ain't true, I was blaming you
On the real, I'm a real nigga, I can take my charge, you heard me?
Them niggas ain't never, ho (Look)
Every time I went to jail, you heard me? I had a nigga with me

Uh, will I see a billion like Jigga 'nem? Yeah
Or will I go fed like B Jizzle 'nem?
So much pain in my heart, it got a nigga hurt (Yeah)
Yeah, my brother back in jail, my daddy back in jail, bitch, I think my family cursed
And I can't shake the image of my cousin in that hearse
Ever since that day, it's been hеll on earth
Gotta get the monеy first, playing gang, get put on a shirt
But they can't keep discrete, that police beefing be the worst
Killers killing killers, robbers scheming on a nigga
To get you out that jam, you must be briefing on a nigga
I'm tryna beat the system, what's the cheat code?
Running from my past, in my rearview, I see RICO
See Rod Wave LiveGet tickets as low as $80You might also like
Billion-dollar dreams, federal nightmares
God, answer my prayers
I can't sleep 'cause it's frightening
And every time I close my eyes, I see indictments (Look)
And oh no, baby, I'm scared
Go anywhere, go everywhere, but don't wanna go fed
Oh no, baby, I'm scared
Go anywhere, go everywhere, but don't wanna go fed

Won't trust nobody with my life, I got my own strap, yeah
Tell me who to call when your phone tapped, yeah
The judge'll prove it once the crackers kick your spots, yeah
You the one that called to get everybody hot, uh
You the one that said they got the city hot, uh
Got them youngins spinning Bentley, just might bend your block, uh, uh
Tell me how you worth the shit you think I'm not
Tell me how you called it off after you sent some shots
And you got the gang twisted
Tell me how you started, ain't gon' stop it, is you quitting?
Tell me how you start the beef then quit it, I don't get it
A nigga popping Perkies back to back, I'm in my feelings
Free Lil Smacka, folks need Spilla and Lil Glizzy

Billion-dollar dreams, federal nightmares
God, answer my prayers
I can't sleep 'cause it's frightening
And every time I close my eyes, I see indictments (Look)
And oh no, baby, I'm scared
Go anywhere, go everywhere, but don't wanna go fed
Oh no, baby, I'm scared
Go anywhere, go everywhere, but don't wanna go fed
Go fed, nah
Go-go
Bi-billion-dollar dreams
Go fed, nah
Go-go fed, nah
Federal night—
Go fed, nah
Go-go
Bi-billion-dollar dreams
Go fed, nah
Go-go fed, nah
Federal night—
Go fed, nahEmbed",hold say drama nigga barack odrama uhhuh thats name huh thats call took us long gangsta grillz dog nigga waiting damn hold man fault fault dog yeah come man told really aint true blaming real im real nigga take charge heard niggas aint never ho look every time went jail heard nigga uh see billion like jigga nem yeah go fed like b jizzle nem much pain heart got nigga hurt yeah yeah brother back jail daddy back jail bitch think family cursed cant shake image cousin hearse ever since day hеll earth gotta get monеy first playing gang get put shirt cant keep discrete police beefing worst killers killing killers robbers scheming nigga get jam must briefing nigga im tryna beat system whats cheat code running past rearview see rico see rod wave liveget tickets low might also like billiondollar dreams federal nightmares god answer prayers cant sleep cause frightening every time close eyes see indictments look oh baby im scared go anywhere go everywhere dont wanna go fed oh baby im scared go anywhere go everywhere dont wanna go fed wont trust nobody life got strap yeah tell call phone tapped yeah judgell prove crackers kick spots yeah one called get everybody hot uh one said got city hot uh got youngins spinning bentley might bend block uh uh tell worth shit think im tell called sent shots got gang twisted tell started aint gon stop quitting tell start beef quit dont get nigga popping perkies back back im feelings free lil smacka folks need spilla lil glizzy billiondollar dreams federal nightmares god answer prayers cant sleep cause frightening every time close eyes see indictments look oh baby im scared go anywhere go everywhere dont wanna go fed oh baby im scared go anywhere go everywhere dont wanna go fed go fed nah gogo bibilliondollar dreams go fed nah gogo fed nah federal night go fed nah gogo bibilliondollar dreams go fed nah gogo fed nah federal night go fed nah,"{'neg': 0.185, 'neu': 0.678, 'pos': 0.137, 'compound': -0.9718}"
"Future, Metro Boomin & Kendrick Lamar",10125497,Like That,https://genius.com/Future-metro-boomin-and-kendrick-lamar-like-that-lyrics,"501 ContributorsTranslationsPortuguêsEspañolРусскийTürkçeDeutschNorsk (bokmål / riksmål)ItalianoPolskiFrançaisLike That Lyrics
Gotta fire my joint up on this bitch
Young Metro, young Metro, young Metro, three times
Yeah

Stickin' to the code, all these hoes for the streets
I put it in her nose, it's gon' make her pussy leak
Pussy niggas told, ain't gon' wake up out they sleep
You can't hear that switch, but you can hear them niggas scream
All my hoes do shrooms, nigga, all my hoes do coke
Twenty-carat ring, I put my fingers down her throat (Uh, uh, uh)
If I lose a carat, she might choke (Uh, uh, uh)
I know she gon' swallow, she a G.O.A.T. (Uh, uh, uh)
Freeband nigga, bring the racks in
Got the shooters in the corner like the pack in
She think 'cause she exotic bitch, she attractive
That's that shit'll get you put up out the section, brrt
And the motto still the same
Ball like I won a championship game
You know these hoes hungry, they gon' fuck for a name
I put her on the gang, she get fucked for a chain
Got your girl in this bitch, she twirlin' on the dick
I got syrup in this bitch, turn up in this bitch
And we brought the 'Ercs in this bitch, get murked in this bitch
All these pointers on me, baby, you know it's game time
Bring a friend, bitch, we fucked 'em at the same time
I'm a different nigga, no, we not the same kind
You can have that lil'— if she ain't mine (Yeah)
You might also like
Young dope dealer, sellin' dope, is you like that? (If you like that)
Kickin' doors, kickin' in doors, is you like that? (Yeah)
Young throwed nigga, sellin' loads, is you like that? (Yeah)
All '24, you on go, is you like that? (If you like that)
Niggas from the bottom really like that (If you like that)
Steppin' in Balencis if you like that (If you like that)
Pop another bottle if you like that (If you like that)

He was once a thug from around the way

These niggas talkin' out of they necks
Don't pull no coffin out of your mouth, I'm way too paranoid for a threat
Ayy-ayy, let's get it, bro
D-O-T, the money, power, respect
The last one is better
Say, it's a lot of goofies with a check
I mean, ah, I hope them sentiments symbolic
Ah, my temperament bipolar, I choose violence
Okay, let's get it up, it's time for him to prove that he's a problem
Niggas clickin' up, but cannot be legit, no 40 Water, tell 'em
Ah, yeah, huh, yeah, get up with me
Fuck sneak dissin', first-person shooter, I hope they came with three switches
I crash out like, ""Fuck rap,"" diss Melle Mel if I had to
Got 2TEEZ with me, I'm snatchin' chains and burnin' tattoos, it's up
Lost too many soldiers not to play it safe
If he walk around with that stick, it ain't André 3K
Think I won't drop the location? I still got PTSD
Motherfuck the big three, nigga, it's just big me
Nigga, bum
What? I'm really like that
And your best work is a light pack
Nigga, Prince outlived Mike Jack'
Nigga, bum
'Fore all your dogs gettin' buried
That's a K with all these nines, he gon' see Pet Sematary (Yeah)
Nigga, bum
Young dope dealer, sellin' dope, is you like that? (If you like that, yeah, yeah)
Kickin' doors, kickin' in doors, is you like that? (How?, yeah)
Young throwed nigga, sellin' loads, is you like that? (Holy water, Holy water, yeah)
All '24, you on go, is you like that? (If you like that)
Niggas from the bottom really like that (If you like that)
Steppin' in Balencis if you like that (If you like that)
Pop another bottle if you like that (If you like that)

He was once a thug from around the way

Young dope dealer, sellin' dope, is you like that?
Kickin' doors, kickin' in doors, is you like that?
Young throwed nigga, sellin' loads, is you like that?
All '24, you on go, is you like that? (If you like that)
Niggas from the bottom really like that (If you like that)
Steppin' in Balencis if you like that (If you like that)
Pop another bottle if you like that (If you like that)

He was once a thug, he was, he
Came in banging dope, niggas was young, slangin' powder
Walk in the strip club, make it rain for three hours
Locked in and now I got my Phantom and my driver
Perc'd out, took chances in my hood like Nevada
Surfed out outside, white interior, lasagna
Hundred thousands, I just cashed out on designer
Gotta devour, nigga, I learned that in the jungle
Once I sell this load, that's a million in a week60Embed",gotta fire joint bitch young metro young metro young metro three times yeah stickin code hoes streets put nose gon make pussy leak pussy niggas told aint gon wake sleep cant hear switch hear niggas scream hoes shrooms nigga hoes coke twentycarat ring put fingers throat uh uh uh lose carat might choke uh uh uh know gon swallow goat uh uh uh freeband nigga bring racks got shooters corner like pack think cause exotic bitch attractive thats shitll get put section brrt motto still ball like championship game know hoes hungry gon fuck name put gang get fucked chain got girl bitch twirlin dick got syrup bitch turn bitch brought ercs bitch get murked bitch pointers baby know game time bring friend bitch fucked em time im different nigga kind lil aint mine yeah might also like young dope dealer sellin dope like like kickin doors kickin doors like yeah young throwed nigga sellin loads like yeah go like like niggas bottom really like like steppin balencis like like pop another bottle like like thug around way niggas talkin necks dont pull coffin mouth im way paranoid threat ayyayy lets get bro dot money power respect last one better say lot goofies check mean ah hope sentiments symbolic ah temperament bipolar choose violence okay lets get time prove hes problem niggas clickin cannot legit water tell em ah yeah huh yeah get fuck sneak dissin firstperson shooter hope came three switches crash like fuck rap diss melle mel got teez im snatchin chains burnin tattoos lost many soldiers play safe walk around stick aint andré k think wont drop location still got ptsd motherfuck big three nigga big nigga bum im really like best work light pack nigga prince outlived mike jack nigga bum fore dogs gettin buried thats k nines gon see pet sematary yeah nigga bum young dope dealer sellin dope like like yeah yeah kickin doors kickin doors like yeah young throwed nigga sellin loads like holy water holy water yeah go like like niggas bottom really like like steppin balencis like like pop another bottle like like thug around way young dope dealer sellin dope like kickin doors kickin doors like young throwed nigga sellin loads like go like like niggas bottom really like like steppin balencis like like pop another bottle like like thug came banging dope niggas young slangin powder walk strip club make rain three hours locked got phantom driver percd took chances hood like nevada surfed outside white interior lasagna hundred thousands cashed designer gotta devour nigga learned jungle sell load thats million week,"{'neg': 0.171, 'neu': 0.552, 'pos': 0.276, 'compound': 0.9918}"
Rod Wave,10972424,Angel With An Attitude,https://genius.com/Rod-wave-angel-with-an-attitude-lyrics,"13 ContributorsAngel With An Attitude Lyrics
(Pipe that shit up, TnT)
(Why they mad?)
Mm, mm
Mm, two hundred, look, uh

Two hundred photos, a thousand hours
When we together, the world is ours
Lost in your thoughts, we turned it sour
Dark corners, the life of a loner
How you say you here by yourself? Over there every step
We always dreamed of this wealth, shit got right then went left
Life I'm living get so lonely, all alone, I stay kept
Do it all by myself, look
Okay, one, two, free all of my niggas in that system
Free lil' Smacka, that's my nigga, free T-Weezie, boy, I miss you
Uncle D, it been a minute, housе arrest, home detеntion
Free my brother Shod in prison, free my daddy, soldier living
This the life of a soldier, I'm playing my part
I got a chip on my shoulder, ache in my heart
Free all my family members, they tore us apart
Girl, I need you the most, come back in my arms
Got so many scars
Some days, I just lay in my bed, no energy to move
Life about choices, you live with what you choose
And, oh, so it doesn't try to begin
Why is this how the story ends?
See Rod Wave LiveGet tickets as low as $80You might also like
And I tried my hardest to love you
The world was more ready for you
And it's hard, but everyone knows
If you love her, then you'll let her go
And last night, I met an angel
Angel with an attitude
She wasn't even half of you
Oh, woah-oh, oh, woah-oh, oh-oh
You know I gotta tell the truth
She wasn't even half of you
Oh, oh, woah-oh, oh-ohEmbed",pipe shit tnt mad mm mm mm two hundred look uh two hundred photos thousand hours together world lost thoughts turned sour dark corners life loner say every step always dreamed wealth shit got right went left life im living get lonely alone stay kept look okay one two free niggas system free lil smacka thats nigga free tweezie boy miss uncle minute housе arrest home detеntion free brother shod prison free daddy soldier living life soldier im playing part got chip shoulder ache heart free family members tore us apart girl need come back arms got many scars days lay bed energy move life choices live choose oh doesnt try begin story ends see rod wave liveget tickets low might also like tried hardest love world ready hard everyone knows love youll let go last night met angel angel attitude wasnt even half oh woahoh oh woahoh ohoh know gotta tell truth wasnt even half oh oh woahoh ohoh,"{'neg': 0.167, 'neu': 0.621, 'pos': 0.211, 'compound': 0.9042}"
KAROL G,10489180,Si Antes Te Hubiera Conocido,https://genius.com/Karol-g-si-antes-te-hubiera-conocido-lyrics,"13 ContributorsTranslationsPortuguêsEnglishDeutschSi Antes Te Hubiera Conocido Lyrics

¿Qué lo que?
Estamo' a rulay
Empezó el verano
Fuego

¿Qué hubiera sido?
Si antes te hubiera conocido
Seguramente, estarías bailando esta conmigo
No como amigos

Sino como otra cosa
Usted cerca me pone peligrosa
Por un besito hago cualquier cosa
La novia suya me pone celosa y aunque es hermosa
¡Ey!

No te va a tratar como yo
No te va a besar como yo
No está tan rica así como yo
Ella es tímida y yo no
Con esta' ganas que tengo yo
Me atrevo a comerme los do'
Hoy estás jangueando con ella
Pero, mmm, después tal vez no
You might also like
¿Qué hubiera sido?
Si antes te hubiera conocido
Seguramente, estarías bailando esta conmigo
No como amigos, ¡ey!
¿Qué hubiera sido?
Ay, si antes te hubiera conocido
Seguramente, estarías bailando esta conmigo
No como amigos, ¡ey!

Y yo te veo y no sé cómo actuar
Bebé, pa' conquistarte que me pasen el manual
Espero lo que sea, yo no me voy a quitar
Tengo fe que esos ojito' un día me van a mirar
Yo me caso contigo
Mi nombre suena bien con tu apellido
'Toy esperando el primer descuido
Pa' presentarte como mi marido
Yo me caso contigo
Mi nombre suena bien con tu apellido
'Toy esperando el primer descuido
Pa' presentarte como mi marido
No has entendido que

No te va a tratar como yo
No te va a besar como yo
No está tan rica así como yo
Ella es tímida y yo no
Con esta' ganas que tengo yo
Me atrevo a comerme los do'
Hoy estás jangueando con ella
Pero (Mmm) después tal vez no
¿Qué hubiera sido?
Si antes te hubiera conocido (Ey, ¿cómo?)
Seguramente, estarías bailando esta conmigo
No como amigos, no, no, no
Ey, ey, ey, ey
(¿Qué hubiera sido?)
(Si antes te hubiera conocido)
Chiqui-chá, chiqui-chá, chiqui-chá, chiqui-chá (Jaja, ah)
Uh-uh-uh-uh
(¿Qué hubiera sido?)
(Si antes te hubiera conocido)Embed",qué lo que estamo rulay empezó el verano fuego qué hubiera sido si antes te hubiera conocido seguramente estarías bailando esta conmigo como amigos sino como otra cosa usted cerca pone peligrosa por un besito hago cualquier cosa la novia suya pone celosa aunque es hermosa ey te va tratar como yo te va besar como yo está tan rica así como yo ella es tímida yo con esta ganas que tengo yo atrevo comerme los hoy estás jangueando con ella pero mmm después tal vez might also like qué hubiera sido si antes te hubiera conocido seguramente estarías bailando esta conmigo como amigos ey qué hubiera sido ay si antes te hubiera conocido seguramente estarías bailando esta conmigo como amigos ey yo te veo sé cómo actuar bebé pa conquistarte que pasen el manual espero lo que sea yo voy quitar tengo fe que esos ojito un día van mirar yo caso contigo mi nombre suena bien con tu apellido toy esperando el primer descuido pa presentarte como mi marido yo caso contigo mi nombre suena bien con tu apellido toy esperando el primer descuido pa presentarte como mi marido entendido que te va tratar como yo te va besar como yo está tan rica así como yo ella es tímida yo con esta ganas que tengo yo atrevo comerme los hoy estás jangueando con ella pero mmm después tal vez qué hubiera sido si antes te hubiera conocido ey cómo seguramente estarías bailando esta conmigo como amigos ey ey ey ey qué hubiera sido si antes te hubiera conocido chiquichá chiquichá chiquichá chiquichá jaja ah uhuhuhuh qué hubiera sido si antes te hubiera conocido,"{'neg': 0.0, 'neu': 0.983, 'pos': 0.017, 'compound': 0.5719}"
GloRilla,10801794,HOLLON,https://genius.com/Glorilla-hollon-lyrics,"21 ContributorsHOLLON Lyrics
Ayy, hol' on, ho, hol' on, hol' on, hol' on, ho
Ayy, hol' on, ho, hol' on, hol' on, hol' on, ho
Ayy, hol' on, ho, hol' on, hol' on, hol' on, ho
Ayy, hol' on, ho, hol' on, hol' on, hol' on, ho

Ho, you must not know what you just started (Fuck)
Me and my bitches go gnarly
Give a fuck about this party
We gon' step on shit regardless (Stamp that)
Get my goons, swipe that bitch, and now dispute the charges (On gang)
Makin' music, beatin' on bitches, I be really marchin' (Woo)
I got hands for a ho, I get bands for a show
He want chance after chance, after chance, nigga, no (Uh-uh)
I keep sayin', ""Free Lil Four""
Do my dance on them folks
If it's up, it's goin' down soon as I land on them folks

Ayy, hol' on, ho, hol' on, hol' on, hol' on, ho
Ayy, hol' on, ho, hol' on, hol' on, hol' on, ho
Ayy, hol' on, ho, hol' on, hol' on, hol' on, ho
Ayy, hol' on, ho, hol' on, hol' on, hol' on, ho

I-I-I-I do what I want, I'm pressure (Pressure)
Don't follow the rules, I'm rebel (No)
I stand out, bitch, I'm special (Ayy)
I'm a stand up bitch like Kevin (On God)
You a bum-ass bitch, you messy (Messy)
Don't start with me, bitch, I'm petty (Ho)
Linе any bitch up, I'm ready
I don't pick and choose, it's up with whoevеr
All my, all my diamonds cert' (Ice)
And all these members certi' too
Smilin' at my nigga? Ho
Knock out all your thirty-two (Bum-ass)
C8 doors open up for me
Hear the engine vroom (Vroom)
Switch to sport
I got somewhere to be, lil' baby, I'm important (On gang)
You might also like
Ayy, hol' on, ho, hol' on, hol' on, hol' on, ho
Ayy, hol' on, ho, hol' on, hol' on, hol' on, ho
Ayy, hol' on, ho, hol' on, hol' on, hol' on, ho
Ayy, hol' on, ho, hol' on, hol' on, hol' on, ho

Glock .19, it came with a drum, yeah, that's my favorite gun (Bop)
Asked if he my only nigga, I said, ""No, but you my favorite one"" (Nah, for real)
Yeah, rare-ass bitch, nigga, I'm one of one (Fuck you mean?)
Nah, I can't make you mines, but I can make you cum
Freak up in the sheets, in them streets, baby, I'm a thug
I just threw ten-thousand-somethin' ones in this fuckin' club (Huh, hoo)
I'm poppin' it so hard 'cause I ain't used to shit (I ain't used to shit)
These niggas ain't got no type, they want a stupid bitch (On gang)

Ayy, hol' on, ho, hol' on, hol' on, hol' on, ho
Ayy, hol' on, ho, hol' on, hol' on, hol' on, ho
Ayy, hol' on, ho, hol' on, hol' on, hol' on, ho
Ayy, hol' on, ho, hol' on, hol' on, hol' on, ho1Embed",ayy hol ho hol hol hol ho ayy hol ho hol hol hol ho ayy hol ho hol hol hol ho ayy hol ho hol hol hol ho ho must know started fuck bitches go gnarly give fuck party gon step shit regardless stamp get goons swipe bitch dispute charges gang makin music beatin bitches really marchin woo got hands ho get bands show want chance chance chance nigga uhuh keep sayin free lil four dance folks goin soon land folks ayy hol ho hol hol hol ho ayy hol ho hol hol hol ho ayy hol ho hol hol hol ho ayy hol ho hol hol hol ho iiii want im pressure pressure dont follow rules im rebel stand bitch im special ayy im stand bitch like kevin god bumass bitch messy messy dont start bitch im petty ho linе bitch im ready dont pick choose whoevеr diamonds cert ice members certi smilin nigga ho knock thirtytwo bumass c doors open hear engine vroom vroom switch sport got somewhere lil baby im important gang might also like ayy hol ho hol hol hol ho ayy hol ho hol hol hol ho ayy hol ho hol hol hol ho ayy hol ho hol hol hol ho glock came drum yeah thats favorite gun bop asked nigga said favorite one nah real yeah rareass bitch nigga im one one fuck mean nah cant make mines make cum freak sheets streets baby im thug threw tenthousandsomethin ones fuckin club huh hoo im poppin hard cause aint used shit aint used shit niggas aint got type want stupid bitch gang ayy hol ho hol hol hol ho ayy hol ho hol hol hol ho ayy hol ho hol hol hol ho ayy hol ho hol hol hol ho,"{'neg': 0.244, 'neu': 0.643, 'pos': 0.112, 'compound': -0.9949}"
Rod Wave,10925703,Fall Fast in Love,https://genius.com/Rod-wave-fall-fast-in-love-lyrics,"18 ContributorsFall Fast in Love Lyrics
Chris, you idiot, look at what you did
Yeah (T-Turn me up, Fivee)
Uh-huh, uh, uh, uh-uh, uh
Mm-mm-mm-mm-mm
Look, look, mm

Did you come here to save me, or did you come to betray me?
Been feelin' unlucky lately
Tell me what's up, my baby
I been through a lot of trauma, my exes might think I'm crazy, mm
I'm just a realist, probably the realest
And you know I wrote this song to make you smile, can you feel it?
Uh-huh, uh, uh, and I won't judge you, you don't judge me, don't thug me
If I pop this Perc' and beat you down, you might love me (Grrah)
Since back in the day, been thuggin' (Yeah)
You know I got love for my auntie
Barbados with my momma, so I thugged it with my cousins
You know my family showed me tough love
Don't play me like I'm crazy
I come out that bottom, baby
And I made it out it, baby
You give me a week, I'ma be in lust
You give me a month, I might be in love
I wrote you a letter, ""Do you like me? Yes or no?""
I bought you a ticket, when your flight leave, let me know (Uh, uh, uh)
See Rod Wave LiveGet tickets as low as $80You might also like
Fallin' fast in love, it's never been a safe thing
Are you fallin' fast enough?
They'll tell you that we're crazy
If you're not scared (Uh, uh, uh)
Yeah, I'll be right here (Uh, uh, uh, uh)
Fallin' fast in love, it's never been a safe thing

Uh, uh, it's never been a safe thing
Uh, hold on

Damn, I hate relationships, what we goin', tit-for-tat?
Everytime them niggas sent some shots, you know we sent it back
Everytime them niggas spinned on us, you know we spinned it back
'Til we started spinnin' first
Then we started spinnin' worse
And I don't want no messy shit, don't even wanna get into that
I sent you a letter, baby girl, could you send it back?
Yeah, she had my heart for a lil' minute, but she won't give it back
And when I get it back
I might give it to you
Give it to you
Give it to you
Fallin' fast in love, it's never been a safe thing
Are you fallin' fast enough?
They'll tell you that we're crazy
If you're not scared (Uh, uh, uh)
Yeah, I'll be right here (Uh, uh, uh, uh)
Fallin' fast in love, it's never been a safe thing

Uh, uh, it's never been a safe thing
Uh, hold onEmbed",chris idiot look yeah tturn fivee uhhuh uh uh uhuh uh mmmmmmmmmm look look mm come save come betray feelin unlucky lately tell whats baby lot trauma exes might think im crazy mm im realist probably realest know wrote song make smile feel uhhuh uh uh wont judge dont judge dont thug pop perc beat might love grrah since back day thuggin yeah know got love auntie barbados momma thugged cousins know family showed tough love dont play like im crazy come bottom baby made baby give week ima lust give month might love wrote letter like yes bought ticket flight leave let know uh uh uh see rod wave liveget tickets low might also like fallin fast love never safe thing fallin fast enough theyll tell crazy youre scared uh uh uh yeah ill right uh uh uh uh fallin fast love never safe thing uh uh never safe thing uh hold damn hate relationships goin titfortat everytime niggas sent shots know sent back everytime niggas spinned us know spinned back til started spinnin first started spinnin worse dont want messy shit dont even wanna get sent letter baby girl could send back yeah heart lil minute wont give back get back might give give give fallin fast love never safe thing fallin fast enough theyll tell crazy youre scared uh uh uh yeah ill right uh uh uh uh fallin fast love never safe thing uh uh never safe thing uh hold,"{'neg': 0.227, 'neu': 0.597, 'pos': 0.177, 'compound': -0.7499}"
James Joyce,151206,Finnegan’s Wake (Chap. 2.3),https://genius.com/James-joyce-finnegans-wake-chap-23-annotated,"11 ContributorsFinnegan’s Wake (Chap. 2.3) LyricsIt may not or maybe a no concern of the Guinnesses but.
That the fright of his light in tribalbalbutience hides aback in the doom of the balk of the deaf but that the height of bis life from a bride’s eye stammpunct is when a man that means a moun-tain barring his distance wades a lymph that plays the lazy win — ning she likes yet that pride that bogs the party begs the glory of a wake while the scheme is like your rumba round me garden, allatheses, with perhelps the prop of a prompt to them, was now or never in Etheria Deserta, as in Grander Suburbia, with Finn-fannfawners, ruric or cospolite, for much or moment indispute.
Whyfor had they, it is Hiberio–Miletians and Argloe–Noremen, donated him, birth of an otion that was breeder to sweatoslaves, as mysterbolder, forced in their waste, and as for Ibdullin what of Himana, that their tolvtubular high fidelity daildialler, as modern as tomorrow afternoon and in appearance up to the minute (hearing that anybody in that ruad duchy of Wollinstown schemed to halve the wrong type of date) equipped with supershielded um-brella antennas for distance getting and connected by the magnetic links of a Bellini–Tosti coupling system with a vitaltone speaker, capable of capturing skybuddies, harbour craft emittences, key clickings, vaticum cleaners, due to woman formed mobile or man made static and bawling the whowle hamshack and wobble down in an eliminium sounds pound so as to serve him up a mele-goturny marygoraumd, eclectrically filtered for allirish earths and ohmes. This harmonic condenser enginium (the Mole) they caused to be worked from a magazine battery (called the Mimmim Bimbim patent number 1132, Thorpetersen and Synds, Joms-borg, Selverbergen) which was tuned up by twintriodic singul — valvulous pipelines (lackslipping along as if their liffing deepunded on it) with a howdrocephalous enlargement, a gain control of circumcentric megacycles ranging from the antidulibnium onto the serostaatarean. They finally caused, or most leastways brung it about somehows(that)the pip of the lin(to)pinnatrate inthro an auricular forfickle (known as the Vakingfar sleeper, mono-fractured by Piaras UaRhuamhaighaudhlug, tympan founder Eustache Straight, Bauliaughacleeagh) a meatous conch culpable of cunduncing Naul and Santry and the forty routs of Corthy with the concertiums of the Brythyc Symmonds Guild, the Ropemakers Reunion, the Variagated Peddlars Barringoy Bni-brthirhd, the Askold Olegsonder Crowds of the O’Keef–Rosses ant Rhosso–Keevers of Zastwoking, the Ligue of Yahooth o.s.v. so as to lall the bygone dozed they arborised around, up his corpular fruent and down his reuctionary buckling, hummer, enville and cstorrap (the man of Iren, thore’s Curlymane for you!), lill the lubberendth of his otological life.
House of call is all their evenbreads though its cartomance hallucinate like an erection in the night the mummery of whose deed, a lur of Nur, immerges a mirage in a merror, for it is where by muzzinmessed for one watthour, bilaws below, till time jings pleas, that host of a bottlefilled, the bulkily hulkwight, hunter’s pink of face, an orel orioled, is in.on a bout to be unbulging an o’connell’s, the true one, all seethic, a luckybock, pledge of the stoup, whilom his canterberry bellseyes wink wickeding indtil the teller, oyne of an oustman in skull of skand. Yet is it, this ale of man, for him, our hubuljoynted, just a tug and a fistful as for Culsen, the Patagoreyan, chieftain of chokanchuckers and his moyety joyant, under the foamer dispensation when he pullupped the turfeycork by the greats of gobble out of Lougk Neagk. When, pressures be to our hoary frother, the pop gave his sullen bulletaction and, bilge, sled a movement of catharic emulsipotion down the sloppery slide of a slaunty to tilted lift-ye-landsmen. Allamin. Which in the ambit of its orbit heaved a sink her sailer alongside of a drink her drainer from the basses brothers, those two theygottheres.
It was long after once there was a lealand in the luffing ore it was less after lives thor a toyler in the tawn at all ohr it was note before he drew out the moddle of Kersse by jerkin his dressing but and or it was not before athwartships he buttonhaled the Norweeger’s capstan.
So he sought with the lobestir claw of his propencil the clue of the wickser in his ear. O, lord of the barrels, comer forth from Anow (I have not mislaid the key of Efas–Taem), O, Ana, bright lady, comer forth from Thenanow (I have not left temptation in the path of the sweeper of the threshold), O!
But first, strongbowth, they would deal death to a drinking. Link of a leadder, dubble in it, slake your thirdst thoughts awake with it. Our svalves are svalves aroon! We rescue thee, O Baass, from the damp earth and honour thee. O Connibell, with mouth burial! So was done, neat and trig. Up draught and whet them!
— Then sagd he to the ship’s husband. And in his translaten-tic norjankeltian. Hwere can a ketch or hook alive a suit and sowterkins? Soot! sayd the ship’s husband, knowing the language, here is tayleren. Ashe and Whitehead, closechop, successor to. Ahorror, he sayd, canting around to that beddest his friend, the tayler, for finixed coulpure, chunk pulley muchy chink topside numpa one sellafella, fake an capstan make and shoot! Manning to sayle of clothse for his lady her master whose to be precised of a peer of trouders under the pattern of a cassack. Let me prove, I pray thee, but this once, sazd Mengarments, saving the mouth-brand from his firepool. He spit in his faist (beggin): he tape the raw baste (paddin): he planked his pledge (as dib is a dab): and he tog his fringe sleeve (buthock lad, fur whale). Alloy for allay and this toolth for that soolth. Lick it and like it. A barter, a parter. And plenty good enough, neighbour Norreys, every bit and grain. And the ship’s husband brokecurst after him to hail the lugger. Stolp, tief, stolp, come bag to Moy Eireann! And the Norweeger’s capstan swaradeed, some blowfish out of schooling: All lykkehud! Below taiyor he ikan heavin sets. But they broken waters and they made whole waters at they surfered bark to the lots of his vauce. And aweigh he yankered on the Norgean run so that seven sailend sonnenrounders was he breastbare to the brina-bath, where bottoms out has fatthoms full, fram Franz Jos‚ Land til Cabo Thormendoso, evenstarde and risingsoon. Up the Rivor Tanneiry and down the Golfe Desombres. Farety days and fearty nights. Enjoy yourself, O maremen! And the tides made, veer and haul, and the times marred, rear and fall, and, holey bucket, dinned he raign!
— Hump! Hump! bassed the broaders-inlaugh with a quick piddysnip that wee halfbit a second.
— I will do that, sazd Kersse, mainingstaying the rigout for her wife’s lairdship. Nett sew? they hunched back at the earpicker.
But old sporty, as endth lord, in ryehouse reigner, he nought feared crimp or cramp of shore sharks, plotsome to getsome. It was whol niet godthaab of errol Loritz off his Cape of Good Howthe and his trippertrice loretta lady, a maomette to his monetone, with twy twy twinky her stone hairpins, only not, if not, a queen of Prancess their telling tabled who was for his seeming a casket through the heavenly, nay, heart of the sweet (had he hows would he keep her as niece as a fiddle!) but in the mealtub it was wohl yeas sputsbargain what, rarer of recent, an occasional conformity, he, with Muggleton Muckers, alwagers allalong most certainly allowed, as pilerinnager’s grace to peti-tionists of right, of the three blend cupstoomerries with their customed spirits, the Gill gob, the Burklley bump, the Wallisey wanderlook, having their ceilidhe gailydhe in his shaunty irish. Group drinkards maaks grope thinkards or how reads rotary, jewr of a chrestend, respecting the otherdogs churchees, so long plubs will be plebs but plabs by low frequency amplification may later agree to have another. For the people of the shed are the sure ads of all quorum. Lorimers and leathersellers, skinners and salters, pewterers and paperstainers, parishclerks, fletcherbowyers, girdlers, mercers, cordwainers and first, and not last, the weavers. Our library he is hoping to ye public.
Innholder, upholder.
— Sets on sayfohrt! Go to it, agitator! they bassabosuned over the flowre of their hoose. Godeown moseys and skeep thy beeble bee!
— I will do that, acordial, by mine hand, sazd Kersse, piece Cod, and in the flap of a jacket, ructified after his nap of a blankit their o’cousin, as sober as the ship’s husband he was one my god-father when he told me saw whileupon I am now well and jurily sagasfide after the boonamorse the widower, according to rider, following pnomoneya, he is consistently blown to Adams. So help me boyg who keeps the book!
Whereofter, behest his suzerain law the Thing and the pilsener had the baar, Recknar Jarl, (they called him Roguenor, Irl call him) still passing the change-a-pennies, pengeypigses, a several sort of coyne in livery, pushed their whisper in his hairing, (seemed, a some shipshep’s sottovoxed stalement, a dearagadye, to hasvey anyone doing duty for duff point of dorkland compors) the same to the good ind ast velut discharge after which he had exemptied more than orphan for the ballast of his nurtural life. And threw a cast. A few pigses and hare you are and no chicking, tribune’s tribute, if you guess mimic miening. Meanly in his lewd-brogue take your tyon coppels token, with this good sixtric from-mine runbag of juwels. Nummers that is summus that is toptip that is bottombay that is Twomeys that is Digges that is Heres. In the frameshape of hard mettles. For we all would fain make glories. It is minely well mint.
Thus as count the costs of liquid courage, a bullyon gauger, stowed stivers pengapung in bulk in hold (fight great finnence! brayvoh, littIe bratton!) keen his kenning, the queriest of the crew, with that fellow fearing for his own misshapes, should he be himpself namesakely a foully fallen dissentant from the peripu-lator, sued towerds Meade–Reid and Lynn–Duff, rubbing the hodden son of a pookal, leaden be light, lather be dry and it be drownd on all the ealsth beside, how the camel and where the deiffel or when the finicking or why the funicking, who caused the scaffolding to be first removed you give orders, babeling, were their reidey meade answer when on the cutey (the cores-pondent) in conflict of evidence drew a kick at witness but (missed) and for whom in the dyfflun’s kiddy removed the planks they were wanted, boob.
Bump!
Bothallchoractorschumminaroundgansumuminarumdrum-strumtruminahumptadumpwaultopoofoolooderamaunsturnup!
— Did do a dive, aped one.
— Propellopalombarouter, based two.
— Rutsch is for rutterman ramping his roe, seed three. Where the muddies scrimm ball. Bimbim bimbim. And the maidies scream all. Himhim himhim.
And forthemore let legend go lore of it that mortar scene so cwympty dwympty what a dustydust it razed arboriginally but, luck’s leap to the lad at the top of the ladder, so sartor’s risorted why the sinner the badder! Ho ho ho hoch! La la la lach! Hillary rillarry gibbous grist to our millery! A pushpull, qq: quiescence, pp: with extravent intervulve coupling.. The savest lauf in the world. Paradoxmutose caring, but here in a present booth of Balla-clay, Barthalamou, where their dutchuncler mynhosts and serves them dram well right for a boors’ interior (homereek van hohm-ryk) that salve that selver is to screen its auntey and has ringround as worldwise eve her sins (pip, pip, pip) willpip futurepip feature apip footloose pastcast with spareshins and flash substittles of noirse-made-earsy from a nephew mind the narrator but give the devil his so long as those sohns of a blitzh call the tuone tuone and thonder alout makes the thurd. Let there be. Due.
— That’s all murtagh purtagh but whad ababs his dopter? sissed they who were onetime ungkerls themselves, (when the youthel of his yorn shook the bouchal in his bed) twilled along-side in wiping the Ace assatiated with their wetting. The lappel of his size? His ros in sola velnere and he sicckumed of homnis terrars. She wends to scoulas in her slalpers. There were no pea-nats in her famalgia so no wumble she tumbled for his famas roalls davors. Don’t him forget! A butcheler artsed out of Cullege Trainity. Diddled he daddle a drop of the cradler on delight mebold laddy was stetched? Knit wear? And they addled, (or ere the cry of their tongues would be uptied dead) Shufflebotham asidled, plus his ducks fore his drills, an inlay of a liddle more lining maught be licensed all at ones, be these same tokens, for-giving a brass rap, sneither a whole length nor a short shift so full as all were concerned.
Burniface, shiply efter, shoply after, at an angle of lag, let flow, brabble brabble and brabble, and so hostily, heavyside breathing, came up with them and, check me joule, shot the three tailors, butting back to Moyle herring, bump as beam and buttend, roller and reiter, after the diluv’s own deluge, the seasant samped as skibber breezed in, tripping, dripping, threw the sheets in the wind, the tights of his trunks at tickle to tackle and his rubmelucky truss rehorsing the pouffed skirts of his overhawl. He’d left his stickup in his hand to show them none ill feeling. Whatthough for all appentices it had a mushroom on it. While he faced them front to back, Then paraseuls round, quite taken atack, sclaiming, Howe cools Eavybrolly!
— Good marrams, sagd he, freshwatties and boasterdes all, as he put into bierhiven, nogeysokey first, cabootle segund, jilling to windwards, as he made straks for that oerasound the snarsty weg for Publin, so was his horenpipe lug in the lee off their mouths organs, with his tilt too taut for his tammy all a slaunter and his wigger on a wagger with its tag tucked. Up. With a good eastering and a good westering. And he asked from him how the hitch did do this my fand sulkers that mone met the Kidballacks which he suttonly remembered also where the hatch was he endnew strandweys he’s that fond sutchenson, a penincular fraimd of mind, fordeed he was langseling to talka holt of hems, clown toff, tye hug fliorten. Cablen: Clifftop. Shelvling tobay oppe-long tomeadow. Ware cobbles. Posh.
— Skibbereen has common inn, by pounautique, with poke-way paw, and sadder raven evermore, telled shinshanks lauwering frankish for his kicker who, through the medium of gallic
— Pukkelsen, tilltold. That with some our prowed invisors how their ulstravoliance led them infroraids, striking down and landing alow, against our aerian insulation resistance, two boards that beached, ast one, wid-ness thane and tysk and hanry. Prepatrickularly all, they summed. Kish met. Bound to. And for landlord, noting, nodding, a coast to moor was cause to mear. Besides proof plenty, over proof While they either took a heft. Or the other swore his eric. Heaved two, spluiced the menbrace. Heirs at you, Brewinbaroon! Weth a whistle for methanks.
— Good marrams and good merrymills, sayd good mothers gossip, bobbing his bowing both ways with the bents and skerries, when they were all in the old walled of Kinkincaraborg (and that they did overlive the hot air of Montybunkum upon the coal blasts of Mitropolitos let there meeds be the hourihorn), hibernia-ting after seven oak ages, fearsome where they were he had gone dump in the doomering this tide where the peixies would pickle him down to the button of his seat and his sess old soss Erinly into the boelgein with the help of Divy and Jorum’s locquor and shut the door after him to make a rarely fine Ran’s cattle of fish. Morya Mortimor! Allapalla overus! Howoft had the ballshee tried! And they laying low for his home gang in that eeriebleak mead, with fireball feast and turkeys tumult and paupers patch to provide his bum end. The foe things your niggerhead needs to be fitten for the Big Water. He made the sign of the ham-mer. God’s drought, he sayd, after a few daze, thinking of all those bliakings, how leif pauses! Here you are back on your haw-kins, from Blasil the Brast to our povotogesus portocall, the furt on the turn of the hurdies, slave to trade, vassal of spices and a dragon-the-market, and be turbot, lurch a stripe, as were you soused methought out of the mackerel. Eldsfells! sayd he. A kumpavin on iceslant! Here’s open handlegs for one old faulker from the hame folk here in you’s booth! So sell me gundy, sagd the now waging cappon, with a warry posthumour’s expletion, shoots ogos shootsle him or where’s that slob? A bit bite of keesens, he sagd, til Dennis, for this jantar (and let the dobblins roast perus,) or a stinger, he sagd, t. d., on a doroughbread ken-nedy’s for Patriki San Saki on svo fro or my old relogion’s out of tiempor and when I’m soured to the tipple you can sink me lead, he sagd, and, if I get can, sagd he, a pusspull of tomtar-tarum. Thirst because homing hand give. Allkey dallkey, sayd the shop’s housebound, for he was as deep as the north star (and could tolk sealer’s solder into tankar’s tolder) as might have sayd every man to his beast, and a treat for the trading scow, my cater million falls to you and crop feed a stall! Afram. And he got and gave the ekspedient for Hombreyhambrey wilcomer what’s the good word. He made the sign on the feaster. Cloth be laid! And a disk of osturs for the swanker! Allahballah! He was the care-lessest man I ever see but he sure had the most sand. One fish — ball with fixings! For a dan of a ven of a fin of-a son of a gun of a gombolier. Ekspedient, sayd he, sonnur mine, Shackleton Sul-ten! Opvarts and at ham, or this ogry Osler will oxmaul us all, sayd he, like one familiar to the house, while Waldemar was heeling it and Maldemaer was toeing it, soe syg he was walking from the bowl at his food and the meer crank he was waiting for the tow of his turn. Till they plied him behaste on the fare. Say wehrn!
— Nohow did he kersse or hoot alike the suit and solder skins, minded first breachesmaker with considerable way on and
— Humpsea dumpsea, the munchantman, secondsnipped cutter the curter.
— A ninth for a ninth. Take my worth from it. And no mistaenk, they thricetold the taler and they knew the whyed for too. The because of his sosuch. Uglymand fit himshemp but throats fill us all! And three’s here’s for repeat of the unium! Place the scaurs wore on your groot big bailey bill, he apullajibed, the O’Colonel Power, latterly distented from the O’Conner Dan, so promonitory himself that he was obliffious of the headth of hosth that rosed before him, from Sheeroskouro, under its zembliance of mardal mansk, like a dun darting dullemitter, with his moultain haares stuck in plostures upon it, (do you kend yon peak with its coast so green?) still trystfully acape for her his gragh knew well in pre- cious memory and that proud grace to her, in gait a movely water, of smile a coolsome cup, with that rarefied air of a Montmalency and her quick little breaths and her climbing colour. Take thee live will save thee wive? I’ll think uplon, lilady. Should anerous enthroproise call homovirtue, duinnafear! The ghem’s to the ghoom be she nere zo zma. Obsit nemon! Floodlift, her ancient of rights regaining, so yester yidd, even remembrance. And greater grown then in the trifle of her days, a mouse, a mere tittle, trots offwith the whole panoromacron picture. Her young-free yoke stilling his wandercursus, jilt the spin of a curl and jolt the broadth of a buoy. The Annexandreian captive conquest. Ethna Prettyplume, Hooghly Spaight. Him her first lap, her his fast pal, for ditcher for plower, till deltas twoport. While this glowworld’s lump is gloaming off and han in hende will grow. Through simpling years where the lowcasts have aten of amilikan honey and datish fruits and a bannock of barley on Tham the Thatcher’s palm. O wanderness be wondernest and now! Listen-eath to me, veils of Mina! He would withsay, nepertheloss, that is too me mean. I oldways did me walsh and preechup ere we set to sope and fash. Now eats the vintner over these contents oft with his sad slow munch for backonham. Yet never shet it the brood of aurowoch, not for legions of donours of Gamuels. I have performed the law in truth for the lord of the law, Taif Alif I have held out my hand for the holder of my heart in Anna-polis, my youthrib city. Be ye then my protectors unto Mussa — botomia before the guards of the city. Theirs theres is a gentle — meants agreement. Womensch plodge. To slope through heather till the foot. Join Andersoon and Co. If the flowers of speech valed the springs of me rising the hiker I hilltapped the murk I mist my blezzard way. Not a knocker on his head nor a nick-number on the manyoumeant. With that coldtbrundt natteldster wefting stinks from Alpyssinia, wooving nihilnulls from Memo-land and wolving the ulvertones of the voice. But his spectrem onlymergeant crested from the irised sea in plight, calvitousness, loss, nngnr, gliddinyss, unwill and snorth. It might have been what you call your change of my life but there’s the chance of a night for my lifting. Hillyhollow, valleylow! With the sounds and the scents in the morning.
— I shot be shoddied, throttle me, fine me cowheel for ever, usquebauched the ersewild aleconner, for bringing briars to Bem-bracken and ringing rinbus round Demetrius for, as you wrinkle wryghtly, bully bluedomer, it’s a suirsite’s stircus haunting hes-teries round old volcanoes. We gin too gnir and thus plinary indulgence makes collemullas of us all. But Time is for talerman tasting his tap. Tiptoptap, Mister Maut.
He made one summery (Cholk and murble in lonestime) of his the three swallows like he was muzzling Moselems and torched up as the faery pangeant fluwed down the hisophenguts, a slake for the quicklining, to the tickle of his tube and the twobble of his fable, O, fibbing once upon a spray what a queer and queasy spree it was. Plumped.
Which both did. Prompt. Eh, chrystal holder? Save Ampster-dampster that had rheumaniscences in his netherlumbs.
— By the drope in his groin, Ali Slupa, thinks the cappon, plumbing his liners, we were heretofore.
— And be the coop of his gobbos, Reacher the Thaurd, thinks your girth fatter, apopo of his buckseaseilers, but where’s Horace’s courtin troopsers?
— I put hem behind the oasthouse, sagd Pukkelsen, tuning wound on the teller, appeased to the cue, that double dyode dealered, and he’s wallowing awash swill of the Tarra water. And it marinned down his gargantast trombsathletic like the marousers of the gulpstroom. The kersse of Wolafs on him, shitateyar, he sagd in the fornicular, and, at weare or not at weare, I’m sigen no stretcher, for I carsed his murhersson goat in trotthers with them newbuckle-noosers behigh in the fire behame in the oasthouse. Hops! sagd he.
— Smoke and coke choke! lauffed till the tear trickled drown a thigh the loafers all but a sheep’s whosepants that swished to the lord he hadn’t and the starer his story was talled to who felt that, the fierifornax being thurst on him motophosically, as Omar sometime notes, such a satuation, debauchly to be watched for, would empty dempty him down to the ground.
— And hopy tope! sagd he, anded the enderer, now dyply hypnotised or hopeseys doper himself. And kersse him, sagd he, after inunder tarrapoulling, and the shines he cuts, shinar, the screeder, the stitchimesnider, adepted to nosestorsioms in his budinholder, cummanisht, sagd he, (fouyoufoukou!) which goes in the ways smooking publics, sagd he, bomboosting to be in thelitest civille row faction for a dubblebrasterd navvygaiterd, (flick off that hvide aske, big head!) sagd he, the big bag of my hamd till hem, tollerloon, sagd he, with his pudny bun brofkost when he walts meet the bangd. I will put his fleas of wood in the flour, and he sagd, behunt on the oatshus, the not wellmade one, sagd he, the kersse of my armsore appal this most unmentionablest of men (mundering eeriesk, if he didn’t scalded him all the shimps names in his gitter!) a coathemmed gusset sewer, sagd he, his first cudgin is an innvalet in the unitred stables which is not feed tonights a kirtle offal fisk and he is that woe worstered wastended shootmaker whatever poked a noodle in a clouth!
So for the second tryon all the meeting of the acarras had it. How he hised his bungle oar his shourter and cut the pinter offhis pourer and lay off for Fellagulphia in the farning. From his dhruimadhreamdhrue back to Brighten-pon-the-Baltic, from our lund’s rund turs bag til threathy hoeres a wuke. Ugh!
— Stuff, Taaffe, stuff! interjoked it his wife’s hopesend to the boath of them consistently. Come back to May Aileen.
— Ild luck to it! blastfumed the nowraging scamptail, in flating furies outs trews his cammelskins, the flashlight of his ire wackering from the eyewinker on his masttop. And aye far he fared from Afferik Arena and yea near he night till Blawland Bearring, baken be the brazen sun, buttered be the snows. And the sea shoaled and the saw squalled. And, soaking scupper, didn’t he drain
A pause.
Infernal machinery (serial number: Bullysacre, dig care a dig) having thus passed the buck to billy back from jack (finder the keeper) as the baffling yarn sailed in circles it was now high tide for the reminding pair of snipers to be suitably punished till they had, like the pervious oelkenner done, liquorally no more powers to their elbow. Ignorinsers’ bliss, therefore, their not to say rifle butt target, none too wisefolly, poor fish, (he is eating, he is spun, is milked, he dives) upholding a lampthorne of lawstift as wand of welcome to all men in bonafay, (and the corollas he so has saved gainsts the virus he has thus injected!) discoastedself to that kipsie point of its Dublin bar there, breaking and entering, from the outback’s dead heart, Glasthule Bourne or Boehernapark Nolagh, by wattsismade or bianconi, astraylians in island, a wellknown tall hat blown in between houses by a nightcap of that silk or it might be a black velvet and a kiber galler dragging his hunker, were signalling gael warnings towards Wazwollenzee Haven to give them their beerings, east circular route or elegant central highway. Open, ’tis luck will have it! Lifeboat Alloe, Noeman’s Woe, Hircups Emptybolly! With winkles whelks and cocklesent jelks. Let be buttercup eve lit by night in the Phoenix! Music. And old lotts have funn at Flammagen’s ball. Till Irinwakes from Slumber Deep. How they succeeded by courting daylight in saving darkness he who loves will see.
Business. His bestness. Copeman helpen.
Contrescene.
He cupped his years to catch me’s to you in what’s yours as minest to hissent, giel as gail, geil as gaul, Odorozone, now our-menial servent, blanding rum, milk and toddy with I hand it to you. Saying whiches, see his bow on the hapence, with a pat-tedyr but digit here, he scooped the hens, hounds and horses biddy by bunny, with an arc of his covethand, saved from the drohnings they might oncounter, untill his cubid long, to hide in dry. Aside. Your sows tin the topple, dodgers, trink me dregs! Zoot!
And with the gust of a spring alice the fossickers and swaggelers with him on the hoof from down under piked forth desert roses in that mulligar scrub.
Reenter Ashe Junior. Peiwei toptip, nankeen pontdelounges. Gives fair day. Cheroot. Cheevio!
Off.
— Take off thatch whitehat (lo, Kersse come in back bespoking of loungeon off the Boildawl stuumplecheats for rushirishis Irush-lrish, dangieling his old Conan over his top gallant shouldier so was, lao yiu shao, he’s like more look a novicer on the nevay).
— Tick off that whilehot, you scum of a botch, (of Kersse who, as he turned out, alas, hwen ching hwan chang, had been mocking his hollaballoon a sample of the costume of the country).
— Tape oaf that saw foull and sew wrong, welsher, you suck of a thick, stock and the udder, and confiteor yourself (for bekersse he had cuttered up and misfutthered in the most multiplest manner for that poor old bridge’s masthard slouch a shook of cloakses the wise, hou he pouly hung hoang tseu, his own fitther couldn’t nose him).
Chorus: With his coate so graye. And his pounds that he pawned from the burning.
— And, haikon or hurlin, who did you do at doyle today, my horsey dorksey gentryman. Serge Mee, suit! sazd he, tersey ker-sey. And when Tersse had sazd this Kersse stood them the whole koursse of training how the whole blazy raze acurraghed, from lambkinsback to sliving board and from spark to phoenish. And he tassed him tartly and he sassed him smartly, tig for tager, strop for stripe, as long as there’s a lyasher on a kyat. And they peered him beheld on the pyre.
And it was so. Behold.
— Same capman no nothing horces two feller he feller go where. Isn’t that effect? gig for gag, asked there three newcom-mers till knockingshop at the ones upon a topers who, while in admittance to that impedance, as three as they were there, they had been malttreating themselves to their health’s contempt.
— That’s fag for fig, metinkus, confessed, mhos for mhos, those who, would it not be for that dielectrick, were upon the point of obsoletion, and at the brink of from the pillary of the Nilsens and from the statutes of the Kongbullies and from the millestones of Ovlergroamlius libitate nos, Domnial!
— And so culp me goose, he sazd, szed the ham muncipated of the first course, recoursing, all cholers and coughs with his beauw on the bummell, the bugganeering wanderducken, he sazd, (that his pumps may ship awhoyle shandymound of the dussard), the coarsehair highsaydighsayman, there’s nice tugs he looks, (how you was, Ship Alouset?) he sazd, the bloedaxe bloodooth baltxe-bec, that is crupping into our raw lenguage navel through the lumbsmall of his hawsehole, he sazd, donconfounder him, voyaging after maidens, belly jonah hunting the polly joans, and the hurss of all portnoysers befaddle him, he sazd, till I split in his flags, he sazd, one to one, the landslewder, after Donnerbruch fire. Reefer was a wenchman. One can smell off his wetsments how he is coming from a beach of promisck. Where is that old muttiny, shall I ask? Free kicks he will have from me, turncoats, in Bar Bartley if I wars a fewd years ago. Meistr Capteen Gaascooker, a salestrimmer! As he was soampling me ledder, like pulp, and as I was trailing his fumbelums, like hulp, he’ll fell the fall of me faus, he sazd, like yulp! The goragorridgorballyed pushkalsson, he sazd, with his bellows pockets fulled of potchtatos and his fox in a stomach, a disagrees to his ramskew coddlelecherskithers’ zirkuvs, drop down dead and deaf, and there is never a teilwrmans in the feof fife of Iseland or in the wholeabelongd of Skunkinabory from Drumadunderry till the rumnants of Mecckrass, could milk a colt in thrushes foran furrow follower width that a hole in his tale and that hell of a hull of a hill of a camelump bakk. Fadgest-fudgist!
Upon this dry call of selenium cell (that horn of lunghalloon, Riland’s in peril!) with its doomed crack of the old damn ukonnen power insound in it the lord of the saloom, as if for a flash sala-magunnded himself, listed his tummelumpsk pack and hearinat presently returned him, ambilaterally alleyeoneyesed, from their uppletoned layir to his beforetime guests, that bunch of palers on their round, timemarching and petrolling how, who if they were abound to loose a laugh (Toni Lampi, you booraascal!) they were abooned to let it as the leashed they might do when they felt (O, the wolf he’s on the walk, sees his sham cram bokk!) their joke was coming home to them, the steerage way for stabling, ghus-torily spoeking, gen and gang, dane and dare, like the dud spuk of his first foetotype (Trolldedroll, how vary and likely!), the filli-bustered, the fully bellied. With the old sit in his shoulders, and the new satin atlas onder his uxter, erning his breadth to the swelt of his proud and, picking up the emberose of the lizod lights, his tail toiled of spume and spawn, and the bulk of him, and hulk of him as whenever it was he reddled a ruad to riddle a rede from the sphinxish pairc while Ede was a guardin, ere love a side issue. They hailed him cheeringly, their encient, the murrainer, and wallruse, the merman, ye seal that lubs you lassers, Thallasee or Tullafilmagh, when come of uniform age.
— Heave, coves, emptybloddy!
And ere he could catch or hook or line to suit their saussyskins, the lumpenpack. Underbund was overraskelled. As
— Sot! sod the tailors opsits from their gabbalots, change all that whole set. Shut down and shet up. Our set, our set’s allohn.
And they poured em behoiled on the fire. Scaald!
Rowdiose wodhalooing. Theirs is one lessonless missage for good and truesirs. Will any persen bereaved to be passent bring-back or rumpart to the Hoved politymester. Clontarf, one love, one fear. Ellers for the greeter glossary of code, callen hom: Finucane–Lee, Finucane–Law.
Am. Dg.
Welter focussed.
Wind from the nordth. Warmer towards muffinbell, Lull.
As our revelant Colunnfiller predicted in last mount’s chattiry sermon, the allexpected depression over Schiumdinebbia, a bygger muster of veirying precipitation and haralded by faugh sicknells, (hear kokkenhovens ekstras!) and umwalloped in an unusuable suite of clouds, having filthered through the middelhav of the same gorgers’ kennel on its wage wealthwards and incursioned a sotten retch of low pleasure, missed in some parts but with lucal drizzles, the outlook for tomarry (Streamstress Mandig) beamed brider, his ability good.
What hopends to they?
Giant crash in Aden. Birdflights confirm abbroaching nub- tials. Burial of Lifetenant–Groevener Hatchett, R.I.D. Devine’s Previdence.
Ls. De.
Art thou gainous sense uncompetite! Limited. Anna Lynchya Pourable! One and eleven. United We Stand, even many offered. Don’t forget. I wish auspicable thievesdayte for the stork dyrby. It will be a thousand’s a won paddies. And soon to bet. On drums of bliss. With hapsalap troth, hipsalewd prudity, hopesalot hon-nessy, hoopsaloop luck. After when from midnights unwards the fourposter harp quartetto. (Kiskiviikko, Kalastus. Torstaj, tanssia. Perjantaj, peleja. Lavantaj ja Sunnuntaj, christianismus kirjallisuus, kirjallisuus christianismus.) Whilesd this pellover his finnisch.
— Comither, ahorace, thou mighty man of valour, elderman adaptive of Capel Ysnod, and tsay-fong tsei-foun a laun bricks-number till I’ve fined you a faulter-inlaw, to become your son — to-be, gentlemens tealer, generalman seelord, gosse and bosse, hunguest and horasa, jonjemsums both, in sailsmanship, szed the head marines talebearer, then sayd the ships gospfather in the scat story to the husband’s capture and either you does or he musts ant this moment same, sayd he, so let laid pacts be being betving ye, he sayd, by my main makeshift, he sayd, one fisk and one flesk, as flat as, Aestmand Addmundson you, you’re iron slides and so hompety domp as Paddley Mac Namara here he’s a hardy canooter, for the two breasts of Banba are her soilers and her toilers, if thou wilt serve Idyall as thou hast sayld. Brothers Boathes, brothers Coathes, ye have swallen blooders’ oathes. And Gophar sayd unto Glideon and sayd he to the nowedding captain, the rude hunner-able Humphrey, who was praying god of clothildies by the seven bosses of his trunktarge he would save bucklesome when she wooed belove on him, comeether, sayd he, my merrytime mare-lupe, you wutan whaal, sayd he, into the shipfolds of our quad — rupede island, bless madhugh, mardyk, luusk and cong! Blass Neddos bray! And no more of your maimed acts after this with your kowtoros and criados to every tome, thick and heavy, and our onliness of his revelance to your ultitude. The illfollowable staying in wait for you with the winning word put into his mouth or be the hooley tabell, as Horrocks Toler hath most cares to call it, I’ll rehearse your comeundermends and first mardhyr you en-tirely. As puck as that Paddeus picked the pun and left the lollies off the foiled. A Trinity judge will crux your boom. Pat is the man for thy. Ay ay! And he pured him beheild of the ouishguss, mingling a sign of the cruisk. I popetithes thee, Ocean, sayd he, Oscarvaughther, sayd he, Erievikkingr, sayd he, intra trifum triforium trifoliorum, sayd he, onconditionally, forfor furst of giel-gaulgalls and hero chief explunderer of the clansakiltic, sayd he, the streameress mastress to the sea aase cuddycoalman’s and let this douche for you as a wholly apuzzler’s and for all the puk-kaleens to the wakes of you, sayd he, out of the hellsinky of the howtheners and be danned to ye, sayd he, into our roomyo connellic relation, sayd he, from which our this pledge is given, Tera truly ternatrine if not son towards thousand like expect chrisan athems to which I osker your godhsbattaring, saelir, for as you gott kvold whereafter a gooden diggin and with gooder enscure from osion buck fared agen fairioes feuded hailsohame til Edar in that the loyd mave hercy on your sael! Anomyn and awer. Spickinusand.
— Nansense, you snorsted? he was haltid considerable agenst all religions overtrow so hworefore the thokkurs pokker the big-bug miklamanded storstore exploder would he be whulesalesolde daadooped by Priest Gudfodren of the sacredhaunt suit in Diaeblen–Balkley at Domnkirk Saint Petricksburg? But ear this:
— And here, aaherra, my rere admirable peadar poulsen, sayd he, consistently, to the secondnamed sutor, my lately lamented sponsorship, comesend round that wine and lift your horn, sayd he, to show you’re a skolar for, winter you likes or not, we brought your summer with us and, tomkin about your lief eurek-ason and his undishcovery of americle, be the rolling forties, he sayd, and on my sopper crappidamn, as Harris himself says, to let you in on some crismion dottrin, here is the ninethest pork of a man whisk swimmies in Dybblin water from Ballscodden easthmost till Thyrston’s Lickslip and, sayd he, (whiles the heart of Lukky Swayn slaughed in his icebox for to think of all the soorts of smukklers he would behave in juteyfrieze being forelooper to her) praties peel to our goodsend Brandonius, filius of a Cara, spouse to Fynlogue, he has the nicesth pert of a nittlewoman in the house, la chito, la chato, la Charmadouiro, Tina-bat-Talur, cif for your fob and a tesura astore for you, eslucylamp aswhen the surge seas sombren, that he daughts upon of anny livving plusquebelle, to child and foster, that’s the lippeyear’s wonder of Totty go, Newschool, two titty too at win winnie won, tramity trimming and funnity fare, with a grit as hard as the trent of the thimes but a touch as saft as the dee in flooing and never a Hyderow Jenny the like of her lightness at look and you leap, rheadoromanscing long evmans invairn, about little Anny Roners and all the Lavinias of ester yours and pleding for them to herself in the periglus glatsch hangs over her trickle bed, it’s a piz of fortune if it never falls from the stuffel, and, when that mallaura’s over till next time and all the prim rossies are out dressparading and the tubas tout tout for the glowru of their god, making every Dinny dingle after her down the Dargul dale and (wait awhile, blusterbuss, you’re marchadant too forte and don’t start furlan your ladins till you’ ve learned the lie of her landuage!), when it’s summwer calding and she can hear the pianutunar beyant the bayondes in Combria sleepytalking to the Wiltsh muntons, titting out through her droemer window for the flyend of a touchman over the wishtas of English Strand, when Kilbarrack bell pings saksalaisance that Concessas with Sinbads may (pong!), where our dollimonde sees the phantom shape of Mr Fortunatus Wright since winksome Miss Bulkeley made loe to her wrecker and he took her to be a rover, O, and playing house of ivary dower of gould and gift you soil me peepat my prize, which its a blue loogoont for her in a bleakeyed seusan if she can’t work her mireiclles and give Norgeyborgey good airish timers, while her fresh racy turf is kindly kindling up the lovver with the flu, with a roaryboaryellas would set an Ei-weddyng on fire, let aloon an old Humpopolamos with the boomar — poorter on his brain, aiden bay scye and dye, aasbukividdy, twentynine to her dozen and coocoo him didulceydovely to his old cawcaws huggin and munin for his strict privatear which there’s no pure rube like an ool pool roober when your pullar beer turns out Bruin O’Luinn and beat his barge into a battering pram with her wattling way for cubblin and, be me fairy fay, sayd he, the marriage mixter, to Kersse, Son of Joe Ashe, her coax-fonder, wiry eyes and winky hair, timkin abeat your Andraws Meltons and his lovsang of the short and shifty, I will turn my thinks to things alove and I will speak but threes ones, sayd he, my truest patrions good founter, poles a port and zones asunder, tie up in hates and repeat at luxure, you can better your tooblue prodestind arson, tyler bach, after roundsabouts and donochs and the volumed smoke, though the clonk in his stumble strikes warn, and were he laid out on that counter there like a Slavocrates amongst his skippies, when it comes to the ride onerable, sayd he, that’s to make plain Nanny Ni Sheeres a full Dinamarqueza, and all needed for the lay, from the hursey on the montey with the room in herberge down to forkpiece and bucklecatch, (Elding, my elding! and Lif, my lif!) in the pravacy of the pirmanocturne, hap, sayd he, at that meet hour of night, and hop, sayd he, ant the fyrsty annas everso thried (whiles the breath of Huppy Hulles-pond swumped in his seachest for to renumber all the mallyme — dears’ long roll and call of sweetheart emmas that every had a port in from Coxenhagen till the brottels on the Nile), while taylight is yet slipping under their pillow, (ill omens on Kitty Cole if she’s spilling laddy’s measure!) and before Sing Mattins in the Fields, ringsengd ringsengd, bings Heri the Concorant Erho, and the Referinn Fuchs Gutmann gives us I’ll Bell the Welled or The Steeplepoy’s Revanger and all Thingavalley knows for its never dawn in the dark but the deed comes to life? and raptist bride is aptist breed (tha lassy! tha lassy!), and, to buoy the hoop within us springing, ’tis no timbertar she’ll have then in her arms-brace to doll the dallydandle, our fiery quean, upon the night of the things of the night of the making to stand up the double tet of the oversear of the seize who cometh from the mighty deep and on the night of making Horuse to crihumph over his enemy, be the help of me cope as so pluse the riches of the roed-shields, with Elizabeliza blessing the bedpain, at the willbedone of Yinko Jinko Randy, come Bastabasco and hippychip eggs, she will make a suomease pair and singlette, jodhpur smalls and tailor-less, a copener’s cribful, leaf, bud and berry, the divlin’s own little mimmykin puss, (hip, hip, horatia!) for my old comrhade salty-mar here, Briganteen — General Sir A. I. Magnus, the flapper — nooser, master of the good lifebark Ulivengrene of Onslought,- and the homespund of her hearth, (Fuss his farther was the norse norse east and Muss his mother was a gluepot) and, gravydock or groovy anker, and a hulldread pursunk manowhood, who (with a chenchen for his delight time and a bonzeye nappin through his doze) he is the bettest bluffy blondblubber of an olewidgeon what overspat a skettle in a skib.
Cawcaught. Coocaged.
And Dub did glow that night. In Fingal of victories. Cann-matha and Cathlin sang together. And the three shouters of glory. ·Yelling halfviewed their harps. Surly Tuhal smiled upon drear Darthoola: and Roscranna’s bolgaboyo begirlified the daughter of Cormac. The soul of everyelsesbody rolled into its olesoleself. A doublemonth’s licence, lease on mirth, while hooney-moon and her flame went huneysuckling. Holyryssia, what boom of bells! What battle of bragues on Sandgate where met the bobby mobbed his bibby mabbing through the ryce. Even Tombs left doss and dunnage down in Demidoff’s tomb and drew on the dournailed clogs that Morty Manning left him and legged in by Ghoststown Gate, like Pompei up to date, with a sprig of White-boys heather on his late Luke Elcock’s heirloom. And some say they seen old dummydeaf with a leaf of bronze on his cloak so grey, trooping his colour a pace to the reire. And as owfally posh with his halfcrown jool as if he was the Granjook Meckl or Paster de Grace on the Route de l’Ep‚e. It was joobileejeu that All Sorts’ Jour. Freestouters and publicranks, hafts on glaives. You could hear them swearing threaties on the Cymylaya Mountains, man. And giving it out to the Ould Fathach and louth-mouthing after the Healy Mealy with an enfysis to bring down the rain of Tarar. Nevertoletta! Evertomind! The grandest bethehailey seen or heard on earth’s conspectrum since Scape the Goat, that gafr, ate the Suenders bible. Hadn’t we heaven’s lamps to hide us? Yet every lane had its lively spark and every spark had its several spurtles and each spitfire spurtle had some trick of her trade, a tease for Ned, nook’s nestle for Fred and a peep at me mow for Peer Pol. So that Father Matt Hughes looked taytotally threbled. But Danno the Dane grimmed. Dune. ’Twere yeg will elsecare doatty lanv meet they dewscent hyemn to cannons’ roar and rifles’ peal vill shantey soloweys sang! For there were no more Tyrrhanees and for Laxembraghs was pass-thecupper to Our Lader’s. And it was dim upon the floods only and there was day on all the ground.
Thus street spins legends while wharves woves tales but some family fewd felt a nick in their name. Old Vickers sate down on their airs and straightened the points of their lace. Red Rowleys popped out of their lairs and asked what was wrong with the race. Mick na Murrough used dripping in layers to shave all the furze off his face. The Burke–Lees and Coyle–Finns paid full feines for their sinns when the Cap and Miss Coolie were roped.
Rolloraped.
With her banbax hoist from holder, zig for zag through pool and polder, cheap, cheap, cheap and Laughing Jack, all augurs scorenning, see the Bolche your pictures motion and Kitzy Kleinsuessmein eloping for that holm in Finn’s Hotel Fiord, Nova Norening. Where they pulled down the kuddle and they made fray and if thee don’t look homey, well, that Dook can eye Mae.
He goat a berth. And she cot a manege. And wohl’s gorse mundom ganna wedst.
Knock knock. War’s where! Which war? The Twwinns. Knock knock. Woos without! Without what? An apple. Knock knock.
The kilder massed, one then and uhindred, (harefoot, birdy-hands, herringabone, beesknees), and they barneydansked a kathareen round to know the who and to show the howsome. Why was you hiding, moder of moders? And where was hunty, poppa the gun? Pointing up to skyless heaven like the spoon out of sergeantmajor’s tay. Which was the worst of them phaymix cupplerts? He’s herd of hoarding and her faiths is altared. Becoming ungoing, their seeming sames for though that liamstone deaf do his part there’s a windtreetop whipples the damp off the mourning. But tellusit allasif wellasits end. And the lunger it takes the swooner they tumble two. He knows he’s just thrilling and she’s sure she’d squeam. The threelegged man and the tulip-pied dewydress. Lludd hillmythey, we’re brimming to hear! The durst he did and the first she ever? Peganeen Bushe, this isn’t the polkar, catch as you cancan when high land fling! And you Tim Tommy Melooney, I’ll tittle your barents if you stick that pigpin upinto meh!
So in the names of the balder and of the sol and of the holli-chrost, ogsowearit, trisexnone, and by way of letting the aandt out of her grosskropper and leading the mokes home by their gribes, whoopsabout a plabbaside of plobbicides, alamam alemon, poison kerls, on this mounden of Delude, and in the high places of Delude of Isreal, which is Haraharem and the diublin’s owld mounden over against Vikens, from your tarns, thwaites and thorpes, withes, tofts and fosses, fells, haughs and shaws, lunds, garths and dales, mensuring the megnominous as so will is the littleyest, the myrioheartzed with toroidal coil, eira area round wantanajocky, fin above wave after duckydowndivvy, trader arm aslung beauty belt, the formor velican and nana karlikeevna, sommerlad and cinderenda, Valtivar and Viv, how Big Bil Brine Borumoter first took his gage at lil lolly lavvander waader since when capriole legs covets limbs of a crane and was it the twylyd or the mounth of the yare or the feint of her smell made the seo-men assalt of her (in imageascene all: whimwhim whimwhim). To the laetification of disgeneration by neuhumorisation of our kristianiasation. As the last liar in the earth begeylywayled the first lady of the forest. Though Toot’s pardoosled sauve l’hum-mour! For the joy of the dew on the flower of the fleets on the fields of the foam of the waves of the seas of the wild main from Borneholm has jest come to crown. Snip snap snoody. Noo err historyend goody. Of a lil trip trap and a big treeskooner for he put off the ketyl and they made three (for fie!) and if hec dont love alpy then lad you annoy me. For hanigen with hunigen still haunt ahunt to finnd their hinnigen where Pappappapparrassannuaragheallachnatull-aghmonganmacmacmacwhackfalltherdebblenonthedubblandadd — ydoodled and anruly person creeked a jest. Gestapose to parry off cheekars or frankfurters on the odor. Fine again, Cuoholson! Peace, O wiley!
Such was the act of goth stepping the tolk of Doolin, drain and plantage, wattle and daub, with you’ll peel as I’ll pale and we’ll pull the boath toground togutter, testies touchwood and shenstone unto pop and puma, calf and condor, under all the gaauspices (incorporated), the chal and his chi, their roammerin over, gribgrobgrab reining trippetytrappety (so fore shalt thou flow, else thy cavern hair!) to whom she (anit likenand please-thee!). Till sealump becamedump to bumpslump a lifflebed, (altol…, allamarsch! O gu‚, O gu‚!). Kaemper Daemper to Jetty de Waarft, all the weight of that mons on his little ribbeunuch! Him that gronde old mand to be that haard of heaering (afore said) and her the petty tondur with the fix in her changeable eye (which see), Lord, me lad, he goes with blowbierd, leedy, plasheous stream. But before that his loudship was converted to a landshop there was a little theogamyjig incidence that hoppy-go-jumpy Junuary morn when he colluded with the cad out on the beg amudst the fiounaregal gaames of those oathmassed fenians for whome he’s forcecaused a bridge of the piers, at Inverleffy, mating pontine of their engagement, synnbildising graters and things, eke ysendt? O nilly, not all, here’s the fust cataraction! As if ever she cared an assuan damm about her harpoons sticking all out of him whet between phoenix his calipers and that psourdonome sheath. Sdrats ye, Gus Paudheen! Kenny’s thought ye, Dinny Oozle! While the cit was leaking asphalt like a suburbiaurealis in his rure was tucking to him like old booths, booths, booths, booths.
Enterruption. Check or slowback. Dvershen.
Why, wonder of wenchalows, what o szeszame open, v doer s t doing? V door s being. But how theng thingajarry miens but this being becoming n z doer? K? An o. It is ne not him what foots like a glove, shoehandschiner Pad Podomkin. Sooftly, anni slavey, szszuszchee is slowjaneska.
The aged crafty nummifeed confusionary overinsured ever-Iapsing accentuated katekattershin clopped, clopped, clopped, darsey dobrey, back and along the danzing corridor, as she was going to pimpim him, way boy wally, not without her comple-ment of cavarnan men, between the two deathdealing allied divisions and the lines of readypresent fire of the corkedagains up-stored, taken in giving the saloot, band your hands going in, bind your heads coming out, and remoltked to herselp in her serf’s alown, a weerpovy willowy dreevy drawly and the patter of so familiars, farabroads and behomeans, as she shure sknows, boof for a booby, boo: new uses in their mewseyfume. The jammesons is a cook in his hair. And the juinnesses is a rapin his hind. And the Bullingdong caught the wind up. Dip.
And the message she braught belaw from the missus she bragged abouve that had her agony stays outsize her sari chemise, blancking her shifts for to keep up the fascion since the king of all dronnings kissed her beeswixed hand, fang (pierce me, hunky, I’m full of meunders!), her fize like a tubtail of mondayne clothes, fed to the chaps with working medicals and her birthright pang that would split an atam like the forty pins in her hood, was to fader huncher a howdydowdy, to mountainy mots in her amnest plein language, from his fain a wan, his hot and tot lass, to pierce his ropeloop ear, how, Podushka be prayhasd, now the sowns of his loins were awinking and waking and his dorter of the hush lillabilla lullaby (lead us not into reformication with the poors in your thingdom of gory, O moan!), once after males, nonce at a time, with them Murphy’s puffs she dursted with gnockmeggs and the bramborry cake for dour dorty dompling obayre Mattom Beetom_and epsut the pfot and if he was whishtful to licture her caudal with chesty chach from his dauberg den and noviny news from Naul or toplots talks from morrienbaths or a parrotsprate’s cure for ensevelised lethurgies, spick’s my spoon and the veriblest spoon, ’twas her hour for the chamber’s ensallycopodium with love to melost Panny Kostello from X.Y. Zid for to folly billybobbis gibits porzy punzy and she was a wanton for De Marera to take her genial glow to bed.
— This is time for my tubble, reflected Mr ‘Gladstone Browne’ in the toll hut (it was choractoristic from that ‘man of Delgany’). Dip.
— This is me vulcanite smoking, profused Mr ‘Bonaparte Nolan’ under the natecup (one feels how one may hereby reekig-nites the ‘ground old mahonagyan’). Dip.
— And this is defender of defeater of defaulter of deformer of the funst man in Danelagh, willingtoned in with this glance dowon his browen and that born appalled noodlum the panellite pair’s cummal delimitator, odding: Oliver White, he’s as tiff as she’s tight. And thisens his speak quite hoarse. Dip.
In reverence to her midgetsy the lady of the comeallyous as madgestoo our own one’s goff stature. Prosim, prosit, to the krk n yr nck!
O rum it is the chomicalest thing how it pickles up the punchey and the jude. If you’ll gimmy your thing to me I will gamey a sing to thee. Stay where you’re dummy! To get her to go ther. He banged the scoop and she bagged the sugar while the whole pub’s pobbel done a stare. On the mizzatint wall. With its chromo for all, crimm crimms. Showing holdmenag’s asses sat by Allme-neck’s men, canins to ride with em, canins that lept at em, woollied and flundered.
So the katey’s came and the katey’s game. As so gangs sludge-nose. And that henchwench what hopped it dunneth there duft the. Duras.
(Silents)
Yes, we’ve conned thon print in its gloss so gay how it came from Finndlader’s Yule to the day and it’s Hey Tallaght Ho on the king’s highway with his hounds on the home at a turning. To Donnicoombe Fairing. Millikin’s Pass. When visiting at Izd-la-Chapelle taste the lipe ofthe waters from Carlowman’s Cup.
It tellyhows its story to their six of hearts, a twelve-eyed man; for whom has madjestky who since is dyed drown reign before the izba.
Au! Au! Aue! Ha! Heish!
As stage to set by ritual rote for the grimm grimm tale of the four of hyacinths, the deafeeled carp and the bugler’s dozen of leagues-inamour or how Holispolis went to Parkland with mabby and sammy and sonny and sissy and mop’s varlet de shambles and all to find the right place for it by peep o’skirt or pipe a skirl when the hundt called a halt on the chivvychace of the ground sloper at that ligtning lovemaker’s thender apeal till, between wandering weather and stable wind, vastelend hosteil-end, neuziel and oltrigger some, Bullyclubber burgherly shut the rush in general.
Let us propel us for the frey of the fray! Us, us, beraddy!
Ko Niutirenis hauru leish! A lala! Ko Niutirenis haururu laleish! Ala lala! The Wullingthund sturm is breaking. The sound of maormaoring The Wellingthund sturm waxes fuer-cilier. The whackawhacks of the sturm. Katu te ihis ihis! Katu te wana wana! The strength of the rawshorn generand is known throughout the world. Let us say if we may what a weeny wukeleen can do.
Au! Au! Aue! Ha! Heish! A lala!
— Paud the roosky, weren’t they all of them then each in his different way of saying calling on the one in the same time hibernian knights underthaner that was having, half for the laugh of the bliss it sint barbaras another doesend end once tale of a tublin wished on to him with its olives ocolombs and its hills owns ravings and Tutty his tour in his Nowhare’s yarcht. It was before when Aimee stood for Arthurduke for the figger in pro-fane and fell from grace so madlley for fill the flatter fellows. (They were saying). And it was the lang in the shirt in the green. of the wood, where obelisk rises when odalisks fall, major threft on the make and jollyjacques spindthrift on the merry (O Mr Mathurin, they were calling, what a topheavy hat you’re in! And there aramny maeud, then they were saying, these so piou- pious!). And it was cyclums cyclorums after he made design on the corse and he want to mess on him (enterellbo add all taller Danis), back, seater and sides, and he applied (I’m amazingly sorracer!) the wholed bould shoulderedboy’s width for fullness, measures for messieurs, messer’s massed, (they were saycalling again and agone and all over agun, the louthly meathers, the loudly meaders, the lously measlers, six to one, bar ones).
And they pled him beheighten the firing. Dope.
Maltomeetim, alltomatetam, when a tale tarries shome shunter shove on. Fore auld they wauld to pree.
Pray.
Of this Mr A (tillalaric) and these wasch woman (dapple-hued), fhronehflord and feeofeeds, who had insue keen and able and a spindlesong aside, nothing more is told until now, his awebrume hour, her sere Sahara of sad oakleaves. And then. Be old. The next thing is. We are once amore as babes awondering in a wold made fresh where with the hen in the storyaboot we start from scratch.
So the truce, the old truce and nattonbuff the truce, boys. Drouth is stronger than faction. Slant. Shinshin. Shinshin.
— It was of The Grant, old gartener, qua golden meddlist, Publius Manlius, fuderal private, (his place is his poster, sure, they said, and we’re going to mark it, sore, they said, with a carbon caustick manner) bequother the liberaloider at his petty corpore-lezzo that hung caughtnapping from his baited breath, it was of him, my wife and I thinks, to feel to every of the younging fruits, tenderosed like an atalantic’s breastswells or, on a second wreathing, a bright tauth bight shimmeryshaking for the welt of his plow. And wher-o the peckadillies at his wristsends meetings be loving so lightly dovessoild the candidacy, me wipin eye sinks, of his softboiled bosom should be apparient even to our illicterate of nullatinenties.
All to which not a lot snapped The Nolan of the Calabashes at his whilom eweheart photognomist who by this sum taken was as much incensed by Saint Bruno as that what he had consummed was his own panegoric, and wot a lout about it if it was only a pippappoff pigeon shoot that gracesold getrunner, the man of centuries, was bowled out by judge, jury and umpire at batman’s biff like a witchbefooled legate. Dupe.
His almonence being alaterelly in dispensation with his three oldher patrons’ aid, providencer’s divine cow to milkfeeding mleckman, bonafacies to solafides, what matter what all his freudzay or who holds his hat to harm him, let hutch just keep on under at being a vanished consinent and let annapal livibel prettily prattle a lude all her own. And be that semeliminal salmon solemonly angled, ingate and outgate. A truce to lovecalls, dulled in warclothes, maleybags, things and bleakhusen. Leave the letter that never begins to go find the latter that ever comes to end, written in smoke and blurred by mist and signed of solitude, sealed at night.
Simply. As says the mug in the middle, nay brian nay noel, ney billy ney boney. Imagine twee cweamy wosen. Suppwose you get a beautiful thought and cull them sylvias sub silence. Then inmaggin a stotterer. Suppoutre him to been one bigger-master Omnibil. Then lustily (tutu the font and tritt on the boks — woods like gay feeters’s dance) immengine up to three longly lurking lobstarts. Fair instents the Will Woolsley Wellaslayers. Pet her, pink him, play pranks with them. She will nod ampro-perly smile. He may seem to appraisiate it. They are as piractical jukersmen sure to paltipsypote. Feel the wollies drippeling out of your fingathumbs. Says to youssilves (floweers have ears, heahear!) solowly: So these ease Budlim! How do, dainty dau-limbs? So peached to pick on you in this way, prue and simple, pritt and spry! Heyday too, Malster Faunagon, and hopes your hahititahiti licks the mankey nuts! And oodlum hoodlum dood-lum to yes, Donn, Teague and Hurleg, who the bullocks brought you here and how the hillocks are ye?
We want Bud. We want Bud Budderly. We want Bud Budderly boddily. There he is in his Borrisalooner. The man that shunned the rucks on Gereland. The man thut won the bettlle of the bawll. Order, order, order, order! And tough. We call on Tan-cred Artaxerxes Flavin to compeer with Barnabas Ulick Dunne. Order, order, order! Milster Malster in the chair. We’ve heard it sinse sung thousandtimes. How Burghley shuck the rackushant Germanon. For Ehren, boys, gobrawl!
A public plouse. Citizen soldiers.
TAFF (a smart boy, of the peat freers, thirty two eleven, looking through the roof towards a relevution of the karmalife order privious to his hoisting of an emergency umberolum in byway of paraguastical solation to the rhyttel in his hedd). All was flashing and krashning blurty moriartsky blutcherudd? What see, buttywalch? Tell ever so often?
BUTT (mottledged youth, clergical appealance, who, as his pied friar, is supposing to motto the sorry dejester in tifftaff toffiness or to be digarced from ever and a daye in his accounts). But da. But dada, mwilshsuni. Till even so aften. Sea vaast a pool!
TAFF (porumptly helping himself out by the cesspull with a yellup yurrup, puts up his furry furzed hare). Butly bitly! Humme to our mounthings. Conscribe him tillusk, unt, in his jubalant tubalence, the groundsapper, with his soilday site out on his moulday side in. The gubernier-gerenal in laut-lievtonant of Baltiskeeamore, amaltheouse for leporty hole! Endues paramilintary langdwage. The saillils of the yellavs nocadont palignol urdlesh. Shelltoss and welltass and telltuss aghom! Sling Stranaslang, how Malo-razzias spikes her, coining a speak a spake! Not the Setanik stuff that slimed soft Siranouche! The goot old gunshop monowards for manosymples. Tincurs tammit! They did oak hay doe fou Chang-il-meng when that man d’airain was big top tom saw tip side bum boss pageantfiller. Ajaculate! All lea light! Rassamble the glowrings of Bruyant the Bref when the Mollies Makehal-pence took his leg for his thumb. And may he be too an intrepida — tion of our dreams which we foregot at wiking when the mom hath razed out limpalove and the bleakfrost chilled our ravery! Pook. Sing ching lew mang! Upgo, bobbycop! Lets hear in remember the braise of Hold!
BUTT (drawling forth from his blousom whereis meditabound of his minkerstary, switches on his gorsecopper’s fling weitoheito lang-thorn, fed up the grain oils of Aerin, while his laugh neighs banck as that flashermind’s rays and his lipponease longuewedge wambles). Ullahbluh! Sehyoh narar, pokehole sann! Manhead very dirty by am anoyato. Like old Dolldy Icon when he cooked up his iggs in bicon. He gatovit and me gotafit and Oalgoak’s Cheloven gut a fudden. Povar old pitschobed! Molodeztious of metchennacht belaburt that pentschmyaso! Bog carsse and dam neat, sar, gam can't! Limbers affront of him, lumbers behund. While the bucks bite his dos his hart bides the ros till the bounds of his bays bell the warning. Sobaiter sobarkar. He was enmivallupped. Chro-mean fastion. With all his cannoball wappents. In his raglanrock and his malakoiffed bulbsbyg and his varnashed roscians and his cardigans blousejagged and his scarlett manchokuffs and his tree-coloured camiflag and his perikopendolous gaelstorms. Here weeks hire pulchers! Obriania’s beromst! From Karrs and Polikoff’s, the men’s confessioners. Seval shimars pleasant time payings. Mousoumeselles buckwoulds look. Tenter and likelings.
TAFF (all Perssiasterssias shookatnaratatattar at his waggon-horchers, his bulgeglarying stargapers razzledazzlingly full of eyes, full of balls, full of holes, full of buttons, full of stains, full of medals, full of blickblackblobs). Grozarktic! Toadlebens! Some garment-guy! Insects appalling, low hum clang sin! A cheap decoy! Too deep destroy! Say mangraphique, may say nay por daguerre!
BUTT (if that he hids foregodden has nate of glozery farused ameet the florahs of the follest, his spent fish’s livid smile giving allasundery the bumfit of the doped). Come alleyou jupes of Wymmingtown that graze the calves of Man! A bear raigning in his heavenspawn consomation robes. Rent, outraged, yewleaved, grained, bal-looned, hindergored and voluant! Erminia’s capecloaked hoo — doodman! First he s s st steppes. Then he st stoo stoopt. Lookt.
TAFF (strick struck strangling like aleal lusky Lubliner to merum-ber by the cycl of the cruize who strungled Attahilloupa with what empoisoned El Monte de Zuma and failing wilnaynilnay that he was pallups barn in the minkst of the Krumlin befodt he was pop-soused into the monkst of the vatercan, makes the holypolygon of the emt on the greaseshaper, a little farther, a little soon, a lettera- cettera, oukraydoubray). Scutterer of guld, he is retourious on every roudery! The lyewdsky so so sewn of a fitchid! With his walshbrushup. And his boney bogey braggs.
BUTT (after his tongues in his cheeks, with pinkpoker pointing out in rutene to impassible abjects beyond the mistomist towards Lissnaluhy such as the Djublian Alps and the Hoofd Ribeiro as where he and his trulock may ever make a game). The field of karhags and that bloasted tree. Forget not the felled! For the lomondations of Oghrem! Warful doon’s bothem. Here furry glunn. Nye? Their feery pass. Tak! With guerillaman aspear aspoor to prink the pranks of primkissies. And the buddies be-hide in the byre. Allahblah!
TAFF (a blackseer, he stroves to regulect all the straggles for wife in the rut of the past through the widnows in effigies keening after the blank sheets in their faminy to the relix of oll decency from over draught). Oh day of rath! Ah, murther of mines! Eh, selo moy! Uh, zulu luy! Bernesson Mac Mahahon from Osro bearing nose easger for sweeth prolettas on his swooth prowl!
BUTT (back to his peatrol and paump: swee Gee’s wee rest: no more applehooley: dodewodedook). Bruinoboroff, the hooney-moonger, and the grizzliest manmichal in Meideveide! Whose annal livves the hoiest! For he devoused the lelias on the fined and he conforted samp, tramp and marchint out of the drumbume of a narse. Guards, serf Finnland, serve we all!
TAFF (whatwidth the psychophannies at the front and whetwadth the psuckofumbers beholden the fair, illcertain, between his bulchri-chudes and the roshashanaral, where he sees Bishop Ribboncake plus his pollex prized going forth on his visitations of mirrage or Miss Horizon, justso all our fannacies daintied her, on the curve of the camber, unsheathing a showlaced limbaloft to the great consternations). Divulge! Hyededye, kittyls, and howdeddoh, pan! Poshbott and pulbuties. See that we soll or let dargman be luna as strait a way as your ant’s folly me line while ye post is goang from Piping Pubwirth to Haunted Hillborough on his Mujiksy’s Zaravence, the Riss, the Ross, the sur of all Russers, as my farst is near to hear and my sackend is meet to sedon while my whole’s a peer’s aureolies. We should say you dones the polecad. Bang on the booche, gurg in the gorge, rap on the roof and your flup is unbu . . .
BUTT (at the signal of his act which seems to sharpnel his innermals menody, playing the spool of the little brown jog round the wheel of her whang goes the millner). Buckily buckily, blodestained boyne! Bimbambombumb. His snapper was shot in the Rumjar Journaral. Why the gigls he lubbed beeyed him.
TAFF (obliges with a two stop yogacoga sumphoty on the bones or ivory girl and ebony boy). The balacleivka! Trovatarovitch! I trumble!
BUTT (with the sickle of a scygthe but the humour of a hummer, O, howorodies through his cholaroguled, fumfing to a fullfrength with this wallowing olfact). Mortar martar tartar wartar! May his boules grow wider so his skittles gets worse! The aged monad making a venture out of the murder of investment. I seen him acting surgent what betwinks the scimitar star and the ashen moon. By their lights shalthow throw him! Piff paff for puffpuff and my pife for his cgar! The mlachy way for gambling.
[Up to this curkscraw bind an admirable verbivocovisual pre-sentment of the worldrenownced Caerholme Event has been being
given by The Irish Race and World. The huddled and aliven stable-crashers have shared fleetfooted enthusiasm with the paddocks
dare and ditches tare while the mews was combing ground. Hippo-hopparray helioscope flashed winsor places as the gates might see.
Meusdeus! That was (with burning briar) Mr Twomass Noho-holan for their common contribe satisfunction in the purports of
amusedment telling the Verily Roverend Father Epiphanes
shrineshriver of Saint Dhorough’s (in browne bomler) how
(assuary as there’s a bonum in your osstheology!) Backlegs
shirked the racing kenneldar. The saintly scholarist’s roastering
guffalawd of nupersaturals holler at this metanoic excomologosis
tells of the chestnut’s (once again, Wittyngtom!) absolutionally
romptyhompty successfulness. A lot of lasses and lads without
damas or dads, but fresh and blued with collecting boxes. One
aught spare ores triflets, to be shut: it is Coppingers for the
children. Slippery Sam hard by them, physically present how-
somedever morally absent, was slooching about in his knavish
diamonds asking Gmax, Knox and the Dmuggies (a pinnance for
your toughts, turffers!) to deck the ace of duds. Tomtinker Tim,
howbeit, his unremitting retainer, (the seers are the seers of
Samael but the heers are the heers of Timoth) is in Boozer’s
Gloom, soalken steady in his sulken tents. Baldawl the curse,
baledale the day! And the frocks of shick sheeples in their shum-mering insamples! You see: a chiefsmith, semperal scandal
stinkmakers, a middinest from the Casabianca and, of course,
Mr Fry. Barass! Pardon the inquisition, causas es quostas?
It is Da Valorem’s Dominical Brayers. Why coif that weird
hood? Because among nosoever circusdances is to be apprehended
the dustungwashed poltronage of the lost Gabbarnaur–Jaggar-nath. Pamjab! Gross Jumpiter, whud was thud? Luckluckluck — luckluckluckluck! It is the Thousand to One Guinea–Gooseberry’s
Lipperfull Slipver Cup. Hold hard, ridesiddle titelittle Pitsy
Riley! Gurragrunch, gurragrunch! They are at the turn of the
fourth of the hurdles. By the hross of Xristos, Holophullopopu-lace is a shote of excramation! Bumchub! Emancipator, the
Creman hunter (Major Hermyn C. Entwhistle) with dramatic
effect reproducing the form of famous sires on the scene of the
formers triumphs, is showing the eagle’s way to Mr Whayte-hayte’s three buy geldings Homo Made Ink, Bailey Beacon
and Ratatuohy while Furstin II and The Other Girl (Mrs
‘Boss’ Waters, Leavybrink) too early spring dabbles, are showing
a clean pairofhids to Immensipater. Sinkathinks to oppen here!
To this virgin’s tuft, on this golden of evens! I never sought of
sinkathink. Our lorkmakor he is proformly annuysed He is
shinkly thinkly shaking in his schayns. Sat will be off follteedee.
This eeridreme has being effered you by Bett and Tipp. Tipp and
Bett, our swapstick quackchancers, in From Topphole to Bot
tom of The Irish Race and World.]
TAFF (awary that the first sports report of Loudin Reginald has now been afterthoughtfully colliberated by a saggind spurts flash, takes the dipperend direction and, for tasing the tiomor of malaise after the pognency of orangultonia, orients by way of Sagit-tarius towards Draco on the Lour). And you collier carsst on him, the corsar, with Boyle, Burke and Campbell, I’ll gogemble on strangbones tomb. You had just been cerberating a camp camp camp to Saint Sepulchre’s march through the armeemonds re-treat with the boys all marshalled, scattering giant’s hail over the curseway, fellowed along the rout by the stenchions of the corpse. Tell the coldspell’s terroth! If you please, commeylad! Perfedes Albionias! Think some ingain think, as Teakortairer sate over the Galwegian caftan forewhen Orops and Aasas were chooldrengs and micramacrees! A forward movement, Miles na Bogaleen, and despatch!
BUTT (slinking his coatsleeves surdout over his squad mutton shoulder so as to loop more life the jauntlyman as he scents thc anggreget yup behound their whole scoopchina’s desperate noy’s totalage and explaining aposteriorly how awstooloo was valde-sombre belowes hero and he was in a greak esthate phophiar an erixtion on the soseptuple side of him made spoil apriori his popo-porportiums). Yass, zotnyzor, I don’t think I did not, pojr. Never you brother me for I scout it, think you! Ichts nichts on nichts! Greates Schtschuptar! Me fol the rawlawdy in the schpirrt of a schkrepz. Of all the quirasses and all the qwehrmin in the tra-gedoes of those antiants their grandoper, that soun of a gun — nong, with his sabaothsopolettes, smooking his scandleloose at botthends of him! Foinn duhans! I grandthinked after his obras after another time about the itch in his egondoom he was legging boldylugged from some pulversporochs and lyoking for a stool-eazy for to nemesisplotsch allafranka and for to salubrate himself with an ultradungs heavenly mass at his base by a suprime pomp-ship chorams the perished popes, the reverend and allaverred cromlecks, and when I heard his lewdbrogue reciping his cheap cheateary gospeds to sintry and santry and sentry and suntry I thought he was only haftara having afterhis brokeforths but be the homely Churopodvas I no sooner seen aghist of his frighte-ousness then I was bibbering with vear a few versets off fooling for fjorg for my fifth foot. Of manifest ’tis obedience and the. Flute!
TAFF (though the unglucksarsoon is giming for to git him, jotning in, hoghly ligious, hapagodlap, like a soldierry sap, with a pique at his cue and a tyr in his eye and a bond of his back and a croak in his cry as did jolly well harm lean o’er him) Is not athug who would. Weepon, weeponder, song of sorrowmon! Which goatheye and sheepskeer they damnty well know. Papaist! Gambanman! Take the cawraidd’s blow! Yia! Your partridge’s last!
BUTT (giving his scimmianised twinge in acknuckledownedgment of this cumulikick, strafe from the firetrench, studenly drobs led, sa-toniseels ouchyotchy, he changecors induniforms as he is lefting the gat out of the big: his face glows green, his hair greys white, his bleyes bcome broon to suite his cultic twalette). But when I seeing him in his oneship fetch along within hail that tourrible tall with his nitshnykopfgoknob and attempting like a brandylogged rudeman cathargic, lugging up and laiding down his livepelts so cruschinly like Mebbuck at Messar and expousing his old skinful self tailtottom by manurevring in open ordure to renew-murature with the cowruads in their airish pleasantry I thanked he was recovering breadth from some herdsquatters beyond the carcasses and I couldn’t erver nerver to tell a liard story not of I knew the prize if from lead or alimoney. But when I got inoccu-pation of a full new of his old basemiddelism, in ackshan, pagne pogne, by the veereyed lights of the stormtrooping clouds and in the sheenflare of the battleaxes of the heroim and mid the shieldfails awail of the bitteraccents of the sorafim and caught the pfierce tsmell of his aurals, orankastank, a suphead setrapped, like Peder the Greste, altipaltar, my bill it forsooks allegiance (gut bull it!) and, no lie is this, I was babbeing and yetaghain bubbering, bibbelboy, me marrues me shkewers me gnaas me fiet, tob tob tob beat it, solongopatom..Clummensy if ever mis-used, must used you’s now! But, meac Coolp, Arram of Eirze — rum, as I love our Deer Dirouchy, I confesses withould pride — jealice when I looked upon the Saur of all the Haurousians with the weight of his arge fullin upon him from the travaillings of his tommuck and rueckenased the fates of a bosser there was fear on me the sons of Nuad for him and it was heavy he was for me then the way I immingled my Irmenial hairmaierians ammon-gled his Gospolis fomiliours till, achaura moucreas, I adn’t the arts to.
TAFF (as a marrer off act, prepensing how such waldmanns from Burnias seduced country clowns, he is preposing barangaparang after going knowing what he is doing after to see him pluggy well moidered as a murder effect, you bet your blowie knife, before he doze soze, sopprused though he is) Grot Zot! You hidn’t the hurts? Vott Fonn!
BUTT (hearing somrother sudly give tworthree peevish sniff snuff snoores like govalise falseleep he waitawhishts to see might he stirs and then goes on kuldrum like without asking for pepeace or anysing a soul). Merzmard! I met with whom it was too late. My fate! O hate! Fairwail! Fearwealing of the groan! And think of that when you smugs to bagot.
TAFF (who meanwhilome at yarn’s length so as to put a nodje in the poestcher, by wile of stoccan his hand and of rooma makin ber getting umptyums gatherumed off the skattert, had been lavishing, lagan on lighthouse, words of silent power, susu glouglou biri — biri gongos, upon the repleted speechsalver’s innkeeping right which, thanks giveme and naperied norms nonobstaclant, there can be little doubt, have resulted in a momstchance ministring of another guid-ness, my good, to see) Bompromifazzio! Shumpum for Pa-li-di and oukosouso for the nipper dandy! Trink off this scup and be bladdy orafferteed! To bug at?
BUTT (he whipedoff’s his chimbley phot, as lips lovecurling to the tongueopener, he takecups the communion of sense at the hands of the foregiver of trosstpassers and thereinofter centelinnates that potifex miximhost with haruspical hospedariaty proferring into his pauses somewhot salt bacon). Theres scares knud in this gnarld warld a fully so svend as dilates for the improvement of our foerses of nature by your very ample solvent of referacting upon me like is boesen fiennd.

TAFF (now as he has been past the buckthurnstock from Peadhar Piper of Colliguchuna, whiles they all are bealting pots to dubrin din for old daddam dombstom to tomb and wamb humbs lumbs agamb, glimpse agam, glance agen, rise up road and hive up hill, and find your pollyvoulley foncey pitchin ingles in the parler). Since you are on for versingrhetorish say your piece! How Buccleuch shocked the rosing girnirilles. A ballet of Gasty Power. A hov and az ov and off like a gow! And don’t live out the sad of tearfs, piddyawhick! Not offgott affsang is you, buthbach? Ath yet-heredayth noth endeth, hay? Vaersegood! Buckle to! Sayyessik, Ballygarry. The fourscore soculums are watchyoumaycodding to cooll the skoopgoods blooff. Harkabuddy, feign! Thingman placeyear howed wholst somwom shimwhir tinkledinkledelled. Shinfine deed in the myrtle of the bog tway fainmain stod op to slog, free bond men lay lurkin on. Tuan about whattinghim! Fore sneezturmdrappen! ’Twill be a rpnice pschange, arrah, sir? Can you come it, budd?
BUTT (who in the cushlows of his goodsforseeking hoarth, ever fondlinger of his pimple spurk, is a niallist of the ninth homestages, the babybell in his baggutstract upper going off allatwanst, begad, lest he should challenge himself, beygoad, till angush). Horrasure, toff! As said as would. It was Colporal Phailinx first. Hittit was of another time, a white horsday where the midril met the bulg, sbogom, roughnow along about the first equinarx in the cholon-der, on the plain of Khorason as thou goest from the mount of Bekel, Steep Nemorn, elve hundred and therety and to years how the krow flees end in deed, after a power of skimiskes, blodidens and godinats of them, when we sight the beasts, (heg-heg whatlk of wraimy wetter!), moist moonful date man aver held dimsdzey death with, and higheye was in the Reilly Oirish Krzerszonese Milesia asundurst Sirdarthar Woolwichleagues, good tomkeys years somewhile in Crimealian wall samewhere in Ayerland, during me weeping stillstumms over the freshprosts of Eastchept and the dangling garters of Marrowbone and daring my wapping stiltstunts on Bostion Moss, old stile and new style and heave a lep onwards. And winn again, blaguadargoos, or lues the day, plays goat, the banshee pealer, if moskats knows whoss whizz, the great day and the druidful day come San Patrisky and the grand day, the excellent fine splendorous long agreeable toastworthy cylindrical day, go Sixt of the Ninth, the heptahundread annam dammias that Hajizfijjiz ells me is and will and was be till the timelag is in it that’s told in the Bok of Alam to columnkill all the prefacies of Erin gone brugk. But Icantenue. And incommixtion. We was lowsome like till we’d took out after the dead beats. So I begin to study and I soon show them day’s reasons how to give the cold shake to they blighty perishers and lay one over the beats. All feller he look he call all feller come longa villa finish. Toumbalo, how was I acclapadad! From them banjopeddlars on the raid. Gidding up me anti vanillas and getting off the stissas me aunties. Boxerising and coxerusing. And swiping a johnny dann sweept for to exercitise myself neverwithstanding the topkats and his roaming cartridges, orussheying and patronning, out all over Crummwiliam wall. Be the why it was me who haw haw.
TAFF (all for letting his tinder and lighting be put to beheiss in the feuer and, while durblinly obasiant to the felicias of the skivis, Still smolking his fulvurite turfkish in the rooking pressance of laddios). Yaa hoo how how, col? Whom battles joined no bottles sever! Worn’t you aid a comp?
BUTT (in his difficoltous tresdobremient, he feels a bitvalike a baddlefall of staot but falls a batforlake a borrlefull of bare). And me awlphul omegrims! Between me rassociations in the postlea-deny past and me disconnections with aplompervious futules I’ve a boodle full of maimeries in me buzzim and medears runs sloze, bleime, as I now with platoonic leave recoil in (how the thickens they come back to one to rust!) me misenary post for all them old boyars that’s now boomaringing in waulholler, me alma marthyrs. I dring to them, bycorn spirits fuselaiding, and you cullies adjutant, even where its contentsed wody, with absents wehrmuth. Junglemen in agleement, I give thee our greatly swooren, Theoccupant that Rueandredful, the thrown-fullvner and all our royal devouts with the arrest of the whole inhibitance of Neuilands! One brief mouth. And a velligoolap-now! Meould attashees the currgans, (if they could get a kick at this time for all that’s hapenced to us!) Cedric said Gormleyson and Danno O’Dunnochoo and Conno O’Cannochar it is this were their names for we were all under that manner barracksers on Kong Gores Wood together, thurkmen three, with those khakireinettes, our miladies in their toileries, the twum plum-yumnietcies, Vjeras Vjenaskayas, of old Djadja Uncken who was a great mark for jinking and junking, up the palposes of womth and wamth, we war, and the charme of their lyse brocade. For lispias harth a burm in eye but whem it bames fire norone screeneth. Hulp, hulp, huzzars! Raise ras tryracy! Freetime’s free! Up Lancesters! Anathem!
TAFF (who still senses that heavinscent houroines that enter-trained him who they were sinuorivals from the sunny Espionia but plied wopsy with his wallets in thatthack of the bustle Bakerloo, (II.32), passing the uninational truthbosh in smoothing irony over the multinotcheralled infructuosities of his grinner set). The rib, the rib, the quean of oldbyrdes, Sinya Sonyavitches! Your Rhoda Cockardes that are raday to embrace our ruddy inflamtry world! In their ohosililesvienne biribarbebeway. Till they’ve kinks in their tringers and boils on their taws. Whor dor the pene lie, Mer Pencho? Ist dramhead countmortial or gonorrhal stab? Mind your pughs and keaoghs, if you piggots, marsh! Do the nut, dingbut! Be a dag! For zahur and zimmerminnes! Sing in the chorias to the ethur:
[In the heliotropical noughttime following a fade of trans-formed Tuff and, pending its viseversion, a metenergic reglow
of beaming Batt, the bairdboard bombardment screen, if taste-fully taut guranium satin, tends to teleframe and step up to
the charge of a light barricade. Down the photoslope in syncopanc
pulses, with the bitts bugtwug their teffs, the missledhropes,
glitteraglatteraglutt, borne by their carnier walve. Spraygun
rakes and splits them from a double focus: grenadite, damny-mite, alextronite, nichilite: and the scanning firespot of the
sgunners traverses the rutilanced illustred sunksundered lines.
Shlossh! A gaspel truce leaks out over the caeseine coatings.
Amid a fluorescence of spectracular mephiticism there caoculates
through the inconoscope stealdily a still, the figure of a fellow-chap in the wohly ghast, Popey O’Donoshough, the jesuneral
of the russuates. The idolon exhibisces the seals of his orders:
the starre of the Son of Heaven, the girtel of Izodella the Calot-tica, the cross of Michelides Apaleogos, the latchet of Jan of
Nepomuk, the puffpuff and pompom of Powther and Pall, the
great belt, band and bucklings of the Martyrology of Gorman.
It is for the castomercies mudwake surveice. The victar. Pleace
to notnoys speach above your dreadths, please to doughboys. Hll,
smthngs gnwrng wthth sprsnwtch! He blanks his oggles because
he confesses to all his tellavicious nieces. He blocks his nosoes be-cause that he confesses to everywheres he was always putting up his
latest faengers. He wollops his mouther with a sword of tusk in as
because that he confesses how opten he used be obening her howonton
he used be undering her. He boundles alltogotter his manucupes
with his pedarrests in asmuch as because that he confesses before
all his handcomplishies and behind all his comfoderacies. And
(hereis can't came back saying he codant steal no lunger, yessis,
catz come buck beques he caudant stail awake) he touched upon
this tree of livings in the middenst of the garerden for inasmuch
as because that he confessed to it on Hillel and down Dalem and
in the places which the lepers inhabit in the place of the stones
and in pontofert jusfuggading amoret now he come to think of it
jolly well ruttengenerously olyovyover the ole blucky shop. Pugger
old Pumpey O’Dungaschiff! There will be a hen collection of him
after avensung on the feld of Hanar. Dumble down, looties and
gengstermen! Dtin, dtin, dtin, dtin!]
BUTT (with a gisture expansive of Mr Lhugewhite Cadderpollard with sunflawered beautonhole pulled up point blanck by mailbag mundaynism at Oldbally Court though the hissindensity buck far of his melovelance tells how when he was fast marking his first lord for cremation the whyfe of his bothem was the very lad’s thing to elter his mehind). Prostatates, pujealousties! Dovolnoisers, prayshyous! Defense in every circumstancias of deboutcheries no the chaste daffs I Pack pickets, pioghs and kughs to be palsey-putred! Be at the peme, prease, of not forgetting or mere betoken yourself to hother prace! Correct me, pleatze commando, for cossakes but I abjure of it. No more basquibezigues for this pole aprican! With askormiles’ eskermillas. I had my billyfell of duckish delights the whole pukny time on rawmeots and juliannes-with their lambstoels in my kiddeneys and my ramsbutter in their sassenacher ribs, knee her, do her and trey her, when th’osirian cumb dumb like the whalf on the fiord and we preying players and pinching peacesmokes, troupkers tomiatskyns all, for Father Petrie Spence of Parishmoslattary to go and leave us and the crimsend daun to shellalite on the darkumen (scene as signed, Slobabogue), feeding and sleeping on the huguenottes (the snuggest spalniel’s where the lieon’s tame!) and raiding revolations over the allbegeneses (sand us and saint us and sound as agun!). Yet still in all, spit for spat, like we chantied on Sunda schoon, every warson wearrier kaddies a komnate in his schnapsack and unlist I am getting foegutfulls of the rugi-ments of savaliged wildfire I was gamefellow willmate and send us victorias with nowells and brownings, dumm, sneak and curry, and all the fun I had in that fanagan’s week. A strange man wearing abarrel. And here’s a gift of meggs and teggs. And as I live by chipping nortons. And ’tis iron fits the farmer, ay. Arcdesedo! Renborumba! Then were the hellscyown days for our fellows, the loyal leibsters, and we was the redugout raw-recruitioners, praddies three and prettish too, a wheeze we has in our waynward islands, wee engrish, one long blue streak, jisty and pithy af durck rosolun, with hand to hand as Homard Kayenne was always jiggilyjugging about in his wendowed courage when our woos with the wenches went wined for a song, tsingirillies’ zyngarettes, while Woodbine Willie, so popiular with the poppyrossies, our Chorney Choplain, blued the air. Sczlanthas! Banzaine! Bissbasses! S. Pivorandbowl. And we all tuned in to hear the topmast noviality. Up the revels drown the rinks and almistips allround! Paddy Bonhamme he vives! En-core! And tig for tag Togatogtug. My droomodose days Y loved you abover all the strest. Blowhole brasshat and boy with his boots off and the butch of our bunch and all. It was buckoo bonzer, beleeme. I was a bare prive without my doglegs but I did not give to one humpenny dump, wingh or wangh, touching those thusengaged slavey generales of Tanah Kornalls, the meelisha’s deelishas, pronouncing their very flank movemens in sunpictorsbosk. Baghus the whatwar! I could always take good cover of myself and, eyedulls or earwakers, preyers for rain or cominations, I did not care three tanker’s hoots, (‘sham! hem! or chaffit!) for any feelings from my lifeprivates on their reptro-grad leanins because I have Their Honours booth my respectables sþurs assistershood off Lyndhurst Terrace, the puttih Misses Celana Dalems, and she in vinting her angurr can belle the troth on her alliance and I know His Heriness, my respeaktoble me-dams culonelle on Mellay Street, Lightnints Gundhur Sawabs, and they would never as the aimees of servation let me down. Not on your bludger life, touters! No peeping, pimpadoors! And, by Jova I never went wrong nor let him doom till, risky wark rasky wolk, at the head of the wake, up come stumblebum (ye olde cottemptable!), his urssian gemenal, in his scutt’s rudes unreformed and he went before him in that nemcon enchelonce with the same old domstoole story and his upleave the fallener as is greatly to be petted (whitesides do his beard!) and I seen his brichashert offensive and his boortholomas vadnhammaggs vise a vise them scharlot runners and how they gave love to him and how he took the ward from us (odious the fly fly flurtation of his him and hers! Just mairmaid maddeling it was it he was!) and, my oreland for a rolvever, sord, by the splunthers of colt and bung goes the enemay the Percy rally got me, messg‚r, (as true as theirs an Almagnian Gothabobus!) to blow the grand off his aceupper. Thistake it’s meest! And after meath the dulwich. We insurrectioned and, be the procuratress of the hory synnotts, before he could tell pullyirragun to parrylewis, I shuttm, missus, like a wide sleever! Hump to dump! Tumbleheaver!
TAFF (camelsensing that sonce they have given bron a nuhlan the volkar boastsung is heading to sea vermelhion but too wellbred not the ignore the umzemlianess of this rifal’s preceedings, in an effort towards autosotorisation, effaces himself in favour of the idiology alwise behounding his lumpy hump off homosodalism which means that if he has lain amain to lolly his liking-cabronne! — he may pops lilly a young one to his herth — combrune —) Oholy rasher, I’m be-liever! And Oho bullyclaver of ye, bragadore-gunneral! The grand ohold spider! It is a name to call to him Umsturdum Vonn! Ah, you were shutter reshottus and sieger besieged. Aha race of fiercemarchands counterination oho of shorpshoopers.
BUTT (miraculising into the Dann Deafir warcry, his bigotes bristling, as, jittinju triggity shittery pet, he shouts his thump and feeh fauh foul finngures up the heighohs of their ahs!) Bluddy-muddymuzzle! The buckbeshottered! He’ll umbozzle no more graves nor home no haunder, lou garou, for gayl geselles in dead men’s hills! Kaptan (backsights to his bared!), His Cum-bulent Embulence, the frustate fourstar Russkakruscam, Dom Allah O’khorwan, connundurumchuff.
TAFF (who, asbestas can, wiz the healps of gosh and his bluzzid maikar, has been sulphuring to himsalves all the pungataries of sin praktice in failing to furrow theogonies of the dommed). Trisseme, the mangoat! And the name of the Most Marsiful, the Aweghost, the Gragious one! In sobber sooth and in souber civiles? And to the dirtiment of the curtailment of his all of man? Notshoh?
BUTT (maomant scoffin, but apoxyomenously deturbaned but thems bleachin banes will be after making a bashman’s haloday out of the euphorious hagiohygiecynicism of his die and be diademmed). Yastsar! In sabre tooth and sobre saviles! Senonnevero! That he leaves nyet is my grafe. He deared me to it and he dared me do it, and bedattle I didaredonit as Cocksnark of Killtork can tell and Ussur Ursussen of the viktaurious onrush with all the rattles in his arctic! As bold and as madhouse a bull in a meadows. Knout Knittrick Kinkypeard! Olefoh, the sourd of foemoe times! Unknun! For when meseemim, and tolfoklokken rolland allover ourloud’s lande, beheaving up that sob of tunf for to claimhis, for to wollpimsolff, puddywhuck. Ay, and untuoning his culothone in an exitous erseroyal Deo Jupto.At that instullt to Igorladns! Prronto! I gave one dobblenotch and I ups with my crozzier. Mirrdo! With my how on armer and hits leg an arrow cockshock rockrogn. Sparro!

TAFF (skimperskamper, his wools gatherings all over cromlin what with the birstol boys artheynes and is it her tour and the crackery of the fullfour fivefirearms and the crockery of their dam- dam domdom chumbers). Wharall thubulbs uptheaires! Shatta-movick?
BUTT (pulling alast stark daniel with alest doog at doorak while too greater than pardon painfully the issue of his mouth diminuen-doing, vility of vilities, he becomes, allasvitally, faint). Shurenoff! Like Faun MacGhoul!
BUTT and TAFF (desprot slave wager and foeman feodal unsheckled, now one and the same person, their fight upheld to right for a wee while being baffled and tottered, umbraged by the shadow of Old Erssia’s magisquammythical mulattomilitiaman, the living by owning over the surfers of the glebe whose sway craven minnions had caused to revile, as, too foul for hell, under boiling Mauses’ burning brand, he falls by Goll’s gillie, but keenheartened by the circuminsistence of the Parkes O’Rarelys in a hurdly gurdly Cicilian concertone of their fonngeena barney brawl, shaken everybothy’s hands, while S. E. Morehampton makes leave to E. N. Sheil-martin after Meetinghouse Lanigan has embaraced Vergemout Hall, and, without falter or mormor or blathrehoot of sophsterliness, pugnate thc pledge of fiannaship, dook to dook, with a commonturn oudchd of fest man and best man astoutsalliesemoutioun palms it off like commodity tokens against a cococancancacacanotioun). When old the wormd was a gadden and Anthea first unfoiled her limbs wanderloot was the way the wood wagged where opter and apter were samuraised twimbs. They had their mutthering ivies and their murdhering idies and their mouldhering iries in that muskat grove but there’ll be bright plinnyflowers in Calo-mella’s cool bowers when the magpyre’s babble towers scorching and screeching from the ravenindove. If thees lobed the sex of his head and mees ates the seep of his traublers he’s dancing figgies to the spittle side and shoving outs the soord. And he’ll be buying buys and go gulling gells with his flossim and jessim of carm, silk and honey while myandthys playing lancifer lucifug and what’s duff as a bettle for usses makes coy cosyn corollanes’ moues weeter to wee. So till butagain budly shoots thon rising germinal let bodley chow the fatt of his anger and badley bide the toil of his tubb.
[The pump and pipe pingers are ideally reconstituted. The
putther and bowls are peterpacked up. All the presents are deter-mining as regards for the future the howabouts of their past
absences which they might see on at hearing could they once smell
of tastes from touch. To ought find a values for. The must over-listingness. When ex what is ungiven. As ad where. Stillhead.
Blunk.]
Shutmup. And bud did down well right. And if he sung dumb in his glass darkly speech lit face to face on allaround.
Vociferagitant. Viceversounding. Namely, Abdul Abulbul Amir or Ivan Slavansky Slavar. In alldconfusalem. As to whom the major guiltfeather pertained it was Hercushiccups’ care to educe. Beauty’s bath she’s bound to bind beholders and pride, his purge, has place appoint in penance and the law’s own libel lifts and lames the low with the lofty. Be of the housed! While the Hersy Hunt they harrow the hill for to rout them rollicking rogues from, rule those racketeer romps from, rein their rockery rides from. Rambling.
Nightclothesed, arooned, the conquerods sway. After their battle thy fair bosom.
— That is too tootrue enough in Solidan’s Island as in Mol-tern Giaourmany and from the Amelakins off to date back to land of engined Egypsians, assented from his opening before his inlookers of where an oxmanstongue stalled stabled the well-nourished one, lord of the seven days, overlord of sats and suns, the sat of all the suns which are in the ring of his system of the sats of his sun, god of the scuffeldfallen skillfilledfelon, who (he contaimns) hangsters, who (he constrains) hersirrs, a gain chang-ful, a mintage vaster, heavy on shirts, lucky with shifts, the top — side humpup stummock atween his showdows fellah, Misto Tee wiley Spillitshops, who keepeth watch in Khummer–Phett, whose spouse is An–Lyph, the dog’s bladder, warmer of his couch in fore. We all, for whole men is lepers, have been nobbut won-terers in that chill childerness which is our true name after the allfaulters (mug’s luck to em!) and, bespeaking of love and lie detectors in venuvarities, whateither the drugs truth of it, was there an iota of from the faust to the lost. And that is at most re-doubtedly an overthrew of each and ilkermann of us, I persuade myself, before Gow, gentlemen, so true as this are my kopfinpot astrode on these is my boardsoldereds.
It sollecited, grobbling hummley, his roundhouse of seven orofaces, of all, guiltshouters or crimemummers, to be sayd by, codnops, advices for, free of gracies, scamps encloded, com-petitioning them, if they had steadied Jura or when they had raced Messafissi, husband of your wifebetter or bestman botcha-lover of you yourself, how comes ever a body in our taylorised world to selve out thishis, whither it gives a primeum nobilees for our notomise or naught, the farst wriggle from the ubivence, whereom is man, that old offender, nother man, wheile he is asame. And fullexampling. The pints in question. With some by-spills. And sicsecs to provim hurtig. Soup’s on!
— A time. And a find time. Whenin aye was a kiddling. And the tarikies held sowansopper. Let there beam a frishfrey. And they sodhe gudhe rudhe brodhe wedhe swedhe medhe in the kanddledrum. I have just (let us suppraise) been reading in a (suppressed) book — it is notwithstempting by meassures long and limited — the latterpress is eminently legligible and the paper, so he eagerly seized upon, has scarsely been buttered in works of previous publicity wholebeit in keener notcase would I turf aside for pastureuration. Packen paper paineth whomto is sacred scriptured sign. Who straps it scraps it that might, if ashed, have healped. Enough, however, have I read of it, like my good bedst friend, to augur in the hurry of the times that it will cocommend the widest circulation and a reputation coextensive with its merits when inthrusted into safe and pious hands upon so edifying a mission as it, I can see, as is his. It his ambullished with expurga-tive plates, replete in information and accampaigning the action passiom, slopbang, whizzcrash, boomarattling from burst to past, as I have just been seeing, with my warmest venerections, of a timmersome townside upthecountrylifer, (Guard place the town!) allthose everwhalmed upon that preposterous blank seat, before the wordcraft of this early woodcutter, a master of vignett- iennes and our findest grobsmid among all their orefices, (and, shukar in chowdar, so splunderdly English!) Mr Aubeyron Birdslay. Chubgoodchob, arsoncheep and wellwillworth a triat! Bismillafoulties. But the hasard you asks is justly ever behind his meddle throw! Those sad pour sad forengistanters, dastychappy dustyrust! Chaichairs. It is that something, awe, aurorbean in that fellow, hamid and damid, (did he have but Hugh de Brassey’s beardslie his wear mine of ancient guised) which comequeers this anywhat perssian which we, owe, realisinus with purups a dard of pene. There is among others pleasons whom I love and which are favourests to mind, one which I have pushed my finker in for the movement and, but for my sealring is none to hand I swear, she is highly catatheristic and there is another which I have fombly fongered freequuntly and, when my signet is on sign again I swear, she is deeply sangnificant. Culpo de Dido! Ars we say in the classies. Kunstful, we others said. What ravening shadow! What dovely line! Not the king of this age could richlier eyefeast in oreillental longuardness with alternate nightjoys of a thousand kinds but one kind. A shahrryar cobbler on me when I am lying! And whilst (when I doot my sliding panel and I hear cawcaw) I have been idylly turmbing over the loose looves leaflefts jaggled casuallty on the lamatory, as is my this is, as I must commit my lips to make misface for misfortune, often, so far as I can chance to recollect from the some farnights ago, (so dimsweet is that selvischdischdienence of to not to be able to be obliged to have to hold further anything than a stone his throw’s fruit’s fall!) when I, if you wil excuse for me this informal leading down of illexpressibles, enlivened toward the Author of Nature by the natural sins liggen gobelimned theirs before me, (how differen-ded with the manmade Eonochs Cunstuntonopolies!), weather — ed they be of a general golf stature, assasserted, or blossomly emblushing thems elves underneed of some howthern folleys, am entrenched up contemplating of myself, wiz my naked I, for relieving purposes in our trurally virvir vergitabale (garden) I sometimes, maybe, what has justly said of old Flannagan, a wake from this or huntsfurwards, with some shock (shell I so render it?) have (when I ope my shylight window and I see coocoo) a notion quiet involuptary of that I am cadging hapsnots as at murmurrandoms of distend renations from ficsimilar phases or dugouts in the behindscenes of our earthwork (what rovining shudder! what deadly loom!) as this is, at no spatial time pro-cessly which regards to concrude chronology about which in fact, at spite of I having belittled myself to my gay giftname of insectarian, happy burgages abeyance would make homesweets-town hopeygoalucrey, my mottu propprior, as I claim, cad’s truck, I coined, I am highly pelaged and deeply gluttened to mind hindmost hearts to see by their loudest reports from my threespawn bottery parts (shsh!) that, colombophile and corvino-phobe alike, when I have remassed me, my travellingself, as from Magellanic clouds, after my contractual expenditures, through the perofficies of merelimb, I, my good grief, I am, I am big altoogooder.
He beached the bark of his tale; and set to husband and vine: and the harpermaster told all the living conservancy, know Meschiameschianah, how that win a gain was in again. Flying the Perseoroyal. Withal aboarder, padar and madar, hal qnd sal, the sens of Ere with the duchtars of Iran. Amick amack amock in a mucktub. Qith the tou loulous and the gryffygryffygryffs, at Fenegans Wick, the Wildemanns. Washed up whight and de-liveried rhight. Loud lauds to his luckhump and bejetties on jo — nahs! And they winxed and wanxed like baillybeacons. Till we woksed up oldermen.
From whose plultibust preaggravated, by baskatchairch theo-logies (there werenighn on thaurity herouns in that alraschil arthouducks draken), they were whoalike placed to say, in the matters off ducomans nonbar one, with bears’ respects to him and bulls’ acknowledgments (come on now, girls! lead off, O cara, whichever won of you wins! The two Gemuas and Jane Agrah and Judy Tombuys!) disassembling and taking him apart, the slammocks, with discrimination for his maypole and a rub in passing over his hump, drogueries inaddendance, frons, fesces and frithstool: 1) he hade to die it, the beetle, 2) he didhithim self, hod’s fush, 3) all ever the pelican huntered with truly fond bull-pen backthought since his toork human life where his personal low outhired his taratoryism, the orenore under the selfhide of his bessermettle, was forsake in his chiltern and lumbojumbo, 4) he was like Fintan fore flood and after sometimes too damned merely often on the saved side, saw he was, 5) regarding to prussyattes or quazzyverzing he wassand no better than he would have been before he could have been better than what he warrant after, 6) blood, musk or haschish, as coked, diamoned or pence-loid, and bleaching him naclenude from all cohlorine matter, down to a boneash bittstoff, he’s, tink fors tank, the same old dustamount on the same old tincoverdull baubleclass, totstitty-winktosser and bogusbagwindburster, whether fitting tyres onto Danelope boys or fluttering flaus for laurettas, whatever the bucket brigade and the plug party says, touchant Arser of the Rum Tipple and his camelottery and lyonesslooting but with a layaman’s brutstrenth, by Jacohob and Esahur and the all saults or all sallies, what we warn to hear, jeff, is the woods of chirpsies cries to singaloo sweecheeriode and sock him up, the oldcant rogue.
Group A.
You have jest (a ham) beamed listening through (a ham pig) his haulted excerpt from John Whiston’s fiveaxled production, The Coach With The Six Insides, from the Tales of Yore of the times gone by before there was a hofdking or a hoovthing or a pinginapoke in Oreland, all sould. Goes Tory by Eeric Whigs is To Become Tintinued in Fearson’s Nightly in the Lets All Wake Brickfaced In Lucan. Lhirondella, jaunty lhirondella! With tirra lirra rondinelles, atantivy we go!
Attention! Stand at!! Ease!!!
We are now diffusing among our lovers of this sequence (to you! to you!) the dewfolded song of the naughtingels (Alys! Alysaloe!) from their sheltered positions, in rosescenery hay-dyng, on the heather side of waldalure, Mount Saint John’s, Jinnyland, whither our allies winged by duskfoil from Moore-parque, swift sanctuary seeking, after Sunsink gang (Oiboe! Hitherzither! Almost dotty! I must dash!) to pour their peace in partial (floflo floreflorence), sweetishsad lightandgayle, twittwin twosingwoolow. Let everie sound of a pitch keep still in reson-ance, jemcrow, jackdaw, prime and secund with their terce that whoe betwides them, now full theorbe, now dulcifair, and when we press of pedal (sof!) pick out and vowelise your name. A mum. You pere Golazy, you mere Bare and you Bill Heeny, and you Smirky Dainty and, more beethoken, you wheckfoolthe-nairyans with all your badchthumpered peanas! We are gluck — glucky in our being so far fortunate that, bark and bay duol with Man Goodfox inchimings having ceased to the moment, so allow the clinkars of our nocturnefield, night’s sweetmoztheart, their Carmen Sylvae, my quest, my queen. Lou must wail to cool me airly! Coil me curly, warbler dear! May song it flourish (in the underwood), in chorush, long make it flourish (in the Nut, in the Nutsky) till thorush! Secret Hookup.
— Roguenaar Loudbrags, that soddy old samph! How high is vuile, var?
To which yes he did, capt, that was the answer.
— And his shartshort trooping its colours! We knows his ventruquulence.
Which that that rang ripprippripplying.
— Bulbul, bulbulone! I will shally. Thou shalt willy. You wouldn't should as youd remesmer. I hypnot. ’Tis golden sickle’s hour. Holy moon priestess, we’d love our grappes of mistellose! Moths the matter? Pschtt! Tabarins comes. To fell our fairest. O gui, O gui! Salam, salms, salaum! Carolus! O indeed and we ware! And hoody crow was ere. I soared from the peach and Missmolly showed her pear too, onto three and away. Whet the bee as to deflowret greendy grassies yellowhorse. Kematitis, cele our er-dours! Did you aye, did you eye, did you everysee suchaway, suchawhy, eeriewhigg airywhugger? Even to the extremity of the world? Dingoldell! The enormanous his, our littlest little! Wee wee, that long alancey one! Let sit on this anthill for our frilldress talk after this day of making blithe inveiled the heart before our groatsupper serves to us Panchomaster and let har- leqwind play peeptomine up all our colombinations! Wins won is nought, twigs too is nil, tricks trees makes nix, fairs fears stoops at nothing. And till Arthur comes againus and sen pea-trick’s he’s reformed we’ll pose him together a piece, a pace. Shares in guineases! There’s lovely the sight! Surey me, man weepful! Big Seat, you did hear? And teach him twisters in tongue irish. Pat lad may goh too. Quicken, aspen;ash and yew; willow, broom with oak for you. And move your tellabout. Not nice is that, limpet lady! Spose we try it promissly. Love all. Naytellmeknot tennis! Taunt me treattening! But do now say to Mr Eustache! Ingean mingen has to hear. Whose joint is out of jealousy now? Why, heavilybody’s evillyboldy’s. Hopping Gra-cius, onthy ovful! O belessk mie, what a nerve! How a mans in his armor we nurses know. Wingwong welly, pitty pretty Nelly! Some Poddy pitted in, will anny petty pullet out? Call Kitty Kelly! Kissykitty Killykelly! What a nossowl buzzard! But what a neats ung gels!
Here all the leaves alift aloft, full o’liefing, fell alaughing over Ombrellone and his parasollieras with their black thronguards from the County Shillelagh. Ignorant invincibles, innocents immutant! Onzel grootvatter Lodewijk is onangonamed before the bridge of primerose and his twy Isas Boldmans is met the bluey-bells near Dandeliond. We think its a gorsedd shame, these go — doms. A lark of limonladies! A lurk of orangetawneymen! You’re backleg wounted, budkley mister, bester of the boyne!
And they leaved the most leavely of leaftimes and the most folliagenous till there came the marrer of mirth and the jangthe-rapper of all jocolarinas and they were as were they never ere. Yet had they laughtered, one on other, undo the end and enjoyed their laughings merry was the times when so grant it High Hila-rion us may too!
Cease, prayce, storywalkering around with gestare romano-verum he swinking about is they think and plan unrawil what.
Back to Droughty! The water of the face has flowed.
The all of them, the sowriegueuxers, blottyeyed boys, in that pig’s village smoke, a sixdigitarian legion on druid circle, the Clandibblon clam cartel, then pulled out and came off and rally agreed them, roasted malts with toasted burleys, in condomnation of his totomptation and for the duration till his repepulation, upon old nollcromforemost ironsides, as camnabel chieftain, since, as Sammon trowed to explain to summon, seeing that, as he had contracted out of islands empire, he might as coolly have rolled to school call, tarponturboy, a grampurpoise, the manyfathom brinegroom with the fortyinch bride, out of the cuptin klanclord kettle auction like the soldr of a britsh he was bound to be and become till the sea got him whilask, from maker to misses and what he gave was as a pattern, he, that hun of a horde, is a finn as she, his tent wife, is a lap, at home on a steed, abroad by the fire (to say nothing of him having done whatyouknow howyou-saw whenyouheard whereyouwot, the kenspeckled souckar, generose as cocke, greediguss with garzelle, uprighter of age and most umbrasive of yews all, under heaviest corpsus exemption) and whoasever spit her in howsoever’s fondling saving her keepers that mould the bould she sould to hould the wine that wakes the barley, the peg in his pantry to hold the heavyache off his heart. The droll delight of deemsterhood, a win from the wood to bond. Like the bright lamps, Thamamahalla, yearin out yearin. Auspicably suspectable but in expectancy of respectable-ness. From dirty flock bedding, drip dropping through the ceil — ing, with two sisters of charities on the front steps and three eva — cuan cleansers at the back gaze, single box and pair of chairs (suspectable), occasionally and alternatively used by husband when having writing to do in connection with equitable druids and friendly or other societies through periods of dire want with comparative plenty (thunderburst, ravishment, dissolution and providentiality) to a sofa allbeit of hoarsehaar with Amodicum cloth, hired payono, still playing off, used by the youngsters for czurnying out oldstrums, three bedrooms upastairs, of which one with fireplace (aspectable), with greenhouse in prospect (par-ticularly perspectable).
And you, when you kept at Dulby, were you always (for that time only) what we knew how when we (from that point solely) were you know where? There you are! And why? Why, hitch a cock eye, he was snapped on the sly upsadaisying coras pearls out of the pie when all the perts in princer street set up their tinker’s humn, (the rann, the rann, that keen of old bards), with them newnesboys pearcin screaming off their armsworths. The boss made dovesandraves out of his bucknesst while herself wears the bowler’s hat in her bath. Deductive Almayne Rogers disguides his voice, shetters behind hoax chestnote from exexive. Heat wives rasing. They jest keeps rosing. He jumps leaps rizing. Howlong!
You known that tom? I certainly know. Is their bann boths-tiesed? Saddenly now. Has they bane reneemed? Soothinly low. Does they ought to buy the papelboy when he footles up their suit? He’s their mark to foil the flouter and they certainty owe.
He sprit in his phiz (baccon!). He salt to their bis (pudden!). He toockled her palam (so calam is solom!). And he suked their friends’ leave (bonnick lass, fair weal!)
— Guilty but fellows culpows! It was felt by me sindeade, that submerged doughdoughty doubleface told waterside labourers. But since we for athome’s health have chanced all that, the wild whips, the wind ships, the wonderlost for world hips, unto their foursquare trust prayed in aid its plumptylump piteousness which, when it turtled around seeking a thud of surf, spake to approach from inherdoff trisspass through minxmingled hair. Though I may have hawked it, said, and selled my how hot peas after theactrisscalls from my imprecurious position and though achance I could have emptied a pan of backslop down drain by whiles of dodging a rere from the middenprivet appurtenant thereof, salving the presents of the board of wumps and pumps, I am ever incalpable, where release of prisonals properly is concerned, of unlifting upfallen girls wherein dangered from them in thereopen out of unadulteratous bowery, with those hintering influences from an angelsexonism. It was merely my barely till their oh offs. Missaunderstaid. Meggy Guggy’s giggag. The code’s proof! The rebald danger with they who would bare white-ness against me I dismissem from the mind of good. He can tell such as story to the Twelfth Maligns that my first was a nurss-maid and her fellower’s a willbe perambulatrix. There are twingty to twangty too thews and leathermail coatschemes penparing to hostpost for it valinnteerily with my valued fofavour to the post puzzles deparkment with larch parchels’ of presents for future branch offercings. The green approve the raid! Shaum Baum’s bode he is amustering in the groves while his shool comes merging along! Want I put myself in their kirtlies I were ayearn to leap with them and show me too bisextine. Dear and lest I for-get mergers and bow to you low, marchers! Attemption! What a mazing month of budsome misses they are making, so wingty-wish to flit beflore their kin! Attonsure! Ears to hears! The skall of a gall (for every dime he yawpens that momouth you could park your ford in it) who has papertreated him into captivities with his inside man by a hocksheat of starvision for an avrageto-peace of parchment, cooking up his lenses to be my apoclogypst, the recreuter of conscraptions, let him be asservent to Kinahaun! For (peace peace perfectpeace!) I have abwaited me in a water of Elin and I have placed my reeds intectis before the Registower of the perception of tribute in the hall of the city of Analbe. How concerns any merryaunt and hworsoever gravesobbers it is perensempry sex of fun to help a dazzle off the othour. What for Mucias and Gracias may the duvlin rape the handsomst! And the whole mad knightmayers’ nest! Tunpother, prison and plotch! If Y shoulden somewhat, well, I am able to owe it, hearth and chem ney easy. They seeker for vannflaum all worldins merkins. I’ll eager make lyst turpidump undher arkens. Basast! And if my liti-gimate was well to wrenn tigtag cackling about it, like the sally berd she is, to abery ham in the Cutey Strict, (I shall call upon my first among my lost of lyrars beyond a jingoobangoist, to overcast her) dismissing mundamanu all the riflings of her vic-tuum gleaner (my old chuck! she drakes me druck! turning out, gay at ninety!) and well shoving offa boastonmess like lots wives does over her handpicked hunsbend, as she would be calling, well, for further oil mircles upon all herwayferer gods and reanouncing my deviltries as was I a locally person of caves until I got my purchase on her firmforhold I am, I like to think, by their sacre-ligion of daimond cap daimond, confessedly in my baron gentil — homme to the manhor bourne till ladiest day as panthoposopher, to have splet for groont a peer of bellows like Bacchulus shakes a rousing guttural at any old cerpaintime by peaching (allsole we are not amusical) the warry warst against myself in the defile as a lieberretter sebaiscopal of these mispeschyites of the first virgi-nial water who, without an auction of biasement from my part, with gladyst tone ahquickyessed in it, overhowe and under-where, the totty lolly poppy flossy conny dollymaukins Though I heave a coald on my bauck and am could up to my eres hoven sametimes I used alltides to be aswarmer for the meekst and the graced. You are not going to not. You might be threeabreasted wholenosing at a whallhoarding from our Don Amir anent villa-yets prostatution precisingly kuschkars tarafs and it could be double densed uncounthest hour of allbleakest age with a bad of wind and a barran of rain, nompos mentis like Novus Elector, what with his Marx and their Groups, yet did a doubt, should a dare, were to you, you would do and dhamnk me, shenker, dhumnk you. Skunk. And fare with me to share with me. Hinther and thonther, hant by hont. By where dauvening shedders down whose rovely lanes. As yose were and as yese is. Sure and you would, Mr Mac Gurk! Be sure and you would, Mr O’Duane! To be sure and you would so, Mr MacElligut! Wod you nods? Mom mom. No mum has the rod to pud a stub to the lurch of amotion. My little love apprencisses, my dears, the estelles, van Nessies von Nixies voon der pool, which I had a reyal devouts for yet was it marly lowease or just a feel with these which olderman K.K. Alwayswelly he is showing ot the fullnights for my palmspread was gav to a parsleysprig, the curliest weedeen old ocean coils around, so spruce a spice for salthorse, sonnies, and as tear to the thrusty as Tay-lor’s Spring, when aftabournes, when she was look like a little cheayat chilled (Oh sard! ah Mah!) by my tide impracing, as Beacher seath, and all the colories fair fled from my folced cheeks! Popottes, where you canceal me you mayst forced guage my bribes. Wickedgapers, I appeal against the light! A nexistence of vividence! Panto, boys, is on a looser inloss;ballet, girls, suppline thrown tights. I have wanted to thank you such a long time so much now. Thank you. Sir, kindest of bottleholders and very dear friend, among our hearts of steel, froutiknow, it will befor you, me dare beautiful young soldier, winninger nor anyour of rudi-mental moskats, before you go to mats, you who have watched your share with your sockboule sodalists on your buntad nogs at our love tennis squats regatts, suckpump, when on with the balls did disserve the fain, my goldrush gainst her silvernetss, to say, biguidd, for the love of goddess and perthanow as you reveres your one mothers, mitsch for matsch, and while I reveal thus my deepseep daughter which was bourne up pridely out of meds-dreams unclouthed when I was pillowing in my brime (of Satur — nay Eve, how now, woren’t we’t?), to see, I say, whoahoa, in stay of execution in re Milcho Melekmans, increaminated, what you feel, oddrabbit, upon every strong ground you have ever taken up, by bitterstiff work or battonstaff play, with assault of turk against a barrakraval of grakeshoots, e’en tho’ Jambuwel’s defe-calties is Terry Shimmyrag’s upperturnity, if that is grace for tbe grass what is balm for the bramblers, as it is as it is, that I am the catasthmatic old ruffin sippahsedly improctor to be seducint tro-vatellas, the dire daffy damedeaconesses, like (why sighs the sootheesinger) the lilliths oft I feldt, and, when booboob brutals and cautiouses only aims at the oggog hogs in the humand, then, (Houtes, Blymey and Torrenation, upkurts and scotchem!) I’ll tall tale tell croon paysecurers, sowill nuggets and nippers, that thash on me stumpen blows the gaff offmombition and thit thides or marse makes a good dayle to be shattat. Fall stuff.
His rote in ere, afstef, was.
And dong wonged Magongty till the bombtomb of the warr, thrusshed in his whole soort of cloose.
Whisht who wooed in Weald, bays of Bawshaw binding. The desire of Miriam is the despair of Marian as Joh Joseph’s beauty is Jacq Jacob’s grief. Brow, tell nun; eye, feign sad; mouth, sing mim. Look at Lokman! Whatbetween the cupgirls and the platterboys. And he grew back into his grossery baseness: and for all his grand remonstrance: and there you are.
Here endeth chinchinatibus with have speak finish. With a haygue for a halt on a pouncefoot panse. Pink, pleas pink, two pleas pink, how to pleas pink.
Punk.
Mask one. Mask two. Mask three. Mask four.
Up.
— Look about you, Tutty Comyn!
— Remember and recall, Kullykeg!
— When visiting Dan Leary try the corner house for thee.
— I’ll gie ye credit for simmence more if ye’ll be lymphing. Our four avunculusts.
And, since threestory sorratelling was much too many, they maddened and they morgued and they lungd and they jowld. Synopticked on the word. Till the Juke done it.
Down.
Like Jukoleon, the seagoer, when he bore down in his perry boat he had raised a slide and shipped his orders and seized his pullets and primed their plumages, the fionnling and dubhlet, the dun and the fire, and, sending them one by other to fare fore fom, he had behold the residuance of a delugion: the foggy doze still going strong, the old thalassocrats of invinsible empores, maskers of the waterworld, facing one way to another way and this way on that way, from severalled their fourdimmansions. Where the lighning leaps from the numbulous; where coold by cawld breide lieth langwid; the bounds whereinbourne our solied bodies all attomed attaim arrest: appoint, that’s all. But see what follows. Wringlings upon wronglings among incomputables about an uncomeoutable (an angel prophetethis? kingcorrier of beheasts? the calif in his halifskin? that eyriewinging one?) and the voids bubbily vode’s dodos across the which the boomomouths from their dupest dupes were in envery and anononously blowing great.
Guns.
Keep backwards, please, because there was no good to gundy running up again. Guns. And it was written up in big capital. Guns. Saying never underrupt greatgrandgosterfosters! Guns. And whatever one did they said, the fourlings, that on no acounts you were not to. Guns.
Not to pad them behaunt in the fear. Not to go, tonnerwatter, and bungley well chute the rising gianerant. Not to wandly be woking around jerumsalemdo at small hours about the murketplots, smelling okey boney, this little figgy and arraky belloky this little pink into porker but, porkodirto, to let the gentlemen pedesta-rolies out of the Monabella culculpuration live his own left leave, cullebuone, by perperusual of the petpubblicities without inwoking his also’s between (sic) the arraky bone and (suc) the okey bellock. And not to not be always, hemmer and hummer, treeing unselves up with one exite but not to never be caving nicely, pre-cisely, quicely, rebustly, tendrolly, unremarkably, forsakenly, hal — tedly, reputedly, firstly, somewhatly, yesayenolly about the back excits. Never to weaken up in place of the broths. Never to vvol-lusslleepp in the pleece of the poots. And, allerthings, never to ate the sour deans if they weren’t having anysin on their consients. And, when in Zumschloss, to never, narks, cease till the finely ending was consummated by the completion of accomplishment.
And thus within the tavern’s secret booth The wisehight ones who sip the tested sooth Bestir them as the Just has bid to jab The punch of quaram on the mug of truth.
K.C. jowls, they’re sodden in the secret. K.C. jowls, they sure are wise. K.C. jowls, the justicestjobbers, for they’ll find another faller if their ruse won’t rise. Whooley the Whooper.
There is to see. Squarish large face with the atlas jacket. Brights, brownie eyes in bluesackin shoeings. Peaky booky nose over a lousiany shirt. Ruddy stackle hair besides a strawcamel belt. Namely. Gregorovitch, Leonocopolos, Tarpinacci and Duggel-duggel. And was theys stare all atime? Yea but they was. Andor — ing the games, induring the studies, undaring the stories, end all. Ned? Only snugged then and cosied after one percepted nought while tuffbettle outraged the waywords and meansigns of their hinterhand suppliesdemands. And be they gone to splane splication? That host that hast one on the hoose when backturns when he facefronts none none in the house his geust has guest. You bet they is. And nose well down.
With however what sublation of compensation in the radification of interpretation by the byeboys? Being they. Mr G. B. W. Ashburner, S. Bruno’s Toboggan Drive, Mr Faixgood, Bell-chimbers, Carolan Crescent, Mr I. I. Chattaway, Hilly Gape, Poplar Park, Mr Q. P. Dieudonney, The View, Gazey Peer, Mr T. T. Erchdeakin, Multiple Lodge, Jiff Exby Rode, Mr W. K. Ferris–Fender, Fert Fort, Woovil Doon Botham ontowhom adding the tout that pumped the stout that linked the lank that cold the sandy that nextdoored the rotter that rooked the rhymer that lapped at the hoose that Joax pilled.
They had heard or had heard said or had heard said written.
Fidelisat.
That there first a rudrik kingcomed to an inn court; and the seight of that yard was a perchypole with a loovahgloovah on it; last mannarks maketh man when wandshift winneth womans: so how would it hum, whoson of a which, if someof aswas to start to stunt the story on?
So many needles to ponk out to as many noodles as are com-pany, they noddling all about it tutti to tempo, decumans numbered too, (a) well, that the secretary bird, better known as Pandoria Paullabucca, whom they thought was more like a solicitor general, indiscriminatingly made belief mid authorsagastions from Schelm the Pelman to write somewords to Senders about her chilikin puck, laughing that Poulebec would be the death of her, (b) that, well, that Madges Tighe, the postulate auditressee, when her daremood’s a grownian, is always on the who goes where, hoping to Michal for the latter to turn up with a cupital tea before her ephumeral comes off without any much father which is parting parcel of the same goumeral’s postoppage, it being lookwhyse on the whence blows weather helping mickle so that the loiter end of that leader may twaddle out after a cubital lull with a hopes soon to ear, comprong? (c) becakes the goatsman on question, or what-ever the hen the bumbler was, feeling not up to scratch bekicks of whatever the kiddings Payne Inge and Popper meant for him, thoughy onced at a throughlove, true grievingfrue danger, as a nirshe persent to his minstress, devourced the pair of them Mather Caray’s chucklings, pante blanche, and skittered his litters like the cavaliery man in Cobra Park for ungeborn yenkelmen, Jeremy Trouvas or Kepin O’Keepers, any old howe and any old then and when around Dix Dearthy Dungbin, remarking sceni-cally with laddylike lassitude upon what he finally postscrapped, (d) after it’s so long till I thanked you about I do so much now thank you so very much as you introduced me to fourks, (e) will, these remind to be sane? (f) Fool step! Aletheometry? Or just zoot doon floon?
Nut it out, peeby eye! Onamassofmancynaves.
But. Top.
You were in the same boat of yourselves too, Getobodoff or Treamplasurin; and you receptionated the most diliskious of milisk; which it all flowowered your drooplin dunlearies: but dribble a drob went down your rothole. Meaning, Kelly, Grimes, Phelan, Mollanny, O’Brien, MacAlister, Sealy, Coyle, Hynes–Joynes, Naylar–Traynor, Courcy de Courcy and Gilligan–Goll.
Stunner of oddstodds on bluebleeding boarhorse! What soresen’s head subrises thus tous out of rumpumplikun oak with, well, we cannot say whom we are looking like through his now-face? It is of Noggens whilk dusts the bothsides of the seats of the bigslaps of the bogchaps of the porlarbaar of the marringaar of the Lochlunn gonlannludder of the feof of the foef of forfummed Ship-le-Zoyd.
Boumce! It is polisignstunter. The Sockerson boy. To pump the fire of the lewd into those soulths of bauchees, havsouse-dovers, tillfellthey deadwar knootvindict. An whele time he was rancing there smutsy floskons nodunder ycholerd for their poopishers, ahull onem Fyre maynoother endnow! Shatten up ship! Bouououmce! Nomo clandoilskins cheakinlevers! All ashored for Capolic Gizzards! Stowlaway there, glutany of stainks! Porterfillyers and spirituous suncksters, oooom oooom!
As these vitupetards in his boasum he did strongleholder, bushbrows, nobblynape, swinglyswanglers, sunkentrunk, that from tin of this clucken hadded runced slapottleslup. For him had hord from fard a piping. As? Of?
Dour douchy was a sieguldson. He cooed that loud nor he was young. He cud bad caw nor he was gray Like wather parted from the say.
Ostia, lift it! Lift at it, Ostia! From the say! Away from the say!
Himhim. Himhim.
Hearhasting he, himmed, reromembered all the chubbs, chipps, chaffs, chuckinpucks and chayney chimebells That he had mistri-buted in port, pub, park, pantry and poultryhouse, While they, thered, the others, that are, were most emulously concerned to cupturing the last dropes of summour down through their grooves of blarneying. Ere the sockson locked at the dure. Which he would, shuttinshure. And lave them to sture.
For be all rules of sport ’tis right That youth bedower’d to charm the night Whilst age is dumped to mind the day When wather parted from the say.
The humming, it’s coming. Insway onsway.
Fingool MacKishgmard Obesume Burgearse Benefice, He was bowen hem and scrapin him in recolcitrantament to the right-about And these probenopubblicoes clamatising for an extinsion on his hostillery With his chargehand bombing their eres. Tids, genmen, plays, she been goin shoother off almaynoother on-awares.
You here nort farwellens rouster? Ashiffle ashuffle the wayve they.
From Dancingtree till Suttonstone There’s lads no lie would filch a crown To mull their sack and brew their tay With wather parted from the say.
Lelong Awaindhoo’s a selverbourne enrouted to Rochelle Lane and liberties those Mullinguard minstrelsers are marshal-sing, par tunepiped road, under where, perked on hollowy hill, that poor man of Lyones, good Dook Weltington, hugon come er- rindwards, had hircomed to the belles bows and been cutat-trapped by the mausers. Now is it town again, londmear of Dub — lin! And off coursse the toller, ples the dotter of his eyes with her: Moke the Wanst, whye doe we aime alike a pose of poeter peaced? While the dumb he shoots the shopper rope. And they all pour forth. Sans butly Tuppeter Sowyer, the rouged engene-rand, a barttler of the beauyne, still our benjamin liefest, some — time frankling to thise citye, whereas bigrented him a piers half subporters for his arms, Josiah Pipkin, Amos Love, Raoul Le Feb-ber, Blaize Taboutot, Jeremy Yopp, Francist de Loomis, Hardy Smith and Sequin Pettit followed by the snug saloon seanad of our Caf‚ B‚ranger. The scenictutors.
Because they wonted to get out by the goatweigh afore the sheep was looset for to wish the Wobbleton Whiteleg Welshers kailly-kailly kellykekkle and savebeck to Brownhazelwood from all the dinnasdoolins on the labious banks of their swensewn snewwes-ner, turned again weastinghome, by Danesbury Common, and they onely, duoly, thruely, fairly after rainydraining founty-buckets (chalkem up, hemptyempty!) till they caught the wind abroad (alley loafers passinggeering!) all the rockers on the roads and all the boots in the stretes.
Oh dere! Ah hoy!
Last ye, lundsmin, hasty hosty! For an anondation of miri-fication and the lutification of our paludination.
His bludgeon’s bruk, his drum is tore. For spuds we’ll keep the hat he wore And roll in clover on his clay By wather parted from the say.
Hray! Free rogue Mountone till Dew Mild Well to corry awen and glowry! Are now met by Brownaboy Fuinnninuinn’s former for a lyncheon partyng of his burgherbooh. The Shanavan Wacht. Rantinroarin Batteries Dorans. And that whistling thief, O’ Ryne O’Rann. With a catch of her cunning like and nowhere a keener.
The for eolders were aspolootly at their wetsend in the mailing waters, trying to. Hide! Seek! Hide! Seek! Because number one lived at Bothersby North and he was trying to. Hide! Seek! Hide! Seek! And number two digged up Poors Coort, Soother, trying to. Hide! Seek! Hide! Seek! And nomber three he sleeped with Lilly Tekkles at The Eats and he was trying to. Hide! Seek! Hide! Seek! And the last with the sailalloyd donggie he was berthed on the Moherboher to the Washte and they were all trying to and baffling with the walters of, hoompsydoompsy walters of. High! Sink! High! Sink! Highohigh! Sinkasink!
Waves.
The gangstairs strain and anger’s up As Hoisty rares the can and cup To speed the bogre’s barque away O’er wather parted from the say.
Horkus chiefest ebblynuncies!
— He shook be ashaped of hempshelves, hiding that shepe in his goat. And for rassembling so bearfellsed the magreedy prince of Roger. Thuthud. Heigh hohse, heigh hohse, our kin-dom from an orse! Bruni Lanno’s woollies on Brani Lonni’s hairyparts. And the hunk in his trunk it would be an insalt foul the matter of that cellaring to a pigstrough. Stop his laysense. Ink him! You would think him Alddaublin staking his lordsure like a gourd on puncheon. Deblinity devined. Wholehunting the pairk on a methylogical mission whenever theres imberillas! And calling Rina Roner Reinette Ronayne. To what mine answer is a lemans. Arderleys, beedles and postbillers heard him. Three points to one. Ericus Vericus corrupted into ware eggs. Dummy up, distillery! Broree aboo! Run him a johnsgate down jameses-lane. Begetting a wife which begame his niece by pouring her youngthings into skintighs. That was when he had dizzy spells. Till Gladstools Pillools made him ride as the mall. Thanks to his huedobrass beerd. Lodenbroke the Longman, now he canseels under veerious persons but is always that Rorke relly! On consideration for the musickers he ought to have down it. Pass out your cheeks, why daunt you! Penalty, please! There you’ll know how warder barded the bollhead that parssed our alley. We just are upsidedown singing what ever the dimkims mummur alla-lilty she pulls inner out heads. This is not the end of this by no manners means. When you’ve bled till you’re bone it crops out in your flesh. To tell how your mead of, mard, is made of. All old Dadgerson’s dodges one conning one’s copying and that’s what wonderland’s wanderlad’ll flaunt to the fair. A trancedone boy-script with tittivits by. Ahem. You’ll read it tomorrow, marn, when the curds on the table. A nigg for a nogg and a thrate for a throte. The auditor learns. Still pumping on Torkenwhite Rad-lumps, Lencs. In preplays to Anonymay’s left hinted palinode obviously inspiterebbed by a sibspecious connexion. Note the notes of admiration! See the signs of suspicion! Count the hemi-semidemicolons! Screamer caps and invented gommas, quoites puntlost, forced to farce! The pipette will say anything at all for a change. And you know what aglove means in the Murdrus due-luct! Fewer to feud and rompant culotticism, a fugle for the glee — men and save, sit and sew. And a pants outsizinned on the Doughertys’ duckboard pointing to peace at home. In some, lawanorder on lovinardor. Wait till we hear the Boy of Biskop reeling around your postoral lector! Epistlemadethemology for deep dorfy doubtlings. As we’ll lay till break of day in the bunk of basky, O! Our island, Rome and duty! Well tried, buckstiff! Batt in, boot! Sell him a breach contact, the vendoror, the buylawyer One hyde, sack, hic! Two stick holst, Lucky! Finnish Make Goal! First you were Nomad, next you were Namar, now you’re Nu-mah and it’s soon you’ll be Nomon. Hence counsels Ecclesiast. There’s every resumption. The forgein offils is on the shove to lay you out dossier. Darby’s in the yard, planning it on you, plot and edgings, the whispering peeler after cooks wearing an illfor-mation. The find of his kind! An artist, sir! And dirt cheap at a sovereign a skull! He knows his Finsbury Follies backwoods so you batter see to your regent refutation. Ascare winde is rifing again about nice boys going native. You know who was wrote about in the Orange Book of Estchapel? Basil and the two other men from King’s Avenance. Just press this cold brand against your brow for a mow. Cainfully! The sinus the curse. That’s it. Hung Chung Egglyfella now speak he tell numptywumpty top-sawys belongahim pidgin. Secret things other persons place there covered not. How you fell from story to story like a sagasand to lie. Enfilmung infirmity. On the because alleging to having a finger a fudding in pudding and pie. And here’s the witnesses. Glue on to him, Greevy! Bottom anker, Noordeece! And kick kick killykick for the house that juke built! Wait till they send you to sleep, scowpow! By jurors’ cruces! Then old Hunphy-dunphyville’ll be blasted to bumboards by the youthful herald who would once you were. He’d be our chosen one in the matter of Brittas more than anarthur. But we’ll wake and see. The wholes poors riches of ours hundreds of manhoods and womhoods. Two cents, two mills and two myrds. And it’s all us rangers you’ll be facing in the box before the twelfth correctional. Like one man, gell. Between all the Misses Mountsackvilles in their halfmoon haemicycles, gasping to giddies to dye for the shame. Just hold hard till the one we leapt out gets her yearing! Hired in cameras, extra! With His Honour Surpacker on the binge. So yelp your guilt and kitz the buck. You’ll have loss of fame from Wimme-game’s fake. Forwards! One bully son growing the goff and his twinger read out by the Nazi Priers. You fought as how they’d never woxen up, did you, crucket? It will wecker your earse, that it will! When hives the court to exchequer ’tis the child which gives the sire away. Good for you, Richmond Rover! Scrum around, our side! Let him have another between the spindlers! A grand game! Dalymount’s decisive. Don Gouverneur Buckley’s in the Tara Tribune, sporting the insides of a Rhutian Jhanaral and little Mrs Ex–Skaerer-Sissers is bribing the halfpricers to pray for her widower in his gravest embazzlement. You on her, hosy jigses, that’ll be some nonstop marrimont! You in your stolen mace and anvil, Magnes, and her burrowed in Berkness cirrchus clouthses. Fummuccumul with a graneen aveiled. Playing down the slavey touch. Much as she was when the.fancy cutter out col-lecting milestones espied her aseesaw on a fern. So nimb, he said, a dat of dew. Between Furr-y-Benn and Ferr-y-Bree. In this tear Vikloe vich he lofed. The smiling ever. If you pulls me over pay me, prhyse! A talor would adapt his caulking trudgers on to any shape at see. Address deceitfold of wovens weard. The wonder of the women of the world together, moya! And the lovablest Lima since Ineen MacCormick MacCoort MacConn O’Puckins MacKundred. Only but she is a little width wider got. Be moving abog. You cannot make a limousine lady out of a hillman minx. Listun till you’ll hear the Mudquirt accent. This is a bulgen horesies, this is wollan indulgencies, this is a flemsh. Tik. Scapu-lars, beads and a stump of a candle, Hubert was a Hunter, chemins de la croixes and Rosairette’s egg, all the trimmings off the tree that she picked up after the Clontarf voterloost when O’Bryan MacBruiser bet Norris Nobnut. Becracking his cucconut be-tween his kknneess. Umpthump, Here Inkeeper, it’s the doater — een’s wednessmorn! Delphin dringing! Grusham undergang! And the Real Hymernians strenging strong at knocker knocker! Holy and massalltolled. You ought to tak a dos of frut. Jik. Sauss. You’re getting hoovier, a twelve stone hoovier, fullends a twelve stone hoovier, in your corpus entis and it scurves you right, demnye! Aunt as unclish ams they make oom. But Nichtia you bound not to loose’s gone on Neffin since she clapped her charmer on him at Gormagareen. At the Gunting Munting Hunting Punting. The eitch is in her blood, arrah! For a frecklesome freshcheeky sweetworded lupsqueezer. And he shows how he’ll pick him the lock of her fancy. Poghue! Poghue! Poghue! And a good jump, Powell! Clean over all their heads. We could kiss him for that one, couddled we, Huggins? Sparkes is the footer to hance off nancies. Scaldhead, pursue! Before you bunkledoodle down upon your birchentop again after them three blows from time, drink and hurry. The same three that nursed you, Skerry, Badbols and the Grey One. All of your own club too. With the fistful of burryberries were for the massus for to feed you living in dying. Buy bran biscuits and you’ll never say dog. And be in the finest of companies. Morialtay and Kniferope Walker and Rowley the Barrel. With Longbow of the lie. Slick of the trick and Blennercassel of the brogue. Clanruckard for ever! The Fenn, the Fenn, the kinn of all Fenns! Deaf to the winds when for Croonacreena. Fisht! And it’s not now saying how we are where who’s softing what rushes. Merryvirgin forbed! But of they never eat soullfriede they’re ating it now. With easter greeding. Angus! Angus! Angus! The keykeeper of the keys of the seven doors of the dreamadoory in the house of the house-hold of Hecech saysaith. Whitmore, whatmore? Give it over, give it up! Mawgraw! Head of a helo, chesth of champgnon, eye of a gull! What you’d if he’d. The groom is in the greenhouse, gattling out his. Gun! That lad’s the style for. Lannigan’s ball! Now a drive on the naval! The Shallburn Shock. Never mind your gibbous. Slip on your ropen collar and draw the noosebag on your head. Nobody will know or heed you, Postumus, if you skip round schlymartin by the back and come front sloomutren to beg in one of the shavers’ sailorsuits. Three climbs three-quickenthrees in the garb of nine. We’ll split to see you mouldem imparvious. A wing for oldboy Welsey Wandrer! Well spat, witty wagtail! Now piawn to bishop’s forthe! Moove. There’s Mumblesome Wadding Murch cranking up to the hornemooni-um. Drawg us out Ivy Eve in the Hall of Alum! The finnecies of poetry wed music. Feeling the jitters? You’ll be as tight as Trivett when the knot’s knutted on. Now’s your never! Peena and Queena are duetting a giggle-for-giggle and the brideen Alan-nah is lost in her diamindwaiting. What a magnificent gesture you will show us this gallus day. Clean and easy, be the hooker! And a free for croaks after. Dovlen are out for it. So is Rathfinn. And, hike, here’s the hearse and four horses with the interpro-vincial crucifixioners throwing lots inside to know whose to be their gosson and whereas to brake the news to morhor. How our myterbilder his fullen aslip. And who will wager but he’ll Shonny Bhoy be, the fleshlumpfleeter from Poshtapengha and all he bares sobsconcious inklings shadowed on soulskin’. Its segnet yores, the strake of a hin. Nup. Laying the cloth, to fore of them. And thanking the fish, in core of them. To pass the grace for Gard sake! Ahmohn. Mr Justician Matthews and Mr Justician Marks and Mr Justician Luk de Luc and Mr Justinian Johnston–Johnson. And the aaskart, see, behind! Help, help, hurray! All — sup, allsop! Four ghools to nail! Cut it down, mates, look slippy! They’ve got a dathe with a swimminpull. Dang! Ding! Dong! Dung! Dinnin. Isn’t it great he is swaying above us for his good and ours. Fly your balloons, dannies and dennises! He’s door-knobs dead! And Annie Delap is free! Ones more. We could ate you, par Buccas, and imbabe through you, reassuranced in the wild lac of gotliness. One fledge, one brood till hulm culms evurdyburdy. Huh the throman! Huh the traidor. Huh the truh. Arrorsure, he’s the mannork of Arrahland over-sense he horrhorrd his name in thuthunder. Rrrwwwkkkrrr! And seen it rudden up in fusefiressence on the flashmurket. P.R.C.R.L.L. Royloy. Of the rollorrish rattillary. The lewd-ningbluebolteredallucktruckalltraumconductor! The unnamed nonirishblooder that becomes a Greenislender overnight! But we’re molting superstituettes out of his fulse thortin guts. Tried mark, Easterlings. Sign, Soideric O’Cunnuc, Rix. Adversed ord, Magtmorken, Kovenhow. There’s a great conversion, myn! Cou-cous! Find his causcaus! From Motometusolum through Bulley and Cowlie and Diggerydiggerydock down to bazeness’s usual? He’s alight there still, by Mike! Loose afore! Bung! Bring forth your deed! Bang! Till is the right time. Bang! Partick Thistle agen S. Megan’s versus Brystal Palace agus the Walsall! Putsch! Tiemore moretis tisturb badday! The playgue will be soon over, rats! Let sin! Geh tont! All we wants is to get peace for posses-sion. We dinned unnerstunned why you sassad about thurteen to aloafen, sor, kindly repeat! Or ledn us alones of your lungorge, parsonifier propounde of our edelweissed idol worts! Shaw and Shea are lorning obsen so hurgle up, gandfarder, and gurgle me gurk. You can’t impose on frayshouters like os. Every tub here spucks his own fat. Hang coersion everyhow! And smotther-mock Gramm’s laws! But we’re a drippindhrue gayleague all at ones. In the buginning is the woid, in the muddle is the sound-dance and thereinofter you’re in the unbewised again, vund vulsyvolsy. You talker dunsker’s brogue men we our souls speech obstruct hostery. Silence in thought! Spreach! Wear anartful of outer nocense! Pawpaw, wowow! Momerry twelfths, noebroed! That was a good one, ha! So it will be quite a material what May farther be unvuloped for you, old Mighty, when it’s aped to foul a delfian in the Mahnung. Ha ha! Talk of Paddy- barke’s echo! Kick nuck, Knockcastle! Muck! And you’ll nose it, O you’ll nose it, without warnward from we. We don’t know the sendor to whome. But you’ll find Chiggenchugger’s taking the Treaclyshortcake with Bugle and the Bitch pairsadrawsing and Horssmayres Prosession tyghting up under the threes. Stop. Press stop. To press stop. All to press stop. And be the seem talkin wharabahts hosetanzies, dat sure is sullibrated word! Bing bong! Saxolooter, for congesters are salders’ prey. Snap it up in the loose, patchy the blank! Anyone can see you’re the son of a gunnell. Fellow him up too, Carlow! Woes to the worm-quashed, aye, and wor to the winner! Think of Aerian’s Wall and the Fall of Toss. Give him another for to volleyholleydoodlem! His lights not all out yet, the liverpooser! Boohoohoo it oose! With seven hores always in the home of his thinkingthings, his nodsloddledome of his noiselisslesoughts. Two Idas, two Evas, two Nessies and Rubyjuby. Phook! No wonder, pipes as kirles, that he sthings like a rheinbok. One bed night he had the dely-siums that they were all queens mobbing him. Fell stiff. Oh, ho, ho, ho, ah, he, he! Abedicate yourself It just gegs our goad. He’ll be the deaf of us, pappappoppopcuddle, samblind daiy-rudder. Yus, sord, fathe, you woll, putty our wraughther! What we waits be after? Whyfore we come agooding? None of you, cock icy! You keep that henayearn and her fortycantle glim lookbehinder. We might do with rubiny leeses. But of all your wanings send us out your peppydecked ales and you’ll not be such a bad lot. The rye is well for whose amind but the wheateny one is proper lovely. B E N K! We sincerestly trust that Missus with the kiddies of sweet Gorteen has not B I N K to their very least tittles deranged if in B U N K and we greesiously augur for your Meggers a B E N K B A N K B O N K to sloop in with all sorts of adceterus and adsaturas. It’s our last fight, Megantic, fear you will! The refergee’s took to hailing to time the pass. There goes the blackwatchwomen, all in white, flaxed up, pur-gad! Right toe, Armitage! Tem for Tam at Timmotty Hall! We’re been carried away. Beyond bournes and bowers. So we’ll leave it to Keyhoe, Danelly and Pykemhyme, the three muskrat- eers, at the end of this age that had it from Variants’ Katey Sherratt that had it from Variants’ Katey Sherratt’s man for the bonnefacies of Blashwhite and Blushred of the Aquasancta Liffey Patrol to wind up and to tells of all befells after that to Mocked Majesty in the Malincurred Mansion.
So you were saying, boys? Anyhow he what?
So anyhow, melumps and mumpos of the hoose uncommons, after that to wind up that longtobechronickled gettogether thanksbetogiving day at Glenfinnisk-en-la-Valle, the anniver-sary of his finst homy commulion, after that same barbecue bean — feast was all over poor old hospitable corn and eggfactor, King Roderick O’Conor, the paramount chief polemarch and last pre-electric king of Ireland, who was anything you say yourself be — tween fiftyodd and fiftyeven years of age at the time after the socalled last supper he greatly gave in his umbrageous house of the hundred bottles with the radio beamer tower and its hangars, chimbneys and equilines or, at least, he was’nt actually the then last king of all Ireland for the time being for the jolly good reason that he was still such as he was the eminent king of all Ireland himself after the last preeminent king of all Ireland, the whilom joky old top that went before him in the Taharan dy-nasty, King Arth Mockmorrow Koughenough of the leathered leggions, now of parts unknown, (God guard his generous comicsongbook soul!) that put a poached fowl in the poor man’s pot before he took to his pallyass with the weeping eczema for better and worse until he went under the grass quilt on us, never-theless, the year the sugar was scarce, and we to lather and shave and frizzle him, like a bald surging buoy and himself down to three cows that was meat and drink and dogs and washing to him, ’tis good cause we have to remember it, going through summersultryngs of snow and sleet witht the widow Nolan’s goats and the Brownes girls neats anyhow, wait till I tell you, what did he do, poor old Roderick O’Conor Rex, the aus-picious waterproof monarch of all Ireland, when he found him — self all alone by himself in his grand old handwedown pile after all of them had all gone off with themselves to their castles of mud, as best they cud, on footback, owing to the leak of the McCarthy’s mare, in extended order, a tree’s length from the longest way out, down the switchbackward slidder of the land-sown route of Hauburnea’s liveliest vinnage on the brain, the unimportant Parthalonians with the mouldy Firbolgs and the Tuatha de Danaan googs and the ramblers from Clane and all the rest of the notmuchers that he did not care the royal spit out of his ostensible mouth about, well, what do you think he did, sir, but, faix, he just went heeltapping through the winespilth and weevily popcorks that were kneedeep round his own right royal round rollicking toper’s table, with his old Roderick Ran-dom pullon hat at a Lanty Leary can't on him and Mike Brady’s shirt and Greene’s linnet collarbow and his Ghenter’s gaunts and his Macclefield’s swash and his readymade Reillys and his pan-prestuberian poncho, the body you’d pity him, the way the world is, poor he, the heart of Midleinster and the supereminent lord of them all, overwhelmed as he was with black ruin like a sponge out of water, allocutioning in bellcantos to his own oliverian society MacGuiney’s Dreans of Ergen Adams and thruming through all to himself with diversed tonguesed through his old tears and his ould plaised drawl. starkened by the most regal of belches, like a blurney Cashelmagh crooner that lerking Clare air, the blackberd’s ballad I’ve a terrible errible lot todue todie todue tootorribleday, well, what did he go and do at all, His Most Exuberant Majesty King Roderick 0’Conor but, arrah bedamnbut, he finalised by lowering his woolly throat with the wonderful midnight thirst was on him, as keen as mustard, he could not tell what he did ale, that bothered he was from head to tail, and, wishawishawish, leave it, what the Irish, boys, can do, if he did’nt go, sliggymaglooral reemyround and suck up, sure enough, like a Trojan, in some particular cases with the assistance of his vene-rated tongue, whatever surplus rotgut, sorra much, was left by the lazy lousers of maltknights and beerchurls in the different bot-toms of the various different replenquished drinking utensils left there behind them on the premisses by that whole hogsheaded firkin family, the departed honourable homegoers and other sly- grogging suburbanites, such as it was, fall and fall about, to the brindishing of his charmed life, as toastified by his cheeriubi-cundenances, no matter whether it was chateaubottled Guiness’s or Phoenix brewery stout it was or John Jameson and Sons or Roob Coccola or, for the matter of that, O’Connell’s famous old Dublin ale that he wanted like hell, more that halibut oil or jesuits tea, as a fall back, of several different quantities and quali-ties amounting in all to, I should say, considerably more than the better part of a gill or naggin of imperial dry and liquid measure till, welcome be from us here, till the rising of the morn, till that hen of Kaven’s shows her beaconegg, and Chapwellswendows stain our horyhistoricold and Father MacMichael stamps for aitch o’clerk mess and the Litvian Newestlatter is seen, sold and delivered and all’s set for restart after the silence, like his ancestors to this day after him (that the blazings of their ouldmouldy gods may attend to them we pray!), overopposides the cowery lad in the corner and forenenst the staregaze of the cathering candled, that adornment of his album and folkenfather of familyans, he came acrash a crupper sort of a sate on accomondation and the very boxst in all his composs, whereuponce, behome the fore for cove and trawlers, heave hone, leave lone, Larry’s on the focse and Faugh MacHugh O’Bawlar at the wheel, one to do and one to dare, par by par, a peerless pair, ever here and over there, with his fol the dee oll the doo on the flure of his feats and the feels of the fumes in the wakes of his ears our wineman from Barleyhome he just slumped to throne.
So sailed the stout ship Nansy Hans. From Liff away. For Nattenlaender. As who has come returns. Farvel, farerne! Good-bark, goodbye!
Now follow we out by Starloe!3Embed",may maybe concern guinnesses fright light tribalbalbutience hides aback doom balk deaf height bis life bride eye stammpunct man means mountain barring distance wades lymph plays lazy win ning likes yet pride bogs party begs glory wake scheme like rumba round garden allatheses perhelps prop prompt never etheria deserta grander suburbia finnfannfawners ruric cospolite much moment indispute whyfor hiberio miletians argloe noremen donated birth otion breeder sweatoslaves mysterbolder forced waste ibdullin himana tolvtubular high fidelity daildialler modern tomorrow afternoon appearance minute hearing anybody ruad duchy wollinstown schemed halve wrong type date equipped supershielded umbrella antennas distance getting connected magnetic links bellini tosti coupling system vitaltone speaker capable capturing skybuddies harbour craft emittences key clickings vaticum cleaners due woman formed mobile man made static bawling whowle hamshack wobble eliminium sounds pound serve melegoturny marygoraumd eclectrically filtered allirish earths ohmes harmonic condenser enginium mole caused worked magazine battery called mimmim bimbim patent number thorpetersen synds jomsborg selverbergen tuned twintriodic singul valvulous pipelines lackslipping along liffing deepunded howdrocephalous enlargement gain control circumcentric megacycles ranging antidulibnium onto serostaatarean finally caused leastways brung somehowsthatthe pip lintopinnatrate inthro auricular forfickle known vakingfar sleeper monofractured piaras uarhuamhaighaudhlug tympan founder eustache straight bauliaughacleeagh meatous conch culpable cunduncing naul santry forty routs corthy concertiums brythyc symmonds guild ropemakers reunion variagated peddlars barringoy bnibrthirhd askold olegsonder crowds keef rosses ant rhosso keevers zastwoking ligue yahooth osv lall bygone dozed arborised around corpular fruent reuctionary buckling hummer enville cstorrap man iren thore curlymane lill lubberendth otological life house call evenbreads though cartomance hallucinate like erection night mummery whose deed lur nur immerges mirage merror muzzinmessed one watthour bilaws till time jings pleas host bottlefilled bulkily hulkwight hunter pink face orel orioled inon bout unbulging connell true one seethic luckybock pledge stoup whilom canterberry bellseyes wink wickeding indtil teller oyne oustman skull skand yet ale man hubuljoynted tug fistful culsen patagoreyan chieftain chokanchuckers moyety joyant foamer dispensation pullupped turfeycork greats gobble lougk neagk pressures hoary frother pop gave sullen bulletaction bilge sled movement catharic emulsipotion sloppery slide slaunty tilted liftyelandsmen allamin ambit orbit heaved sink sailer alongside drink drainer basses brothers two theygottheres long lealand luffing ore less lives thor toyler tawn ohr note drew moddle kersse jerkin dressing athwartships buttonhaled norweeger capstan sought lobestir claw propencil clue wickser ear lord barrels comer forth anow mislaid key efas taem ana bright lady comer forth thenanow left temptation path sweeper threshold first strongbowth would deal death drinking link leadder dubble slake thirdst thoughts awake svalves svalves aroon rescue thee baass damp earth honour thee connibell mouth burial done neat trig draught whet sagd ship husband translatentic norjankeltian hwere ketch hook alive suit sowterkins soot sayd ship husband knowing language tayleren ashe whitehead closechop successor ahorror sayd canting around beddest friend tayler finixed coulpure chunk pulley muchy chink topside numpa one sellafella fake capstan make shoot manning sayle clothse lady master whose precised peer trouders pattern cassack let prove pray thee sazd mengarments saving mouthbrand firepool spit faist beggin tape raw baste paddin planked pledge dib dab tog fringe sleeve buthock lad fur whale alloy allay toolth soolth lick like barter parter plenty good enough neighbour norreys every bit grain ship husband brokecurst hail lugger stolp tief stolp come bag moy eireann norweeger capstan swaradeed blowfish schooling lykkehud taiyor ikan heavin sets broken waters made whole waters surfered bark lots vauce aweigh yankered norgean run seven sailend sonnenrounders breastbare brinabath bottoms fatthoms full fram franz jos land til cabo thormendoso evenstarde risingsoon rivor tanneiry golfe desombres farety days fearty nights enjoy maremen tides made veer haul times marred rear fall holey bucket dinned raign hump hump bassed broadersinlaugh quick piddysnip wee halfbit second sazd kersse mainingstaying rigout wife lairdship nett sew hunched back earpicker old sporty endth lord ryehouse reigner nought feared crimp cramp shore sharks plotsome getsome whol niet godthaab errol loritz cape good howthe trippertrice loretta lady maomette monetone twy twy twinky stone hairpins queen prancess telling tabled seeming casket heavenly nay heart sweet hows would keep niece fiddle mealtub wohl yeas sputsbargain rarer recent occasional conformity muggleton muckers alwagers allalong certainly allowed pilerinnager grace petitionists right three blend cupstoomerries customed spirits gill gob burklley bump wallisey wanderlook ceilidhe gailydhe shaunty irish group drinkards maaks grope thinkards reads rotary jewr chrestend respecting otherdogs churchees long plubs plebs plabs low frequency amplification may later agree another people shed sure ads quorum lorimers leathersellers skinners salters pewterers paperstainers parishclerks fletcherbowyers girdlers mercers cordwainers first last weavers library hoping ye public innholder upholder sets sayfohrt go agitator bassabosuned flowre hoose godeown moseys skeep thy beeble bee acordial mine hand sazd kersse piece cod flap jacket ructified nap blankit cousin sober ship husband one godfather told saw whileupon well jurily sagasfide boonamorse widower according rider following pnomoneya consistently blown adams help boyg keeps book whereofter behest suzerain law thing pilsener baar recknar jarl called roguenor irl call still passing changeapennies pengeypigses several sort coyne livery pushed whisper hairing seemed shipshep sottovoxed stalement dearagadye hasvey anyone duty duff point dorkland compors good ind ast velut discharge exemptied orphan ballast nurtural life threw cast pigses hare chicking tribune tribute guess mimic miening meanly lewdbrogue take tyon coppels token good sixtric frommine runbag juwels nummers summus toptip bottombay twomeys digges heres frameshape hard mettles would fain make glories minely well mint thus count costs liquid courage bullyon gauger stowed stivers pengapung bulk hold fight great finnence brayvoh littie bratton keen kenning queriest crew fellow fearing misshapes himpself namesakely foully fallen dissentant peripulator sued towerds meade reid lynn duff rubbing hodden son pookal leaden light lather dry drownd ealsth beside camel deiffel finicking funicking caused scaffolding first removed give orders babeling reidey meade answer cutey corespondent conflict evidence drew kick witness missed dyfflun kiddy removed planks wanted boob bump bothallchoractorschumminaroundgansumuminarumdrumstrumtruminahumptadumpwaultopoofoolooderamaunsturnup dive aped one propellopalombarouter based two rutsch rutterman ramping roe seed three muddies scrimm ball bimbim bimbim maidies scream himhim himhim forthemore let legend go lore mortar scene cwympty dwympty dustydust razed arboriginally luck leap lad top ladder sartor risorted sinner badder ho ho ho hoch la la la lach hillary rillarry gibbous grist millery pushpull qq quiescence pp extravent intervulve coupling savest lauf world paradoxmutose caring present booth ballaclay barthalamou dutchuncler mynhosts serves dram well right boors interior homereek van hohmryk salve selver screen auntey ringround worldwise eve sins pip pip pip willpip futurepip feature apip footloose pastcast spareshins flash substittles noirsemadeearsy nephew mind narrator give devil long sohns blitzh call tuone tuone thonder alout makes thurd let due murtagh purtagh whad ababs dopter sissed onetime ungkerls youthel yorn shook bouchal bed twilled alongside wiping ace assatiated wetting lappel size ros sola velnere sicckumed homnis terrars wends scoulas slalpers peanats famalgia wumble tumbled famas roalls davors forget butcheler artsed cullege trainity diddled daddle drop cradler delight mebold laddy stetched knit wear addled ere cry tongues would uptied dead shufflebotham asidled plus ducks fore drills inlay liddle lining maught licensed ones tokens forgiving brass rap sneither whole length short shift full concerned burniface shiply efter shoply angle lag let flow brabble brabble brabble hostily heavyside breathing came check joule shot three tailors butting back moyle herring bump beam buttend roller reiter diluv deluge seasant samped skibber breezed tripping dripping threw sheets wind tights trunks tickle tackle rubmelucky truss rehorsing pouffed skirts overhawl left stickup hand show none ill feeling whatthough appentices mushroom faced front back paraseuls round quite taken atack sclaiming howe cools eavybrolly good marrams sagd freshwatties boasterdes put bierhiven nogeysokey first cabootle segund jilling windwards made straks oerasound snarsty weg publin horenpipe lug lee mouths organs tilt taut tammy slaunter wigger wagger tag tucked good eastering good westering asked hitch fand sulkers mone met kidballacks suttonly remembered also hatch endnew strandweys fond sutchenson penincular fraimd mind fordeed langseling talka holt hems clown toff tye hug fliorten cablen clifftop shelvling tobay oppelong tomeadow ware cobbles posh skibbereen common inn pounautique pokeway paw sadder raven evermore telled shinshanks lauwering frankish kicker medium gallic pukkelsen tilltold prowed invisors ulstravoliance led infroraids striking landing alow aerian insulation resistance two boards beached ast one widness thane tysk hanry prepatrickularly summed kish met bound landlord noting nodding coast moor cause mear besides proof plenty proof either took heft swore eric heaved two spluiced menbrace heirs brewinbaroon weth whistle methanks good marrams good merrymills sayd good mothers gossip bobbing bowing ways bents skerries old walled kinkincaraborg overlive hot air montybunkum upon coal blasts mitropolitos let meeds hourihorn hiberniating seven oak ages fearsome gone dump doomering tide peixies would pickle button seat sess old soss erinly boelgein help divy jorum locquor shut door make rarely fine ran cattle fish morya mortimor allapalla overus howoft ballshee tried laying low home gang eeriebleak mead fireball feast turkeys tumult paupers patch provide bum end foe things niggerhead needs fitten big water made sign hammer god drought sayd daze thinking bliakings leif pauses back hawkins blasil brast povotogesus portocall furt turn hurdies slave trade vassal spices dragonthemarket turbot lurch stripe soused methought mackerel eldsfells sayd kumpavin iceslant open handlegs one old faulker hame folk booth sell gundy sagd waging cappon warry posthumour expletion shoots ogos shootsle slob bit bite keesens sagd til dennis jantar let dobblins roast perus stinger sagd doroughbread kennedy patriki san saki svo fro old relogion tiempor soured tipple sink lead sagd get sagd pusspull tomtartarum thirst homing hand give allkey dallkey sayd shop housebound deep north star could tolk sealer solder tankar tolder might sayd every man beast treat trading scow cater million falls crop feed stall afram got gave ekspedient hombreyhambrey wilcomer good word made sign feaster cloth laid disk osturs swanker allahballah carelessest man ever see sure sand one fish ball fixings dan ven fin ofa son gun gombolier ekspedient sayd sonnur mine shackleton sulten opvarts ham ogry osler oxmaul us sayd like one familiar house waldemar heeling maldemaer toeing soe syg walking bowl food meer crank waiting tow turn till plied behaste fare say wehrn nohow kersse hoot alike suit solder skins minded first breachesmaker considerable way humpsea dumpsea munchantman secondsnipped cutter curter ninth ninth take worth mistaenk thricetold taler knew whyed sosuch uglymand fit himshemp throats fill us three repeat unium place scaurs wore groot big bailey bill apullajibed colonel power latterly distented conner dan promonitory obliffious headth hosth rosed sheeroskouro zembliance mardal mansk like dun darting dullemitter moultain haares stuck plostures upon kend yon peak coast green still trystfully acape gragh knew well pre cious memory proud grace gait movely water smile coolsome cup rarefied air montmalency quick little breaths climbing colour take thee live save thee wive think uplon lilady anerous enthroproise call homovirtue duinnafear ghem ghoom nere zo zma obsit nemon floodlift ancient rights regaining yester yidd even remembrance greater grown trifle days mouse mere tittle trots offwith whole panoromacron picture youngfree yoke stilling wandercursus jilt spin curl jolt broadth buoy annexandreian captive conquest ethna prettyplume hooghly spaight first lap fast pal ditcher plower till deltas twoport glowworld lump gloaming han hende grow simpling years lowcasts aten amilikan honey datish fruits bannock barley tham thatcher palm wanderness wondernest listeneath veils mina would withsay nepertheloss mean oldways walsh preechup ere set sope fash eats vintner contents oft sad slow munch backonham yet never shet brood aurowoch legions donours gamuels performed law truth lord law taif alif held hand holder heart annapolis youthrib city ye protectors unto mussa botomia guards city theres gentle meants agreement womensch plodge slope heather till foot join andersoon co flowers speech valed springs rising hiker hilltapped murk mist blezzard way knocker head nicknumber manyoumeant coldtbrundt natteldster wefting stinks alpyssinia wooving nihilnulls memoland wolving ulvertones voice spectrem onlymergeant crested irised sea plight calvitousness loss nngnr gliddinyss unwill snorth might call change life chance night lifting hillyhollow valleylow sounds scents morning shot shoddied throttle fine cowheel ever usquebauched ersewild aleconner bringing briars bembracken ringing rinbus round demetrius wrinkle wryghtly bully bluedomer suirsite stircus haunting hesteries round old volcanoes gin gnir thus plinary indulgence makes collemullas us time talerman tasting tap tiptoptap mister maut made one summery cholk murble lonestime three swallows like muzzling moselems torched faery pangeant fluwed hisophenguts slake quicklining tickle tube twobble fable fibbing upon spray queer queasy spree plumped prompt eh chrystal holder save ampsterdampster rheumaniscences netherlumbs drope groin ali slupa thinks cappon plumbing liners heretofore coop gobbos reacher thaurd thinks girth fatter apopo buckseaseilers horace courtin troopsers put hem behind oasthouse sagd pukkelsen tuning wound teller appeased cue double dyode dealered wallowing awash swill tarra water marinned gargantast trombsathletic like marousers gulpstroom kersse wolafs shitateyar sagd fornicular weare weare sigen stretcher carsed murhersson goat trotthers newbucklenoosers behigh fire behame oasthouse hops sagd smoke coke choke lauffed till tear trickled drown thigh loafers sheep whosepants swished lord starer story talled felt fierifornax thurst motophosically omar sometime notes satuation debauchly watched would empty dempty ground hopy tope sagd anded enderer dyply hypnotised hopeseys doper kersse sagd inunder tarrapoulling shines cuts shinar screeder stitchimesnider adepted nosestorsioms budinholder cummanisht sagd fouyoufoukou goes ways smooking publics sagd bomboosting thelitest civille row faction dubblebrasterd navvygaiterd flick hvide aske big head sagd big bag hamd till hem tollerloon sagd pudny bun brofkost walts meet bangd put fleas wood flour sagd behunt oatshus wellmade one sagd kersse armsore appal unmentionablest men mundering eeriesk scalded shimps names gitter coathemmed gusset sewer sagd first cudgin innvalet unitred stables feed tonights kirtle offal fisk woe worstered wastended shootmaker whatever poked noodle clouth second tryon meeting acarras hised bungle oar shourter cut pinter offhis pourer lay fellagulphia farning dhruimadhreamdhrue back brightenponthebaltic lund rund turs bag til threathy hoeres wuke ugh stuff taaffe stuff interjoked wife hopesend boath consistently come back may aileen ild luck blastfumed nowraging scamptail flating furies outs trews cammelskins flashlight ire wackering eyewinker masttop aye far fared afferik arena yea near night till blawland bearring baken brazen sun buttered snows sea shoaled saw squalled soaking scupper drain pause infernal machinery serial number bullysacre dig care dig thus passed buck billy back jack finder keeper baffling yarn sailed circles high tide reminding pair snipers suitably punished till like pervious oelkenner done liquorally powers elbow ignorinsers bliss therefore say rifle butt target none wisefolly poor fish eating spun milked dives upholding lampthorne lawstift wand welcome men bonafay corollas saved gainsts virus thus injected discoastedself kipsie point dublin bar breaking entering outback dead heart glasthule bourne boehernapark nolagh wattsismade bianconi astraylians island wellknown tall hat blown houses nightcap silk might black velvet kiber galler dragging hunker signalling gael warnings towards wazwollenzee give beerings east circular route elegant central highway open tis luck lifeboat alloe noeman woe hircups emptybolly winkles whelks cocklesent jelks let buttercup eve lit night phoenix music old lotts funn flammagen ball till irinwakes slumber deep succeeded courting daylight saving darkness loves see business bestness copeman helpen contrescene cupped years catch minest hissent giel gail geil gaul odorozone ourmenial servent blanding rum milk toddy hand saying whiches see bow hapence pattedyr digit scooped hens hounds horses biddy bunny arc covethand saved drohnings might oncounter untill cubid long hide dry aside sows tin topple dodgers trink dregs zoot gust spring alice fossickers swaggelers hoof piked forth desert roses mulligar scrub reenter ashe junior peiwei toptip nankeen pontdelounges gives fair day cheroot cheevio take thatch whitehat lo kersse come back bespoking loungeon boildawl stuumplecheats rushirishis irushlrish dangieling old conan top gallant shouldier lao yiu shao like look novicer nevay tick whilehot scum botch kersse turned alas hwen ching hwan chang mocking hollaballoon sample costume country tape oaf saw foull sew wrong welsher suck thick stock udder confiteor bekersse cuttered misfutthered multiplest manner poor old bridge masthard slouch shook cloakses wise hou pouly hung hoang tseu fitther nose chorus coate graye pounds pawned burning haikon hurlin doyle today horsey dorksey gentryman serge mee suit sazd tersey kersey tersse sazd kersse stood whole koursse training whole blazy raze acurraghed lambkinsback sliving board spark phoenish tassed tartly sassed smartly tig tager strop stripe long lyasher kyat peered beheld pyre behold capman nothing horces two feller feller go effect gig gag asked three newcommers till knockingshop ones upon topers admittance impedance three malttreating health contempt fag fig metinkus confessed mhos mhos would dielectrick upon point obsoletion brink pillary nilsens statutes kongbullies millestones ovlergroamlius libitate nos domnial culp goose sazd szed ham muncipated first course recoursing cholers coughs beauw bummell bugganeering wanderducken sazd pumps may ship awhoyle shandymound dussard coarsehair highsaydighsayman nice tugs looks ship alouset sazd bloedaxe bloodooth baltxebec crupping raw lenguage navel lumbsmall hawsehole sazd donconfounder voyaging maidens belly jonah hunting polly joans hurss portnoysers befaddle sazd till split flags sazd one one landslewder donnerbruch fire reefer wenchman one smell wetsments coming beach promisck old muttiny shall ask free kicks turncoats bar bartley wars fewd years ago meistr capteen gaascooker salestrimmer soampling ledder like pulp trailing fumbelums like hulp fell fall faus sazd like yulp goragorridgorballyed pushkalsson sazd bellows pockets fulled potchtatos fox stomach disagrees ramskew coddlelecherskithers zirkuvs drop dead deaf never teilwrmans feof fife iseland wholeabelongd skunkinabory drumadunderry till rumnants mecckrass could milk colt thrushes foran furrow follower width hole tale hell hull hill camelump bakk fadgestfudgist upon dry call selenium cell horn lunghalloon riland peril doomed crack old damn ukonnen power insound lord saloom flash salamagunnded listed tummelumpsk pack hearinat presently returned ambilaterally alleyeoneyesed uppletoned layir beforetime guests bunch palers round timemarching petrolling abound loose laugh toni lampi booraascal abooned let leashed might felt wolf walk sees sham cram bokk joke coming home steerage way stabling ghustorily spoeking gen gang dane dare like dud spuk first foetotype trolldedroll vary likely fillibustered fully bellied old sit shoulders new satin atlas onder uxter erning breadth swelt proud picking emberose lizod lights tail toiled spume spawn bulk hulk whenever reddled ruad riddle rede sphinxish pairc ede guardin ere love side issue hailed cheeringly encient murrainer wallruse merman ye seal lubs lassers thallasee tullafilmagh come uniform age heave coves emptybloddy ere could catch hook line suit saussyskins lumpenpack underbund overraskelled sot sod tailors opsits gabbalots change whole set shut shet set set allohn poured em behoiled fire scaald rowdiose wodhalooing one lessonless missage good truesirs persen bereaved passent bringback rumpart hoved politymester clontarf one love one fear ellers greeter glossary code callen hom finucane lee finucane law dg welter focussed wind nordth warmer towards muffinbell lull revelant colunnfiller predicted last mount chattiry sermon allexpected depression schiumdinebbia bygger muster veirying precipitation haralded faugh sicknells hear kokkenhovens ekstras umwalloped unusuable suite clouds filthered middelhav gorgers kennel wage wealthwards incursioned sotten retch low pleasure missed parts lucal drizzles outlook tomarry streamstress mandig beamed brider ability good hopends giant crash aden birdflights confirm abbroaching nub tials burial lifetenant groevener hatchett rid devine previdence ls de art thou gainous sense uncompetite limited anna lynchya pourable one eleven united stand even many offered forget wish auspicable thievesdayte stork dyrby thousand paddies soon bet drums bliss hapsalap troth hipsalewd prudity hopesalot honnessy hoopsaloop luck midnights unwards fourposter harp quartetto kiskiviikko kalastus torstaj tanssia perjantaj peleja lavantaj ja sunnuntaj christianismus kirjallisuus kirjallisuus christianismus whilesd pellover finnisch comither ahorace thou mighty man valour elderman adaptive capel ysnod tsayfong tseifoun laun bricksnumber till fined faulterinlaw become son tobe gentlemens tealer generalman seelord gosse bosse hunguest horasa jonjemsums sailsmanship szed head marines talebearer sayd ships gospfather scat story husband capture either musts ant moment sayd let laid pacts betving ye sayd main makeshift sayd one fisk one flesk flat aestmand addmundson iron slides hompety domp paddley mac namara hardy canooter two breasts banba soilers toilers thou wilt serve idyall thou hast sayld brothers boathes brothers coathes ye swallen blooders oathes gophar sayd unto glideon sayd nowedding captain rude hunnerable humphrey praying god clothildies seven bosses trunktarge would save bucklesome wooed belove comeether sayd merrytime marelupe wutan whaal sayd shipfolds quad rupede island bless madhugh mardyk luusk cong blass neddos bray maimed acts kowtoros criados every tome thick heavy onliness revelance ultitude illfollowable staying wait winning word put mouth hooley tabell horrocks toler hath cares call rehearse comeundermends first mardhyr entirely puck paddeus picked pun left lollies foiled trinity judge crux boom pat man thy ay ay pured beheild ouishguss mingling sign cruisk popetithes thee ocean sayd oscarvaughther sayd erievikkingr sayd intra trifum triforium trifoliorum sayd onconditionally forfor furst gielgaulgalls hero chief explunderer clansakiltic sayd streameress mastress sea aase cuddycoalman let douche wholly apuzzler pukkaleens wakes sayd hellsinky howtheners danned ye sayd roomyo connellic relation sayd pledge given tera truly ternatrine son towards thousand like expect chrisan athems osker godhsbattaring saelir gott kvold whereafter gooden diggin gooder enscure osion buck fared agen fairioes feuded hailsohame til edar loyd mave hercy sael anomyn awer spickinusand nansense snorsted haltid considerable agenst religions overtrow hworefore thokkurs pokker bigbug miklamanded storstore exploder would whulesalesolde daadooped priest gudfodren sacredhaunt suit diaeblen balkley domnkirk saint petricksburg ear aaherra rere admirable peadar poulsen sayd consistently secondnamed sutor lately lamented sponsorship comesend round wine lift horn sayd show skolar winter likes brought summer us tomkin lief eurekason undishcovery americle rolling forties sayd sopper crappidamn harris says let crismion dottrin ninethest pork man whisk swimmies dybblin water ballscodden easthmost till thyrston lickslip sayd whiles heart lukky swayn slaughed icebox think soorts smukklers would behave juteyfrieze forelooper praties peel goodsend brandonius filius cara spouse fynlogue nicesth pert nittlewoman house la chito la chato la charmadouiro tinabattalur cif fob tesura astore eslucylamp aswhen surge seas sombren daughts upon anny livving plusquebelle child foster lippeyear wonder totty go newschool two titty win winnie tramity trimming funnity fare grit hard trent thimes touch saft dee flooing never hyderow jenny like lightness look leap rheadoromanscing long evmans invairn little anny roners lavinias ester pleding periglus glatsch hangs trickle bed piz fortune never falls stuffel mallaura till next time prim rossies dressparading tubas tout tout glowru god making every dinny dingle dargul dale wait awhile blusterbuss marchadant forte start furlan ladins till learned lie landuage summwer calding hear pianutunar beyant bayondes combria sleepytalking wiltsh muntons titting droemer window flyend touchman wishtas english strand kilbarrack bell pings saksalaisance concessas sinbads may pong dollimonde sees phantom shape mr fortunatus wright since winksome miss bulkeley made loe wrecker took rover playing house ivary dower gould gift soil peepat prize blue loogoont bleakeyed seusan work mireiclles give norgeyborgey good airish timers fresh racy turf kindly kindling lovver flu roaryboaryellas would set eiweddyng fire let aloon old humpopolamos boomar poorter brain aiden bay scye dye aasbukividdy twentynine dozen coocoo didulceydovely old cawcaws huggin munin strict privatear pure rube like ool pool roober pullar beer turns bruin luinn beat barge battering pram wattling way cubblin fairy fay sayd marriage mixter kersse son joe ashe coaxfonder wiry eyes winky hair timkin abeat andraws meltons lovsang short shifty turn thinks things alove speak threes ones sayd truest patrions good founter poles port zones asunder tie hates repeat luxure better tooblue prodestind arson tyler bach roundsabouts donochs volumed smoke though clonk stumble strikes warn laid counter like slavocrates amongst skippies comes ride onerable sayd make plain nanny ni sheeres full dinamarqueza needed lay hursey montey room herberge forkpiece bucklecatch elding elding lif lif pravacy pirmanocturne hap sayd meet hour night hop sayd ant fyrsty annas everso thried whiles breath huppy hullespond swumped seachest renumber mallyme dears long roll call sweetheart emmas every port coxenhagen till brottels nile taylight yet slipping pillow ill omens kitty cole spilling laddy measure sing mattins fields ringsengd ringsengd bings heri concorant erho referinn fuchs gutmann gives us bell welled steeplepoy revanger thingavalley knows never dawn dark deed comes life raptist bride aptist breed tha lassy tha lassy buoy hoop within us springing tis timbertar armsbrace doll dallydandle fiery quean upon night things night making stand double tet oversear seize cometh mighty deep night making horuse crihumph enemy help cope pluse riches roedshields elizabeliza blessing bedpain willbedone yinko jinko randy come bastabasco hippychip eggs make suomease pair singlette jodhpur smalls tailorless copener cribful leaf bud berry divlin little mimmykin puss hip hip horatia old comrhade saltymar briganteen general sir magnus flapper nooser master good lifebark ulivengrene onslought homespund hearth fuss farther norse norse east muss mother gluepot gravydock groovy anker hulldread pursunk manowhood chenchen delight time bonzeye nappin doze bettest bluffy blondblubber olewidgeon overspat skettle skib cawcaught coocaged dub glow night fingal victories cannmatha cathlin sang together three shouters glory yelling halfviewed harps surly tuhal smiled upon drear darthoola roscranna bolgaboyo begirlified daughter cormac soul everyelsesbody rolled olesoleself doublemonth licence lease mirth hooneymoon flame went huneysuckling holyryssia boom bells battle bragues sandgate met bobby mobbed bibby mabbing ryce even tombs left doss dunnage demidoff tomb drew dournailed clogs morty manning left legged ghoststown gate like pompei date sprig whiteboys heather late luke elcock heirloom say seen old dummydeaf leaf bronze cloak grey trooping colour pace reire owfally posh halfcrown jool granjook meckl paster de grace route de l ep e joobileejeu sorts jour freestouters publicranks hafts glaives could hear swearing threaties cymylaya mountains man giving ould fathach louthmouthing healy mealy enfysis bring rain tarar nevertoletta evertomind grandest bethehailey seen heard earth conspectrum since scape goat gafr ate suenders bible heaven lamps hide us yet every lane lively spark every spark several spurtles spitfire spurtle trick trade tease ned nook nestle fred peep mow peer pol father matt hughes looked taytotally threbled danno dane grimmed dune twere yeg elsecare doatty lanv meet dewscent hyemn cannons roar rifles peal vill shantey soloweys sang tyrrhanees laxembraghs passthecupper lader dim upon floods day ground thus street spins legends wharves woves tales family fewd felt nick name old vickers sate airs straightened points lace red rowleys popped lairs asked wrong race mick na murrough used dripping layers shave furze face burke lees coyle finns paid full feines sinns cap miss coolie roped rolloraped banbax hoist holder zig zag pool polder cheap cheap cheap laughing jack augurs scorenning see bolche pictures motion kitzy kleinsuessmein eloping holm finn hotel fiord nova norening pulled kuddle made fray thee look homey well dook eye mae goat berth cot manege wohl gorse mundom ganna wedst knock knock war war twwinns knock knock woos without without apple knock knock kilder massed one uhindred harefoot birdyhands herringabone beesknees barneydansked kathareen round know show howsome hiding moder moders hunty poppa gun pointing skyless heaven like spoon sergeantmajor tay worst phaymix cupplerts herd hoarding faiths altared becoming ungoing seeming sames though liamstone deaf part windtreetop whipples damp mourning tellusit allasif wellasits end lunger takes swooner tumble two knows thrilling sure squeam threelegged man tulippied dewydress lludd hillmythey brimming hear durst first ever peganeen bushe polkar catch cancan high land fling tim tommy melooney tittle barents stick pigpin upinto meh names balder sol hollichrost ogsowearit trisexnone way letting aandt grosskropper leading mokes home gribes whoopsabout plabbaside plobbicides alamam alemon poison kerls mounden delude high places delude isreal haraharem diublin owld mounden vikens tarns thwaites thorpes withes tofts fosses fells haughs shaws lunds garths dales mensuring megnominous littleyest myrioheartzed toroidal coil eira area round wantanajocky fin wave duckydowndivvy trader arm aslung beauty belt formor velican nana karlikeevna sommerlad cinderenda valtivar viv big bil brine borumoter first took gage lil lolly lavvander waader since capriole legs covets limbs crane twylyd mounth yare feint smell made seomen assalt imageascene whimwhim whimwhim laetification disgeneration neuhumorisation kristianiasation last liar earth begeylywayled first lady forest though toot pardoosled sauve l hummour joy dew flower fleets fields foam waves seas wild main borneholm jest come crown snip snap snoody noo err historyend goody lil trip trap big treeskooner put ketyl made three fie hec dont love alpy lad annoy hanigen hunigen still haunt ahunt finnd hinnigen pappappapparrassannuaragheallachnatullaghmonganmacmacmacwhackfalltherdebblenonthedubblandadd ydoodled anruly person creeked jest gestapose parry cheekars frankfurters odor fine cuoholson peace wiley act goth stepping tolk doolin drain plantage wattle daub peel pale pull boath toground togutter testies touchwood shenstone unto pop puma calf condor gaauspices incorporated chal chi roammerin gribgrobgrab reining trippetytrappety fore shalt thou flow else thy cavern hair anit likenand pleasethee till sealump becamedump bumpslump lifflebed altol allamarsch gu gu kaemper daemper jetty de waarft weight mons little ribbeunuch gronde old mand haard heaering afore said petty tondur fix changeable eye see lord lad goes blowbierd leedy plasheous stream loudship converted landshop little theogamyjig incidence hoppygojumpy junuary morn colluded cad beg amudst fiounaregal gaames oathmassed fenians whome forcecaused bridge piers inverleffy mating pontine engagement synnbildising graters things eke ysendt nilly fust cataraction ever cared assuan damm harpoons sticking whet phoenix calipers psourdonome sheath sdrats ye gus paudheen kenny thought ye dinny oozle cit leaking asphalt like suburbiaurealis rure tucking like old booths booths booths booths enterruption check slowback dvershen wonder wenchalows szeszame open v doer v door theng thingajarry miens becoming n z doer k ne foots like glove shoehandschiner pad podomkin sooftly anni slavey szszuszchee slowjaneska aged crafty nummifeed confusionary overinsured everiapsing accentuated katekattershin clopped clopped clopped darsey dobrey back along danzing corridor going pimpim way boy wally without complement cavarnan men two deathdealing allied divisions lines readypresent fire corkedagains upstored taken giving saloot band hands going bind heads coming remoltked herselp serf alown weerpovy willowy dreevy drawly patter familiars farabroads behomeans shure sknows boof booby boo new uses mewseyfume jammesons cook hair juinnesses rapin hind bullingdong caught wind dip message braught belaw missus bragged abouve agony stays outsize sari chemise blancking shifts keep fascion since king dronnings kissed beeswixed hand fang pierce hunky full meunders fize like tubtail mondayne clothes fed chaps working medicals birthright pang would split atam like forty pins hood fader huncher howdydowdy mountainy mots amnest plein language fain wan hot tot lass pierce ropeloop ear podushka prayhasd sowns loins awinking waking dorter hush lillabilla lullaby lead us reformication poors thingdom gory moan males nonce time murphy puffs dursted gnockmeggs bramborry cake dour dorty dompling obayre mattom beetomand epsut pfot whishtful licture caudal chesty chach dauberg den noviny news naul toplots talks morrienbaths parrotsprate cure ensevelised lethurgies spick spoon veriblest spoon twas hour chamber ensallycopodium love melost panny kostello xy zid folly billybobbis gibits porzy punzy wanton de marera take genial glow bed time tubble reflected mr gladstone browne toll hut choractoristic man delgany dip vulcanite smoking profused mr bonaparte nolan natecup one feels one may hereby reekignites ground old mahonagyan dip defender defeater defaulter deformer funst man danelagh willingtoned glance dowon browen born appalled noodlum panellite pair cummal delimitator odding oliver white tiff tight thisens speak quite hoarse dip reverence midgetsy lady comeallyous madgestoo one goff stature prosim prosit krk n yr nck rum chomicalest thing pickles punchey jude gimmy thing gamey sing thee stay dummy get go ther banged scoop bagged sugar whole pub pobbel done stare mizzatint wall chromo crimm crimms showing holdmenag asses sat allmeneck men canins ride em canins lept em woollied flundered katey came katey game gangs sludgenose henchwench hopped dunneth duft duras silents yes conned thon print gloss gay came finndlader yule day hey tallaght ho king highway hounds home turning donnicoombe fairing millikin pass visiting izdlachapelle taste lipe ofthe waters carlowman cup tellyhows story six hearts twelveeyed man madjestky since dyed drown reign izba au au aue ha heish stage set ritual rote grimm grimm tale four hyacinths deafeeled carp bugler dozen leaguesinamour holispolis went parkland mabby sammy sonny sissy mop varlet de shambles find right place peep skirt pipe skirl hundt called halt chivvychace ground sloper ligtning lovemaker thender apeal till wandering weather stable wind vastelend hosteilend neuziel oltrigger bullyclubber burgherly shut rush general let us propel us frey fray us us beraddy ko niutirenis hauru leish lala ko niutirenis haururu laleish ala lala wullingthund sturm breaking sound maormaoring wellingthund sturm waxes fuercilier whackawhacks sturm katu te ihis ihis katu te wana wana strength rawshorn generand known throughout world let us say may weeny wukeleen au au aue ha heish lala paud roosky different way saying calling one time hibernian knights underthaner half laugh bliss sint barbaras another doesend end tale tublin wished olives ocolombs hills owns ravings tutty tour nowhare yarcht aimee stood arthurduke figger profane fell grace madlley fill flatter fellows saying lang shirt green wood obelisk rises odalisks fall major threft make jollyjacques spindthrift merry mr mathurin calling topheavy hat aramny maeud saying piou pious cyclums cyclorums made design corse want mess enterellbo add taller danis back seater sides applied amazingly sorracer wholed bould shoulderedboy width fullness measures messieurs messer massed saycalling agone agun louthly meathers loudly meaders lously measlers six one bar ones pled beheighten firing dope maltomeetim alltomatetam tale tarries shome shunter shove fore auld wauld pree pray mr tillalaric wasch woman dapplehued fhronehflord feeofeeds insue keen able spindlesong aside nothing told awebrume hour sere sahara sad oakleaves old next thing amore babes awondering wold made fresh hen storyaboot start scratch truce old truce nattonbuff truce boys drouth stronger faction slant shinshin shinshin grant old gartener qua golden meddlist publius manlius fuderal private place poster sure said going mark sore said carbon caustick manner bequother liberaloider petty corporelezzo hung caughtnapping baited breath wife thinks feel every younging fruits tenderosed like atalantic breastswells second wreathing bright tauth bight shimmeryshaking welt plow whero peckadillies wristsends meetings loving lightly dovessoild candidacy wipin eye sinks softboiled bosom apparient even illicterate nullatinenties lot snapped nolan calabashes whilom eweheart photognomist sum taken much incensed saint bruno consummed panegoric wot lout pippappoff pigeon shoot gracesold getrunner man centuries bowled judge jury umpire batman biff like witchbefooled legate dupe almonence alaterelly dispensation three oldher patrons aid providencer divine cow milkfeeding mleckman bonafacies solafides matter freudzay holds hat harm let hutch keep vanished consinent let annapal livibel prettily prattle lude semeliminal salmon solemonly angled ingate outgate truce lovecalls dulled warclothes maleybags things bleakhusen leave letter never begins go find latter ever comes end written smoke blurred mist signed solitude sealed night simply says mug middle nay brian nay noel ney billy ney boney imagine twee cweamy wosen suppwose get beautiful thought cull sylvias sub silence inmaggin stotterer suppoutre one biggermaster omnibil lustily tutu font tritt boks woods like gay feeters dance immengine three longly lurking lobstarts fair instents woolsley wellaslayers pet pink play pranks nod amproperly smile may seem appraisiate piractical jukersmen sure paltipsypote feel wollies drippeling fingathumbs says youssilves floweers ears heahear solowly ease budlim dainty daulimbs peached pick way prue simple pritt spry heyday malster faunagon hopes hahititahiti licks mankey nuts oodlum hoodlum doodlum yes donn teague hurleg bullocks brought hillocks ye want bud want bud budderly want bud budderly boddily borrisalooner man shunned rucks gereland man thut bettlle bawll order order order order tough call tancred artaxerxes flavin compeer barnabas ulick dunne order order order milster malster chair heard sinse sung thousandtimes burghley shuck rackushant germanon ehren boys gobrawl public plouse citizen soldiers taff smart boy peat freers thirty two eleven looking roof towards relevution karmalife order privious hoisting emergency umberolum byway paraguastical solation rhyttel hedd flashing krashning blurty moriartsky blutcherudd see buttywalch tell ever often butt mottledged youth clergical appealance pied friar supposing motto sorry dejester tifftaff toffiness digarced ever daye accounts da dada mwilshsuni till even aften sea vaast pool taff porumptly helping cesspull yellup yurrup puts furry furzed hare butly bitly humme mounthings conscribe tillusk unt jubalant tubalence groundsapper soilday site moulday side guberniergerenal lautlievtonant baltiskeeamore amaltheouse leporty hole endues paramilintary langdwage saillils yellavs nocadont palignol urdlesh shelltoss welltass telltuss aghom sling stranaslang malorazzias spikes coining speak spake setanik stuff slimed soft siranouche goot old gunshop monowards manosymples tincurs tammit oak hay doe fou changilmeng man airain big top tom saw tip side bum boss pageantfiller ajaculate lea light rassamble glowrings bruyant bref mollies makehalpence took leg thumb may intrepida tion dreams foregot wiking mom hath razed limpalove bleakfrost chilled ravery pook sing ching lew mang upgo bobbycop lets hear remember braise hold butt drawling forth blousom whereis meditabound minkerstary switches gorsecopper fling weitoheito langthorn fed grain oils aerin laugh neighs banck flashermind rays lipponease longuewedge wambles ullahbluh sehyoh narar pokehole sann manhead dirty anoyato like old dolldy icon cooked iggs bicon gatovit gotafit oalgoak cheloven gut fudden povar old pitschobed molodeztious metchennacht belaburt pentschmyaso bog carsse dam neat sar gam cant limbers affront lumbers behund bucks bite dos hart bides ros till bounds bays bell warning sobaiter sobarkar enmivallupped chromean fastion cannoball wappents raglanrock malakoiffed bulbsbyg varnashed roscians cardigans blousejagged scarlett manchokuffs treecoloured camiflag perikopendolous gaelstorms weeks hire pulchers obriania beromst karrs polikoff men confessioners seval shimars pleasant time payings mousoumeselles buckwoulds look tenter likelings taff perssiasterssias shookatnaratatattar waggonhorchers bulgeglarying stargapers razzledazzlingly full eyes full balls full holes full buttons full stains full medals full blickblackblobs grozarktic toadlebens garmentguy insects appalling low hum clang sin cheap decoy deep destroy say mangraphique may say nay por daguerre butt hids foregodden nate glozery farused ameet florahs follest spent fish livid smile giving allasundery bumfit doped come alleyou jupes wymmingtown graze calves man bear raigning heavenspawn consomation robes rent outraged yewleaved grained ballooned hindergored voluant erminia capecloaked hoo doodman first st steppes st stoo stoopt lookt taff strick struck strangling like aleal lusky lubliner merumber cycl cruize strungled attahilloupa empoisoned el monte de zuma failing wilnaynilnay pallups barn minkst krumlin befodt popsoused monkst vatercan makes holypolygon emt greaseshaper little farther little soon lettera cettera oukraydoubray scutterer guld retourious every roudery lyewdsky sewn fitchid walshbrushup boney bogey braggs butt tongues cheeks pinkpoker pointing rutene impassible abjects beyond mistomist towards lissnaluhy djublian alps hoofd ribeiro trulock may ever make game field karhags bloasted tree forget felled lomondations oghrem warful doon bothem furry glunn nye feery pass tak guerillaman aspear aspoor prink pranks primkissies buddies behide byre allahblah taff blackseer stroves regulect straggles wife rut past widnows effigies keening blank sheets faminy relix oll decency draught oh day rath ah murther mines eh selo moy uh zulu luy bernesson mac mahahon osro bearing nose easger sweeth prolettas swooth prowl butt back peatrol paump swee gee wee rest applehooley dodewodedook bruinoboroff hooneymoonger grizzliest manmichal meideveide whose annal livves hoiest devoused lelias fined conforted samp tramp marchint drumbume narse guards serf finnland serve taff whatwidth psychophannies front whetwadth psuckofumbers beholden fair illcertain bulchrichudes roshashanaral sees bishop ribboncake plus pollex prized going forth visitations mirrage miss horizon justso fannacies daintied curve camber unsheathing showlaced limbaloft great consternations divulge hyededye kittyls howdeddoh pan poshbott pulbuties see soll let dargman luna strait way ant folly line ye post goang piping pubwirth haunted hillborough mujiksy zaravence riss ross sur russers farst near hear sackend meet sedon whole peer aureolies say dones polecad bang booche gurg gorge rap roof flup unbu butt signal act seems sharpnel innermals menody playing spool little brown jog round wheel whang goes millner buckily buckily blodestained boyne bimbambombumb snapper shot rumjar journaral gigls lubbed beeyed taff obliges two stop yogacoga sumphoty bones ivory girl ebony boy balacleivka trovatarovitch trumble butt sickle scygthe humour hummer howorodies cholaroguled fumfing fullfrength wallowing olfact mortar martar tartar wartar may boules grow wider skittles gets worse aged monad making venture murder investment seen acting surgent betwinks scimitar star ashen moon lights shalthow throw piff paff puffpuff pife cgar mlachy way gambling curkscraw bind admirable verbivocovisual presentment worldrenownced caerholme event given irish race world huddled aliven stablecrashers shared fleetfooted enthusiasm paddocks dare ditches tare mews combing ground hippohopparray helioscope flashed winsor places gates might see meusdeus burning briar mr twomass nohoholan common contribe satisfunction purports amusedment telling verily roverend father epiphanes shrineshriver saint dhorough browne bomler assuary bonum osstheology backlegs shirked racing kenneldar saintly scholarist roastering guffalawd nupersaturals holler metanoic excomologosis tells chestnut wittyngtom absolutionally romptyhompty successfulness lot lasses lads without damas dads fresh blued collecting boxes one aught spare ores triflets shut coppingers children slippery sam hard physically present somedever morally absent slooching knavish diamonds asking gmax knox dmuggies pinnance toughts turffers deck ace duds tomtinker tim howbeit unremitting retainer seers seers samael heers heers timoth boozer gloom soalken steady sulken tents baldawl curse baledale day frocks shick sheeples shummering insamples see chiefsmith semperal scandal stinkmakers middinest casabianca course mr fry barass pardon inquisition causas es quostas da valorem dominical brayers coif weird hood among nosoever circusdances apprehended dustungwashed poltronage lost gabbarnaur jaggarnath pamjab gross jumpiter whud thud luckluckluck luckluckluckluck thousand one guinea gooseberry lipperfull slipver cup hold hard ridesiddle titelittle pitsy riley gurragrunch gurragrunch turn fourth hurdles hross xristos holophullopopulace shote excramation bumchub emancipator creman hunter major hermyn c entwhistle dramatic effect reproducing form famous sires scene formers triumphs showing eagle way mr whaytehayte three buy geldings homo made ink bailey beacon ratatuohy furstin ii girl mrs boss waters leavybrink early spring dabbles showing clean pairofhids immensipater sinkathinks oppen virgin tuft golden evens never sought sinkathink lorkmakor proformly annuysed shinkly thinkly shaking schayns sat follteedee eeridreme effered bett tipp tipp bett swapstick quackchancers topphole bot tom irish race world taff awary first sports report loudin reginald afterthoughtfully colliberated saggind spurts flash takes dipperend direction tasing tiomor malaise pognency orangultonia orients way sagittarius towards draco lour collier carsst corsar boyle burke campbell gogemble strangbones tomb cerberating camp camp camp saint sepulchre march armeemonds retreat boys marshalled scattering giant hail curseway fellowed along rout stenchions corpse tell coldspell terroth please commeylad perfedes albionias think ingain think teakortairer sate galwegian caftan forewhen orops aasas chooldrengs micramacrees forward movement miles na bogaleen despatch butt slinking coatsleeves surdout squad mutton shoulder loop life jauntlyman scents thc anggreget yup behound whole scoopchina desperate noy totalage explaining aposteriorly awstooloo valdesombre belowes hero greak esthate phophiar erixtion soseptuple side made spoil apriori popoporportiums yass zotnyzor think pojr never brother scout think ichts nichts nichts greates schtschuptar fol rawlawdy schpirrt schkrepz quirasses qwehrmin tragedoes antiants grandoper soun gun nong sabaothsopolettes smooking scandleloose botthends foinn duhans grandthinked obras another time itch egondoom legging boldylugged pulversporochs lyoking stooleazy nemesisplotsch allafranka salubrate ultradungs heavenly mass base suprime pompship chorams perished popes reverend allaverred cromlecks heard lewdbrogue reciping cheap cheateary gospeds sintry santry sentry suntry thought haftara afterhis brokeforths homely churopodvas sooner seen aghist frighteousness bibbering vear versets fooling fjorg fifth foot manifest tis obedience flute taff though unglucksarsoon giming git jotning hoghly ligious hapagodlap like soldierry sap pique cue tyr eye bond back croak cry jolly well harm lean er athug would weepon weeponder song sorrowmon goatheye sheepskeer damnty well know papaist gambanman take cawraidd blow yia partridge last butt giving scimmianised twinge acknuckledownedgment cumulikick strafe firetrench studenly drobs led satoniseels ouchyotchy changecors induniforms lefting gat big face glows green hair greys white bleyes bcome broon suite cultic twalette seeing oneship fetch along within hail tourrible tall nitshnykopfgoknob attempting like brandylogged rudeman cathargic lugging laiding livepelts cruschinly like mebbuck messar expousing old skinful self tailtottom manurevring open ordure renewmurature cowruads airish pleasantry thanked recovering breadth herdsquatters beyond carcasses erver nerver tell liard story knew prize lead alimoney got inoccupation full new old basemiddelism ackshan pagne pogne veereyed lights stormtrooping clouds sheenflare battleaxes heroim mid shieldfails awail bitteraccents sorafim caught pfierce tsmell aurals orankastank suphead setrapped like peder greste altipaltar bill forsooks allegiance gut bull lie babbeing yetaghain bubbering bibbelboy marrues shkewers gnaas fiet tob tob tob beat solongopatomclummensy ever misused must used meac coolp arram eirze rum love deer dirouchy confesses withould pride jealice looked upon saur haurousians weight arge fullin upon travaillings tommuck rueckenased fates bosser fear sons nuad heavy way immingled irmenial hairmaierians ammongled gospolis fomiliours till achaura moucreas adn arts taff marrer act prepensing waldmanns burnias seduced country clowns preposing barangaparang going knowing see pluggy well moidered murder effect bet blowie knife doze soze sopprused though grot zot hidn hurts vott fonn butt hearing somrother sudly give tworthree peevish sniff snuff snoores like govalise falseleep waitawhishts see might stirs goes kuldrum like without asking pepeace anysing soul merzmard met late fate hate fairwail fearwealing groan think smugs bagot taff meanwhilome yarn length put nodje poestcher wile stoccan hand rooma makin ber getting umptyums gatherumed skattert lavishing lagan lighthouse words silent power susu glouglou biri biri gongos upon repleted speechsalver innkeeping right thanks giveme naperied norms nonobstaclant little doubt resulted momstchance ministring another guidness good see bompromifazzio shumpum palidi oukosouso nipper dandy trink scup bladdy orafferteed bug butt whipedoff chimbley phot lips lovecurling tongueopener takecups communion sense hands foregiver trosstpassers thereinofter centelinnates potifex miximhost haruspical hospedariaty proferring pauses somewhot salt bacon theres scares knud gnarld warld fully svend dilates improvement foerses nature ample solvent referacting upon like boesen fiennd taff past buckthurnstock peadhar piper colliguchuna whiles bealting pots dubrin din old daddam dombstom tomb wamb humbs lumbs agamb glimpse agam glance agen rise road hive hill find pollyvoulley foncey pitchin ingles parler since versingrhetorish say piece buccleuch shocked rosing girnirilles ballet gasty power hov az ov like gow live sad tearfs piddyawhick offgott affsang buthbach ath yetheredayth noth endeth hay vaersegood buckle sayyessik ballygarry fourscore soculums watchyoumaycodding cooll skoopgoods blooff harkabuddy feign thingman placeyear howed wholst somwom shimwhir tinkledinkledelled shinfine deed myrtle bog tway fainmain stod op slog free bond men lay lurkin tuan whattinghim fore sneezturmdrappen twill rpnice pschange arrah sir come budd butt cushlows goodsforseeking hoarth ever fondlinger pimple spurk niallist ninth homestages babybell baggutstract upper going allatwanst begad lest challenge beygoad till angush horrasure toff said would colporal phailinx first hittit another time white horsday midril met bulg sbogom roughnow along first equinarx cholonder plain khorason thou goest mount bekel steep nemorn elve hundred therety years krow flees end deed power skimiskes blodidens godinats sight beasts hegheg whatlk wraimy wetter moist moonful date man aver held dimsdzey death higheye reilly oirish krzerszonese milesia asundurst sirdarthar woolwichleagues good tomkeys years somewhile crimealian wall samewhere ayerland weeping stillstumms freshprosts eastchept dangling garters marrowbone daring wapping stiltstunts bostion moss old stile new style heave lep onwards winn blaguadargoos lues day plays goat banshee pealer moskats knows whoss whizz great day druidful day come san patrisky grand day excellent fine splendorous long agreeable toastworthy cylindrical day go sixt ninth heptahundread annam dammias hajizfijjiz ells till timelag told bok alam columnkill prefacies erin gone brugk icantenue incommixtion lowsome like till took dead beats begin study soon show day reasons give cold shake blighty perishers lay one beats feller look call feller come longa villa finish toumbalo acclapadad banjopeddlars raid gidding anti vanillas getting stissas aunties boxerising coxerusing swiping johnny dann sweept exercitise neverwithstanding topkats roaming cartridges orussheying patronning crummwiliam wall haw haw taff letting tinder lighting put beheiss feuer durblinly obasiant felicias skivis still smolking fulvurite turfkish rooking pressance laddios yaa hoo col battles joined bottles sever worn aid comp butt difficoltous tresdobremient feels bitvalike baddlefall staot falls batforlake borrlefull bare awlphul omegrims rassociations postleadeny past disconnections aplompervious futules boodle full maimeries buzzim medears runs sloze bleime platoonic leave recoil thickens come back one rust misenary post old boyars boomaringing waulholler alma marthyrs dring bycorn spirits fuselaiding cullies adjutant even contentsed wody absents wehrmuth junglemen agleement give thee greatly swooren theoccupant rueandredful thrownfullvner royal devouts arrest whole inhibitance neuilands one brief mouth velligoolapnow meould attashees currgans could get kick time hapenced us cedric said gormleyson danno dunnochoo conno cannochar names manner barracksers kong gores wood together thurkmen three khakireinettes miladies toileries twum plumyumnietcies vjeras vjenaskayas old djadja uncken great mark jinking junking palposes womth wamth war charme lyse brocade lispias harth burm eye whem bames fire norone screeneth hulp hulp huzzars raise ras tryracy freetime free lancesters anathem taff still senses heavinscent houroines entertrained sinuorivals sunny espionia plied wopsy wallets thatthack bustle bakerloo ii passing uninational truthbosh smoothing irony multinotcheralled infructuosities grinner set rib rib quean oldbyrdes sinya sonyavitches rhoda cockardes raday embrace ruddy inflamtry world ohosililesvienne biribarbebeway till kinks tringers boils taws whor dor pene lie mer pencho ist dramhead countmortial gonorrhal stab mind pughs keaoghs piggots marsh nut dingbut dag zahur zimmerminnes sing chorias ethur heliotropical noughttime following fade transformed tuff pending viseversion metenergic reglow beaming batt bairdboard bombardment screen tastefully taut guranium satin tends teleframe step charge light barricade photoslope syncopanc pulses bitts bugtwug teffs missledhropes glitteraglatteraglutt borne carnier walve spraygun rakes splits double focus grenadite damnymite alextronite nichilite scanning firespot sgunners traverses rutilanced illustred sunksundered lines shlossh gaspel truce leaks caeseine coatings amid fluorescence spectracular mephiticism caoculates inconoscope stealdily still figure fellowchap wohly ghast popey donoshough jesuneral russuates idolon exhibisces seals orders starre son heaven girtel izodella calottica cross michelides apaleogos latchet jan nepomuk puffpuff pompom powther pall great belt band bucklings martyrology gorman castomercies mudwake surveice victar pleace notnoys speach dreadths please doughboys hll smthngs gnwrng wthth sprsnwtch blanks oggles confesses tellavicious nieces blocks nosoes confesses everywheres always putting latest faengers wollops mouther sword tusk confesses opten used obening howonton used undering boundles alltogotter manucupes pedarrests asmuch confesses handcomplishies behind comfoderacies hereis cant came back saying codant steal lunger yessis catz come buck beques caudant stail awake touched upon tree livings middenst garerden inasmuch confessed hillel dalem places lepers inhabit place stones pontofert jusfuggading amoret come think jolly well ruttengenerously olyovyover ole blucky shop pugger old pumpey dungaschiff hen collection avensung feld hanar dumble looties gengstermen dtin dtin dtin dtin butt gisture expansive mr lhugewhite cadderpollard sunflawered beautonhole pulled point blanck mailbag mundaynism oldbally court though hissindensity buck far melovelance tells fast marking first lord cremation whyfe bothem lad thing elter mehind prostatates pujealousties dovolnoisers prayshyous defense every circumstancias deboutcheries chaste daffs pack pickets pioghs kughs palseyputred peme prease forgetting mere betoken hother prace correct pleatze commando cossakes abjure basquibezigues pole aprican askormiles eskermillas billyfell duckish delights whole pukny time rawmeots julianneswith lambstoels kiddeneys ramsbutter sassenacher ribs knee trey th osirian cumb dumb like whalf fiord preying players pinching peacesmokes troupkers tomiatskyns father petrie spence parishmoslattary go leave us crimsend daun shellalite darkumen scene signed slobabogue feeding sleeping huguenottes snuggest spalniel lieon tame raiding revolations allbegeneses sand us saint us sound agun yet still spit spat like chantied sunda schoon every warson wearrier kaddies komnate schnapsack unlist getting foegutfulls rugiments savaliged wildfire gamefellow willmate send us victorias nowells brownings dumm sneak curry fun fanagan week strange man wearing abarrel gift meggs teggs live chipping nortons tis iron fits farmer ay arcdesedo renborumba hellscyown days fellows loyal leibsters redugout rawrecruitioners praddies three prettish wheeze waynward islands wee engrish one long blue streak jisty pithy af durck rosolun hand hand homard kayenne always jiggilyjugging wendowed courage woos wenches went wined song tsingirillies zyngarettes woodbine willie popiular poppyrossies chorney choplain blued air sczlanthas banzaine bissbasses pivorandbowl tuned hear topmast noviality revels drown rinks almistips allround paddy bonhamme vives encore tig tag togatogtug droomodose days loved abover strest blowhole brasshat boy boots butch bunch buckoo bonzer beleeme bare prive without doglegs give one humpenny dump wingh wangh touching thusengaged slavey generales tanah kornalls meelisha deelishas pronouncing flank movemens sunpictorsbosk baghus whatwar could always take good cover eyedulls earwakers preyers rain cominations care three tanker hoots sham hem chaffit feelings lifeprivates reptrograd leanins honours booth respectables sþurs assistershood lyndhurst terrace puttih misses celana dalems vinting angurr belle troth alliance know heriness respeaktoble medams culonelle mellay street lightnints gundhur sawabs would never aimees servation let bludger life touters peeping pimpadoors jova never went wrong let doom till risky wark rasky wolk head wake come stumblebum ye olde cottemptable urssian gemenal scutt rudes unreformed went nemcon enchelonce old domstoole story upleave fallener greatly petted whitesides beard seen brichashert offensive boortholomas vadnhammaggs vise vise scharlot runners gave love took ward us odious fly fly flurtation mairmaid maddeling oreland rolvever sord splunthers colt bung goes enemay percy rally got messg r true almagnian gothabobus blow grand aceupper thistake meest meath dulwich insurrectioned procuratress hory synnotts could tell pullyirragun parrylewis shuttm missus like wide sleever hump dump tumbleheaver taff camelsensing sonce given bron nuhlan volkar boastsung heading sea vermelhion wellbred ignore umzemlianess rifal preceedings effort towards autosotorisation effaces favour idiology alwise behounding lumpy hump homosodalism means lain amain lolly likingcabronne may pops lilly young one herth combrune oholy rasher believer oho bullyclaver ye bragadoregunneral grand ohold spider name call umsturdum vonn ah shutter reshottus sieger besieged aha race fiercemarchands counterination oho shorpshoopers butt miraculising dann deafir warcry bigotes bristling jittinju triggity shittery pet shouts thump feeh fauh foul finngures heighohs ahs bluddymuddymuzzle buckbeshottered umbozzle graves home haunder lou garou gayl geselles dead men hills kaptan backsights bared cumbulent embulence frustate fourstar russkakruscam dom allah khorwan connundurumchuff taff asbestas wiz healps gosh bluzzid maikar sulphuring himsalves pungataries sin praktice failing furrow theogonies dommed trisseme mangoat name marsiful aweghost gragious one sobber sooth souber civiles dirtiment curtailment man notshoh butt maomant scoffin apoxyomenously deturbaned thems bleachin banes making bashman haloday euphorious hagiohygiecynicism die diademmed yastsar sabre tooth sobre saviles senonnevero leaves nyet grafe deared dared bedattle didaredonit cocksnark killtork tell ussur ursussen viktaurious onrush rattles arctic bold madhouse bull meadows knout knittrick kinkypeard olefoh sourd foemoe times unknun meseemim tolfoklokken rolland allover ourloud lande beheaving sob tunf claimhis wollpimsolff puddywhuck ay untuoning culothone exitous erseroyal deo juptoat instullt igorladns prronto gave one dobblenotch ups crozzier mirrdo armer hits leg arrow cockshock rockrogn sparro taff skimperskamper wools gatherings cromlin birstol boys artheynes tour crackery fullfour fivefirearms crockery dam dam domdom chumbers wharall thubulbs uptheaires shattamovick butt pulling alast stark daniel alest doog doorak greater pardon painfully issue mouth diminuendoing vility vilities becomes allasvitally faint shurenoff like faun macghoul butt taff desprot slave wager foeman feodal unsheckled one person fight upheld right wee baffled tottered umbraged shadow old erssia magisquammythical mulattomilitiaman living owning surfers glebe whose sway craven minnions caused revile foul hell boiling mauses burning brand falls goll gillie keenheartened circuminsistence parkes rarelys hurdly gurdly cicilian concertone fonngeena barney brawl shaken everybothy hands e morehampton makes leave e n sheilmartin meetinghouse lanigan embaraced vergemout hall without falter mormor blathrehoot sophsterliness pugnate thc pledge fiannaship dook dook commonturn oudchd fest man best man astoutsalliesemoutioun palms like commodity tokens cococancancacacanotioun old wormd gadden anthea first unfoiled limbs wanderloot way wood wagged opter apter samuraised twimbs mutthering ivies murdhering idies mouldhering iries muskat grove bright plinnyflowers calomella cool bowers magpyre babble towers scorching screeching ravenindove thees lobed sex head mees ates seep traublers dancing figgies spittle side shoving outs soord buying buys go gulling gells flossim jessim carm silk honey myandthys playing lancifer lucifug duff bettle usses makes coy cosyn corollanes moues weeter wee till butagain budly shoots thon rising germinal let bodley chow fatt anger badley bide toil tubb pump pipe pingers ideally reconstituted putther bowls peterpacked presents determining regards future howabouts past absences might see hearing could smell tastes touch ought find values must overlistingness ex ungiven ad stillhead blunk shutmup bud well right sung dumb glass darkly speech lit face face allaround vociferagitant viceversounding namely abdul abulbul amir ivan slavansky slavar alldconfusalem major guiltfeather pertained hercushiccups care educe beauty bath bound bind beholders pride purge place appoint penance law libel lifts lames low lofty housed hersy hunt harrow hill rout rollicking rogues rule racketeer romps rein rockery rides rambling nightclothesed arooned conquerods sway battle thy fair bosom tootrue enough solidan island moltern giaourmany amelakins date back land engined egypsians assented opening inlookers oxmanstongue stalled stabled wellnourished one lord seven days overlord sats suns sat suns ring system sats sun god scuffeldfallen skillfilledfelon contaimns hangsters constrains hersirrs gain changful mintage vaster heavy shirts lucky shifts top side humpup stummock atween showdows fellah misto tee wiley spillitshops keepeth watch khummer phett whose spouse lyph dog bladder warmer couch fore whole men lepers nobbut wonterers chill childerness true name allfaulters mug luck em bespeaking love lie detectors venuvarities whateither drugs truth iota faust lost redoubtedly overthrew ilkermann us persuade gow gentlemen true kopfinpot astrode boardsoldereds sollecited grobbling hummley roundhouse seven orofaces guiltshouters crimemummers sayd codnops advices free gracies scamps encloded competitioning steadied jura raced messafissi husband wifebetter bestman botchalover comes ever body taylorised world selve thishis whither gives primeum nobilees notomise naught farst wriggle ubivence whereom man old offender nother man wheile asame fullexampling pints question byspills sicsecs provim hurtig soup time find time whenin aye kiddling tarikies held sowansopper let beam frishfrey sodhe gudhe rudhe brodhe wedhe swedhe medhe kanddledrum let us suppraise reading suppressed book notwithstempting meassures long limited latterpress eminently legligible paper eagerly seized upon scarsely buttered works previous publicity wholebeit keener notcase would turf aside pastureuration packen paper paineth whomto sacred scriptured sign straps scraps might ashed healped enough however read like good bedst friend augur hurry times cocommend widest circulation reputation coextensive merits inthrusted safe pious hands upon edifying mission see ambullished expurgative plates replete information accampaigning action passiom slopbang whizzcrash boomarattling burst past seeing warmest venerections timmersome townside upthecountrylifer guard place town allthose everwhalmed upon preposterous blank seat wordcraft early woodcutter master vignett iennes findest grobsmid among orefices shukar chowdar splunderdly english mr aubeyron birdslay chubgoodchob arsoncheep wellwillworth triat bismillafoulties hasard asks justly ever behind meddle throw sad pour sad forengistanters dastychappy dustyrust chaichairs something awe aurorbean fellow hamid damid hugh de brassey beardslie wear mine ancient guised comequeers anywhat perssian owe realisinus purups dard pene among others pleasons love favourests mind one pushed finker movement sealring none hand swear highly catatheristic another fombly fongered freequuntly signet sign swear deeply sangnificant culpo de dido ars say classies kunstful others said ravening shadow dovely line king age could richlier eyefeast oreillental longuardness alternate nightjoys thousand kinds one kind shahrryar cobbler lying whilst doot sliding panel hear cawcaw idylly turmbing loose looves leaflefts jaggled casuallty lamatory must commit lips make misface misfortune often far chance recollect farnights ago dimsweet selvischdischdienence able obliged hold anything stone throw fruit fall wil excuse informal leading illexpressibles enlivened toward author nature natural sins liggen gobelimned differended manmade eonochs cunstuntonopolies weather ed general golf stature assasserted blossomly emblushing thems elves underneed howthern folleys entrenched contemplating wiz naked relieving purposes trurally virvir vergitabale garden sometimes maybe justly said old flannagan wake huntsfurwards shock shell render ope shylight window see coocoo notion quiet involuptary cadging hapsnots murmurrandoms distend renations ficsimilar phases dugouts behindscenes earthwork rovining shudder deadly loom spatial time processly regards concrude chronology fact spite belittled gay giftname insectarian happy burgages abeyance would make homesweetstown hopeygoalucrey mottu propprior claim cad truck coined highly pelaged deeply gluttened mind hindmost hearts see loudest reports threespawn bottery parts shsh colombophile corvinophobe alike remassed travellingself magellanic clouds contractual expenditures perofficies merelimb good grief big altoogooder beached bark tale set husband vine harpermaster told living conservancy know meschiameschianah win gain flying perseoroyal withal aboarder padar madar hal qnd sal sens ere duchtars iran amick amack amock mucktub qith tou loulous gryffygryffygryffs fenegans wick wildemanns washed whight deliveried rhight loud lauds luckhump bejetties jo nahs winxed wanxed like baillybeacons till woksed oldermen whose plultibust preaggravated baskatchairch theologies werenighn thaurity herouns alraschil arthouducks draken whoalike placed say matters ducomans nonbar one bears respects bulls acknowledgments come girls lead cara whichever wins two gemuas jane agrah judy tombuys disassembling taking apart slammocks discrimination maypole rub passing hump drogueries inaddendance frons fesces frithstool hade die beetle didhithim self hod fush ever pelican huntered truly fond bullpen backthought since toork human life personal low outhired taratoryism orenore selfhide bessermettle forsake chiltern lumbojumbo like fintan fore flood sometimes damned merely often saved side saw regarding prussyattes quazzyverzing wassand better would could better warrant blood musk haschish coked diamoned penceloid bleaching naclenude cohlorine matter boneash bittstoff tink fors tank old dustamount old tincoverdull baubleclass totstittywinktosser bogusbagwindburster whether fitting tyres onto danelope boys fluttering flaus laurettas whatever bucket brigade plug party says touchant arser rum tipple camelottery lyonesslooting layaman brutstrenth jacohob esahur saults sallies warn hear jeff woods chirpsies cries singaloo sweecheeriode sock oldcant rogue group jest ham beamed listening ham pig haulted excerpt john whiston fiveaxled production coach six insides tales yore times gone hofdking hoovthing pinginapoke oreland sould goes tory eeric whigs become tintinued fearson nightly lets wake brickfaced lucan lhirondella jaunty lhirondella tirra lirra rondinelles atantivy go attention stand ease diffusing among lovers sequence dewfolded song naughtingels alys alysaloe sheltered positions rosescenery haydyng heather side waldalure mount saint john jinnyland whither allies winged duskfoil mooreparque swift sanctuary seeking sunsink gang oiboe hitherzither almost dotty must dash pour peace partial floflo floreflorence sweetishsad lightandgayle twittwin twosingwoolow let everie sound pitch keep still resonance jemcrow jackdaw prime secund terce whoe betwides full theorbe dulcifair press pedal sof pick vowelise name mum pere golazy mere bare bill heeny smirky dainty beethoken wheckfoolthenairyans badchthumpered peanas gluck glucky far fortunate bark bay duol man goodfox inchimings ceased moment allow clinkars nocturnefield night sweetmoztheart carmen sylvae quest queen lou must wail cool airly coil curly warbler dear may song flourish underwood chorush long make flourish nut nutsky till thorush secret hookup roguenaar loudbrags soddy old samph high vuile var yes capt answer shartshort trooping colours knows ventruquulence rang ripprippripplying bulbul bulbulone shally thou shalt willy wouldnt youd remesmer hypnot tis golden sickle hour holy moon priestess love grappes mistellose moths matter pschtt tabarins comes fell fairest gui gui salam salms salaum carolus indeed ware hoody crow ere soared peach missmolly showed pear onto three away whet bee deflowret greendy grassies yellowhorse kematitis cele erdours aye eye everysee suchaway suchawhy eeriewhigg airywhugger even extremity world dingoldell enormanous littlest little wee wee long alancey one let sit anthill frilldress talk day making blithe inveiled heart groatsupper serves us panchomaster let har leqwind play peeptomine colombinations wins nought twigs nil tricks trees makes nix fairs fears stoops nothing till arthur comes againus sen peatrick reformed pose together piece pace shares guineases lovely sight surey man weepful big seat hear teach twisters tongue irish pat lad may goh quicken aspenash yew willow broom oak move tellabout nice limpet lady spose try promissly love naytellmeknot tennis taunt treattening say mr eustache ingean mingen hear whose joint jealousy heavilybody evillyboldy hopping gracius onthy ovful belessk mie nerve mans armor nurses know wingwong welly pitty pretty nelly poddy pitted anny petty pullet call kitty kelly kissykitty killykelly nossowl buzzard neats ung gels leaves alift aloft full liefing fell alaughing ombrellone parasollieras black thronguards county shillelagh ignorant invincibles innocents immutant onzel grootvatter lodewijk onangonamed bridge primerose twy isas boldmans met blueybells near dandeliond think gorsedd shame go doms lark limonladies lurk orangetawneymen backleg wounted budkley mister bester boyne leaved leavely leaftimes folliagenous till came marrer mirth jangtherapper jocolarinas never ere yet laughtered one undo end enjoyed laughings merry times grant high hilarion us may cease prayce storywalkering around gestare romanoverum swinking think plan unrawil back droughty water face flowed sowriegueuxers blottyeyed boys pig village smoke sixdigitarian legion druid circle clandibblon clam cartel pulled came rally agreed roasted malts toasted burleys condomnation totomptation duration till repepulation upon old nollcromforemost ironsides camnabel chieftain since sammon trowed explain summon seeing contracted islands empire might coolly rolled school call tarponturboy grampurpoise manyfathom brinegroom fortyinch bride cuptin klanclord kettle auction like soldr britsh bound become till sea got whilask maker misses gave pattern hun horde finn tent wife lap home steed abroad fire say nothing done whatyouknow howyousaw whenyouheard whereyouwot kenspeckled souckar generose cocke greediguss garzelle uprighter age umbrasive yews heaviest corpsus exemption whoasever spit howsoever fondling saving keepers mould bould sould hould wine wakes barley peg pantry hold heavyache heart droll delight deemsterhood win wood bond like bright lamps thamamahalla yearin yearin auspicably suspectable expectancy respectableness dirty flock bedding drip dropping ceil ing two sisters charities front steps three eva cuan cleansers back gaze single box pair chairs suspectable occasionally alternatively used husband writing connection equitable druids friendly societies periods dire want comparative plenty thunderburst ravishment dissolution providentiality sofa allbeit hoarsehaar amodicum cloth hired payono still playing used youngsters czurnying oldstrums three bedrooms upastairs one fireplace aspectable greenhouse prospect particularly perspectable kept dulby always time knew point solely know hitch cock eye snapped sly upsadaisying coras pearls pie perts princer street set tinker humn rann rann keen old bards newnesboys pearcin screaming armsworths boss made dovesandraves bucknesst wears bowler hat bath deductive almayne rogers disguides voice shetters behind hoax chestnote exexive heat wives rasing jest keeps rosing jumps leaps rizing howlong known tom certainly know bann bothstiesed saddenly bane reneemed soothinly low ought buy papelboy footles suit mark foil flouter certainty owe sprit phiz baccon salt bis pudden toockled palam calam solom suked friends leave bonnick lass fair weal guilty fellows culpows felt sindeade submerged doughdoughty doubleface told waterside labourers since athome health chanced wild whips wind ships wonderlost world hips unto foursquare trust prayed aid plumptylump piteousness turtled around seeking thud surf spake approach inherdoff trisspass minxmingled hair though may hawked said selled hot peas theactrisscalls imprecurious position though achance could emptied pan backslop drain whiles dodging rere middenprivet appurtenant thereof salving presents board wumps pumps ever incalpable release prisonals properly concerned unlifting upfallen girls wherein dangered thereopen unadulteratous bowery hintering influences angelsexonism merely barely till oh offs missaunderstaid meggy guggy giggag code proof rebald danger would bare whiteness dismissem mind good tell story twelfth maligns first nurssmaid fellower willbe perambulatrix twingty twangty thews leathermail coatschemes penparing hostpost valinnteerily valued fofavour post puzzles deparkment larch parchels presents future branch offercings green approve raid shaum baum bode amustering groves shool comes merging along want put kirtlies ayearn leap show bisextine dear lest forget mergers bow low marchers attemption mazing month budsome misses making wingtywish flit beflore kin attonsure ears hears skall gall every dime yawpens momouth could park ford papertreated captivities inside man hocksheat starvision avragetopeace parchment cooking lenses apoclogypst recreuter conscraptions let asservent kinahaun peace peace perfectpeace abwaited water elin placed reeds intectis registower perception tribute hall city analbe concerns merryaunt hworsoever gravesobbers perensempry sex fun help dazzle othour mucias gracias may duvlin rape handsomst whole mad knightmayers nest tunpother prison plotch shoulden somewhat well able owe hearth chem ney easy seeker vannflaum worldins merkins eager make lyst turpidump undher arkens basast litigimate well wrenn tigtag cackling like sally berd abery ham cutey strict shall call upon first among lost lyrars beyond jingoobangoist overcast dismissing mundamanu riflings victuum gleaner old chuck drakes druck turning gay ninety well shoving offa boastonmess like lots wives handpicked hunsbend would calling well oil mircles upon herwayferer gods reanouncing deviltries locally person caves got purchase firmforhold like think sacreligion daimond cap daimond confessedly baron gentil homme manhor bourne till ladiest day panthoposopher splet groont peer bellows like bacchulus shakes rousing guttural old cerpaintime peaching allsole amusical warry warst defile lieberretter sebaiscopal mispeschyites first virginial water without auction biasement part gladyst tone ahquickyessed overhowe underwhere totty lolly poppy flossy conny dollymaukins though heave coald bauck could eres hoven sametimes used alltides aswarmer meekst graced going might threeabreasted wholenosing whallhoarding amir anent villayets prostatution precisingly kuschkars tarafs could double densed uncounthest hour allbleakest age bad wind barran rain nompos mentis like novus elector marx groups yet doubt dare would dhamnk shenker dhumnk skunk fare share hinther thonther hant hont dauvening shedders whose rovely lanes yose yese sure would mr mac gurk sure would mr duane sure would mr macelligut wod nods mom mom mum rod pud stub lurch amotion little love apprencisses dears estelles van nessies von nixies voon der pool reyal devouts yet marly lowease feel olderman kk alwayswelly showing ot fullnights palmspread gav parsleysprig curliest weedeen old ocean coils around spruce spice salthorse sonnies tear thrusty taylor spring aftabournes look like little cheayat chilled oh sard ah mah tide impracing beacher seath colories fair fled folced cheeks popottes canceal mayst forced guage bribes wickedgapers appeal light nexistence vividence panto boys looser inlossballet girls suppline thrown tights wanted thank long time much thank sir kindest bottleholders dear friend among hearts steel froutiknow befor dare beautiful young soldier winninger anyour rudimental moskats go mats watched share sockboule sodalists buntad nogs love tennis squats regatts suckpump balls disserve fain goldrush gainst silvernetss say biguidd love goddess perthanow reveres one mothers mitsch matsch reveal thus deepseep daughter bourne pridely medsdreams unclouthed pillowing brime satur nay eve woren see say whoahoa stay execution milcho melekmans increaminated feel oddrabbit upon every strong ground ever taken bitterstiff work battonstaff play assault turk barrakraval grakeshoots e en tho jambuwel defecalties terry shimmyrag upperturnity grace tbe grass balm bramblers catasthmatic old ruffin sippahsedly improctor seducint trovatellas dire daffy damedeaconesses like sighs sootheesinger lilliths oft feldt booboob brutals cautiouses aims oggog hogs humand houtes blymey torrenation upkurts scotchem tall tale tell croon paysecurers sowill nuggets nippers thash stumpen blows gaff offmombition thit thides marse makes good dayle shattat fall stuff rote ere afstef dong wonged magongty till bombtomb warr thrusshed whole soort cloose whisht wooed weald bays bawshaw binding desire miriam despair marian joh joseph beauty jacq jacob grief brow tell nun eye feign sad mouth sing mim look lokman whatbetween cupgirls platterboys grew back grossery baseness grand remonstrance endeth chinchinatibus speak finish haygue halt pouncefoot panse pink pleas pink two pleas pink pleas pink punk mask one mask two mask three mask four look tutty comyn remember recall kullykeg visiting dan leary try corner house thee gie ye credit simmence ye lymphing four avunculusts since threestory sorratelling much many maddened morgued lungd jowld synopticked word till juke done like jukoleon seagoer bore perry boat raised slide shipped orders seized pullets primed plumages fionnling dubhlet dun fire sending one fare fore fom behold residuance delugion foggy doze still going strong old thalassocrats invinsible empores maskers waterworld facing one way another way way way severalled fourdimmansions lighning leaps numbulous coold cawld breide lieth langwid bounds whereinbourne solied bodies attomed attaim arrest appoint see follows wringlings upon wronglings among incomputables uncomeoutable angel prophetethis kingcorrier beheasts calif halifskin eyriewinging one voids bubbily vode dodos across boomomouths dupest dupes envery anononously blowing great guns keep backwards please good gundy running guns written big capital guns saying never underrupt greatgrandgosterfosters guns whatever one said fourlings acounts guns pad behaunt fear go tonnerwatter bungley well chute rising gianerant wandly woking around jerumsalemdo small hours murketplots smelling okey boney little figgy arraky belloky little pink porker porkodirto let gentlemen pedestarolies monabella culculpuration live left leave cullebuone perperusual petpubblicities without inwoking also sic arraky bone suc okey bellock always hemmer hummer treeing unselves one exite never caving nicely precisely quicely rebustly tendrolly unremarkably forsakenly hal tedly reputedly firstly somewhatly yesayenolly back excits never weaken place broths never vvollusslleepp pleece poots allerthings never ate sour deans anysin consients zumschloss never narks cease till finely ending consummated completion accomplishment thus within tavern secret booth wisehight ones sip tested sooth bestir bid jab punch quaram mug truth kc jowls sodden secret kc jowls sure wise kc jowls justicestjobbers find another faller ruse rise whooley whooper see squarish large face atlas jacket brights brownie eyes bluesackin shoeings peaky booky nose lousiany shirt ruddy stackle hair besides strawcamel belt namely gregorovitch leonocopolos tarpinacci duggelduggel theys stare atime yea andor ing games induring studies undaring stories end ned snugged cosied one percepted nought tuffbettle outraged waywords meansigns hinterhand suppliesdemands gone splane splication host hast one hoose backturns facefronts none none house geust guest bet nose well however sublation compensation radification interpretation byeboys mr g b w ashburner bruno toboggan drive mr faixgood bellchimbers carolan crescent mr chattaway hilly gape poplar park mr q p dieudonney view gazey peer mr erchdeakin multiple lodge jiff exby rode mr w k ferris fender fert fort woovil doon botham ontowhom adding tout pumped stout linked lank cold sandy nextdoored rotter rooked rhymer lapped hoose joax pilled heard heard said heard said written fidelisat first rudrik kingcomed inn court seight yard perchypole loovahgloovah last mannarks maketh man wandshift winneth womans would hum whoson someof aswas start stunt story many needles ponk many noodles company noddling tutti tempo decumans numbered well secretary bird better known pandoria paullabucca thought like solicitor general indiscriminatingly made belief mid authorsagastions schelm pelman write somewords senders chilikin puck laughing poulebec would death b well madges tighe postulate auditressee daremood grownian always goes hoping michal latter turn cupital tea ephumeral comes without much father parting parcel goumeral postoppage lookwhyse whence blows weather helping mickle loiter end leader may twaddle cubital lull hopes soon ear comprong c becakes goatsman question whatever hen bumbler feeling scratch bekicks whatever kiddings payne inge popper meant thoughy onced throughlove true grievingfrue danger nirshe persent minstress devourced pair mather caray chucklings pante blanche skittered litters like cavaliery man cobra park ungeborn yenkelmen jeremy trouvas kepin keepers old howe old around dix dearthy dungbin remarking scenically laddylike lassitude upon finally postscrapped long till thanked much thank much introduced fourks e remind sane f fool step aletheometry zoot doon floon nut peeby eye onamassofmancynaves top boat getobodoff treamplasurin receptionated diliskious milisk flowowered drooplin dunlearies dribble drob went rothole meaning kelly grimes phelan mollanny brien macalister sealy coyle hynes joynes naylar traynor courcy de courcy gilligan goll stunner oddstodds bluebleeding boarhorse soresen head subrises thus tous rumpumplikun oak well cannot say looking like nowface noggens whilk dusts bothsides seats bigslaps bogchaps porlarbaar marringaar lochlunn gonlannludder feof foef forfummed shiplezoyd boumce polisignstunter sockerson boy pump fire lewd soulths bauchees havsousedovers tillfellthey deadwar knootvindict whele time rancing smutsy floskons nodunder ycholerd poopishers ahull onem fyre maynoother endnow shatten ship bouououmce nomo clandoilskins cheakinlevers ashored capolic gizzards stowlaway glutany stainks porterfillyers spirituous suncksters oooom oooom vitupetards boasum strongleholder bushbrows nobblynape swinglyswanglers sunkentrunk tin clucken hadded runced slapottleslup hord fard piping dour douchy sieguldson cooed loud young cud bad caw gray like wather parted say ostia lift lift ostia say away say himhim himhim hearhasting himmed reromembered chubbs chipps chaffs chuckinpucks chayney chimebells mistributed port pub park pantry poultryhouse thered others emulously concerned cupturing last dropes summour grooves blarneying ere sockson locked dure would shuttinshure lave sture rules sport tis right youth bedower charm night whilst age dumped mind day wather parted say humming coming insway onsway fingool mackishgmard obesume burgearse benefice bowen hem scrapin recolcitrantament rightabout probenopubblicoes clamatising extinsion hostillery chargehand bombing eres tids genmen plays goin shoother almaynoother onawares nort farwellens rouster ashiffle ashuffle wayve dancingtree till suttonstone lads lie would filch crown mull sack brew tay wather parted say lelong awaindhoo selverbourne enrouted rochelle lane liberties mullinguard minstrelsers marshalsing par tunepiped road perked hollowy hill poor man lyones good dook weltington hugon come er rindwards hircomed belles bows cutattrapped mausers town londmear dub lin coursse toller ples dotter eyes moke wanst whye doe aime alike pose poeter peaced dumb shoots shopper rope pour forth sans butly tuppeter sowyer rouged engenerand barttler beauyne still benjamin liefest time frankling thise citye whereas bigrented piers half subporters arms josiah pipkin amos love raoul le febber blaize taboutot jeremy yopp francist de loomis hardy smith sequin pettit followed snug saloon seanad caf b ranger scenictutors wonted get goatweigh afore sheep looset wish wobbleton whiteleg welshers kaillykailly kellykekkle savebeck brownhazelwood dinnasdoolins labious banks swensewn snewwesner turned weastinghome danesbury common onely duoly thruely fairly rainydraining fountybuckets chalkem hemptyempty till caught wind abroad alley loafers passinggeering rockers roads boots stretes oh dere ah hoy last ye lundsmin hasty hosty anondation mirification lutification paludination bludgeon bruk drum tore spuds keep hat wore roll clover clay wather parted say hray free rogue mountone till dew mild well corry awen glowry met brownaboy fuinnninuinn former lyncheon partyng burgherbooh shanavan wacht rantinroarin batteries dorans whistling thief ryne rann catch cunning like nowhere keener eolders aspolootly wetsend mailing waters trying hide seek hide seek number one lived bothersby north trying hide seek hide seek number two digged poors coort soother trying hide seek hide seek nomber three sleeped lilly tekkles eats trying hide seek hide seek last sailalloyd donggie berthed moherboher washte trying baffling walters hoompsydoompsy walters high sink high sink highohigh sinkasink waves gangstairs strain anger hoisty rares cup speed bogre barque away er wather parted say horkus chiefest ebblynuncies shook ashaped hempshelves hiding shepe goat rassembling bearfellsed magreedy prince roger thuthud heigh hohse heigh hohse kindom orse bruni lanno woollies brani lonni hairyparts hunk trunk would insalt foul matter cellaring pigstrough stop laysense ink would think alddaublin staking lordsure like gourd puncheon deblinity devined wholehunting pairk methylogical mission whenever theres imberillas calling rina roner reinette ronayne mine answer lemans arderleys beedles postbillers heard three points one ericus vericus corrupted ware eggs dummy distillery broree aboo run johnsgate jameseslane begetting wife begame niece pouring youngthings skintighs dizzy spells till gladstools pillools made ride mall thanks huedobrass beerd lodenbroke longman canseels veerious persons always rorke relly consideration musickers ought pass cheeks daunt penalty please know warder barded bollhead parssed alley upsidedown singing ever dimkims mummur allalilty pulls inner heads end manners means bled till bone crops flesh tell mead mard made old dadgerson dodges one conning one copying wonderland wanderlad flaunt fair trancedone boyscript tittivits ahem read tomorrow marn curds table nigg nogg thrate throte auditor learns still pumping torkenwhite radlumps lencs preplays anonymay left hinted palinode obviously inspiterebbed sibspecious connexion note notes admiration see signs suspicion count hemisemidemicolons screamer caps invented gommas quoites puntlost forced farce pipette say anything change know aglove means murdrus dueluct fewer feud rompant culotticism fugle glee men save sit sew pants outsizinned doughertys duckboard pointing peace home lawanorder lovinardor wait till hear boy biskop reeling around postoral lector epistlemadethemology deep dorfy doubtlings lay till break day bunk basky island rome duty well tried buckstiff batt boot sell breach contact vendoror buylawyer one hyde sack hic two stick holst lucky finnish make goal first nomad next namar numah soon nomon hence counsels ecclesiast every resumption forgein offils shove lay dossier darby yard planning plot edgings whispering peeler cooks wearing illformation find kind artist sir dirt cheap sovereign skull knows finsbury follies backwoods batter see regent refutation ascare winde rifing nice boys going native know wrote orange book estchapel basil two men king avenance press cold brand brow mow cainfully sinus curse hung chung egglyfella speak tell numptywumpty topsawys belongahim pidgin secret things persons place covered fell story story like sagasand lie enfilmung infirmity alleging finger fudding pudding pie witnesses glue greevy bottom anker noordeece kick kick killykick house juke built wait till send sleep scowpow jurors cruces old hunphydunphyville blasted bumboards youthful herald would chosen one matter brittas anarthur wake see wholes poors riches hundreds manhoods womhoods two cents two mills two myrds us rangers facing box twelfth correctional like one man gell misses mountsackvilles halfmoon haemicycles gasping giddies dye shame hold hard till one leapt gets yearing hired cameras extra honour surpacker binge yelp guilt kitz buck loss fame wimmegame fake forwards one bully son growing goff twinger read nazi priers fought never woxen crucket wecker earse hives court exchequer tis child gives sire away good richmond rover scrum around side let another spindlers grand game dalymount decisive gouverneur buckley tara tribune sporting insides rhutian jhanaral little mrs ex skaerersissers bribing halfpricers pray widower gravest embazzlement hosy jigses nonstop marrimont stolen mace anvil magnes burrowed berkness cirrchus clouthses fummuccumul graneen aveiled playing slavey touch much thefancy cutter collecting milestones espied aseesaw fern nimb said dat dew furrybenn ferrybree tear vikloe vich lofed smiling ever pulls pay prhyse talor would adapt caulking trudgers shape see address deceitfold wovens weard wonder women world together moya lovablest lima since ineen maccormick maccoort macconn puckins mackundred little width wider got moving abog cannot make limousine lady hillman minx listun till hear mudquirt accent bulgen horesies wollan indulgencies flemsh tik scapulars beads stump candle hubert hunter chemins de la croixes rosairette egg trimmings tree picked clontarf voterloost bryan macbruiser bet norris nobnut becracking cucconut kknneess umpthump inkeeper doater een wednessmorn delphin dringing grusham undergang real hymernians strenging strong knocker knocker holy massalltolled ought tak dos frut jik sauss getting hoovier twelve stone hoovier fullends twelve stone hoovier corpus entis scurves right demnye aunt unclish ams make oom nichtia bound loose gone neffin since clapped charmer gormagareen gunting munting hunting punting eitch blood arrah frecklesome freshcheeky sweetworded lupsqueezer shows pick lock fancy poghue poghue poghue good jump powell clean heads could kiss one couddled huggins sparkes footer hance nancies scaldhead pursue bunkledoodle upon birchentop three blows time drink hurry three nursed skerry badbols grey one club fistful burryberries massus feed living dying buy bran biscuits never say dog finest companies morialtay kniferope walker rowley barrel longbow lie slick trick blennercassel brogue clanruckard ever fenn fenn kinn fenns deaf winds croonacreena fisht saying softing rushes merryvirgin forbed never eat soullfriede ating easter greeding angus angus angus keykeeper keys seven doors dreamadoory house household hecech saysaith whitmore whatmore give give mawgraw head helo chesth champgnon eye gull groom greenhouse gattling gun lad style lannigan ball drive naval shallburn shock never mind gibbous slip ropen collar draw noosebag head nobody know heed postumus skip round schlymartin back come front sloomutren beg one shavers sailorsuits three climbs threequickenthrees garb nine split see mouldem imparvious wing oldboy welsey wandrer well spat witty wagtail piawn bishop forthe moove mumblesome wadding murch cranking hornemoonium drawg us ivy eve hall alum finnecies poetry wed music feeling jitters tight trivett knot knutted never peena queena duetting giggleforgiggle brideen alannah lost diamindwaiting magnificent gesture show us gallus day clean easy hooker free croaks dovlen rathfinn hike hearse four horses interprovincial crucifixioners throwing lots inside know whose gosson whereas brake news morhor myterbilder fullen aslip wager shonny bhoy fleshlumpfleeter poshtapengha bares sobsconcious inklings shadowed soulskin segnet yores strake hin nup laying cloth fore thanking fish core pass grace gard sake ahmohn mr justician matthews mr justician marks mr justician luk de luc mr justinian johnston johnson aaskart see behind help help hurray sup allsop four ghools nail cut mates look slippy got dathe swimminpull dang ding dong dung dinnin great swaying us good fly balloons dannies dennises doorknobs dead annie delap free ones could ate par buccas imbabe reassuranced wild lac gotliness one fledge one brood till hulm culms evurdyburdy huh throman huh traidor huh truh arrorsure mannork arrahland oversense horrhorrd name thuthunder rrrwwwkkkrrr seen rudden fusefiressence flashmurket prcrll royloy rollorrish rattillary lewdningbluebolteredallucktruckalltraumconductor unnamed nonirishblooder becomes greenislender overnight molting superstituettes fulse thortin guts tried mark easterlings sign soideric cunnuc rix adversed ord magtmorken kovenhow great conversion myn coucous find causcaus motometusolum bulley cowlie diggerydiggerydock bazeness usual alight still mike loose afore bung bring forth deed bang till right time bang partick thistle agen megan versus brystal palace agus walsall putsch tiemore moretis tisturb badday playgue soon rats let sin geh tont wants get peace possession dinned unnerstunned sassad thurteen aloafen sor kindly repeat ledn us alones lungorge parsonifier propounde edelweissed idol worts shaw shea lorning obsen hurgle gandfarder gurgle gurk impose frayshouters like os every tub spucks fat hang coersion everyhow smotthermock gramm laws drippindhrue gayleague ones buginning woid muddle sounddance thereinofter unbewised vund vulsyvolsy talker dunsker brogue men souls speech obstruct hostery silence thought spreach wear anartful outer nocense pawpaw wowow momerry twelfths noebroed good one ha quite material may farther unvuloped old mighty aped foul delfian mahnung ha ha talk paddy barke echo kick nuck knockcastle muck nose nose without warnward know sendor whome find chiggenchugger taking treaclyshortcake bugle bitch pairsadrawsing horssmayres prosession tyghting threes stop press stop press stop press stop seem talkin wharabahts hosetanzies dat sure sullibrated word bing bong saxolooter congesters salders prey snap loose patchy blank anyone see son gunnell fellow carlow woes wormquashed aye wor winner think aerian wall fall toss give another volleyholleydoodlem lights yet liverpooser boohoohoo oose seven hores always home thinkingthings nodsloddledome noiselisslesoughts two idas two evas two nessies rubyjuby phook wonder pipes kirles sthings like rheinbok one bed night delysiums queens mobbing fell stiff oh ho ho ho ah abedicate gegs goad deaf us pappappoppopcuddle samblind daiyrudder yus sord fathe woll putty wraughther waits whyfore come agooding none cock icy keep henayearn fortycantle glim lookbehinder might rubiny leeses wanings send us peppydecked ales bad lot rye well whose amind wheateny one proper lovely b e n k sincerestly trust missus kiddies sweet gorteen b n k least tittles deranged b u n k greesiously augur meggers b e n k b n k b n k sloop sorts adceterus adsaturas last fight megantic fear refergee took hailing time pass goes blackwatchwomen white flaxed purgad right toe armitage tem tam timmotty hall carried away beyond bournes bowers leave keyhoe danelly pykemhyme three muskrat eers end age variants katey sherratt variants katey sherratt man bonnefacies blashwhite blushred aquasancta liffey patrol wind tells befells mocked majesty malincurred mansion saying boys anyhow anyhow melumps mumpos hoose uncommons wind longtobechronickled gettogether thanksbetogiving day glenfinniskenlavalle anniversary finst homy commulion barbecue bean feast poor old hospitable corn eggfactor king roderick conor paramount chief polemarch last preelectric king ireland anything say tween fiftyodd fiftyeven years age time socalled last supper greatly gave umbrageous house hundred bottles radio beamer tower hangars chimbneys equilines least nt actually last king ireland time jolly good reason still eminent king ireland last preeminent king ireland whilom joky old top went taharan dynasty king arth mockmorrow koughenough leathered leggions parts unknown god guard generous comicsongbook soul put poached fowl poor man pot took pallyass weeping eczema better worse went grass quilt us nevertheless year sugar scarce lather shave frizzle like bald surging buoy three cows meat drink dogs washing tis good cause remember going summersultryngs snow sleet witht widow nolan goats brownes girls neats anyhow wait till tell poor old roderick conor rex auspicious waterproof monarch ireland found self alone grand old handwedown pile gone castles mud best cud footback owing leak mccarthy mare extended order tree length longest way switchbackward slidder landsown route hauburnea liveliest vinnage brain unimportant parthalonians mouldy firbolgs tuatha de danaan googs ramblers clane rest notmuchers care royal spit ostensible mouth well think sir faix went heeltapping winespilth weevily popcorks kneedeep round right royal round rollicking toper table old roderick random pullon hat lanty leary cant mike brady shirt greene linnet collarbow ghenter gaunts macclefield swash readymade reillys panprestuberian poncho body pity way world poor heart midleinster supereminent lord overwhelmed black ruin like sponge water allocutioning bellcantos oliverian society macguiney dreans ergen adams thruming diversed tonguesed old tears ould plaised drawl starkened regal belches like blurney cashelmagh crooner lerking clare air blackberd ballad terrible errible lot todue todie todue tootorribleday well go exuberant majesty king roderick conor arrah bedamnbut finalised lowering woolly throat wonderful midnight thirst keen mustard could tell ale bothered head tail wishawishawish leave irish boys nt go sliggymaglooral reemyround suck sure enough like trojan particular cases assistance venerated tongue whatever surplus rotgut sorra much left lazy lousers maltknights beerchurls different bottoms various different replenquished drinking utensils left behind premisses whole hogsheaded firkin family departed honourable homegoers sly grogging suburbanites fall fall brindishing charmed life toastified cheeriubicundenances matter whether chateaubottled guiness phoenix brewery stout john jameson sons roob coccola matter connell famous old dublin ale wanted like hell halibut oil jesuits tea fall back several different quantities qualities amounting say considerably better part gill naggin imperial dry liquid measure till welcome us till rising morn till hen kaven shows beaconegg chapwellswendows stain horyhistoricold father macmichael stamps aitch clerk mess litvian newestlatter seen sold delivered set restart silence like ancestors day blazings ouldmouldy gods may attend pray overopposides cowery lad corner forenenst staregaze cathering candled adornment album folkenfather familyans came acrash crupper sort sate accomondation boxst composs whereuponce behome fore cove trawlers heave hone leave lone larry focse faugh machugh bawlar wheel one one dare par par peerless pair ever fol dee oll doo flure feats feels fumes wakes ears wineman barleyhome slumped throne sailed stout ship nansy hans liff away nattenlaender come returns farvel farerne goodbark goodbye follow starloe,"{'neg': 0.062, 'neu': 0.831, 'pos': 0.107, 'compound': 1.0}"
Rod Wave,10881441,Passport Junkie,https://genius.com/Rod-wave-passport-junkie-lyrics,"20 ContributorsPassport Junkie Lyrics
I'm tryna spit that real shit every time, that shit
Just tryna keep it all the way up, thurl (Mm)
Yeah, yeah, yeah, uh
Bahamas light work
Turks might work, might work
I told her, ""You would love to party,"" yeah (Turn me up, Fivee)
This shit here just gettin' started
Damn
Mm, pretty girls, pretty girls, pretty girls
Turn into bad bitches, look, look

Ain't no more holdin' her hand, it's time to expand
She wanna get on the 'Gram and take pics in the sand
She tryna work on her tan, you ever been to Thailand?
We ain't gotta pack no clothes, we can shop when we land
You want bad-bitch views? What you willin' to do?
She can't come to your room unless it's in Tulum
You ain't rеady for her, I think you should slow your roll
Is you ready for her? No, no, no, no, no
Shе's a passport junkie, spend that bread like a dummy
Yeah, he met her on Sunday, was in the airport by Monday
If you really gettin' money, take that girl out the country
She like niggas that's fun, they takin' shots, gettin' blunted
I'll do whatever for your love, it ain't no leavin' me
Spend a million in a month, who gon' compete with me?
I might take her to Paris, fly out her whole family
He rented a yacht and took her to Miami
Listen, listen, listen, I love Miami
But she don't wanna go no more
She don't wanna go no more
'Cause it's not the same
Times change
Oh, how the times change
She don't wanna go no more
She don't wanna go no more
She a passport junkie
Takin' trips out the country
Takin' trips out the country
Oh, how the times change
'Cause it's not the same
Oh, how the times change (Ayy, listen)
She don't wanna go no more (If you ain't got no bag, you can't even bag her, you know what I'm talkin' 'bout?)
She don't wanna go no more (Oh, youngin)
See Rod Wave LiveGet tickets as low as $80You might also like
I'll never forget it, man
Two-hundred-dollar hotel rooms and shit, used to be the shit
No, sir, hahahaha
Oh, how the times change
If you ain't got no bag, man, focus on yourself, man
You ain't got no paper, man, focus on yourself, manEmbed",im tryna spit real shit every time shit tryna keep way thurl mm yeah yeah yeah uh bahamas light work turks might work might work told would love party yeah turn fivee shit gettin started damn mm pretty girls pretty girls pretty girls turn bad bitches look look aint holdin hand time expand wanna get gram take pics sand tryna work tan ever thailand aint gotta pack clothes shop land want badbitch views willin cant come room unless tulum aint rеady think slow roll ready shеs passport junkie spend bread like dummy yeah met sunday airport monday really gettin money take girl country like niggas thats fun takin shots gettin blunted ill whatever love aint leavin spend million month gon compete might take paris fly whole family rented yacht took miami listen listen listen love miami dont wanna go dont wanna go cause times change oh times change dont wanna go dont wanna go passport junkie takin trips country takin trips country oh times change cause oh times change ayy listen dont wanna go aint got bag cant even bag know im talkin bout dont wanna go oh youngin see rod wave liveget tickets low might also like ill never forget man twohundreddollar hotel rooms shit used shit sir hahahaha oh times change aint got bag man focus man aint got paper man focus man,"{'neg': 0.142, 'neu': 0.668, 'pos': 0.19, 'compound': 0.8637}"
The Weeknd,10828188,Dancing In The Flames,https://genius.com/The-weeknd-dancing-in-the-flames-lyrics,"106 ContributorsTranslationsPortuguêsTürkçeEspañolDeutschFrançais中文УкраїнськаDancing In The Flames Lyrics
(Yeah)

Traffic dies while we are racin' home
Melted lights cover the open road
I hope we make it 'cause I've been chasin'
Another odyssey, oh

I can't wait to see your face
Crash when we're switchin' lanes
My love's beyond the pain
But if I miss the brake
We're dancin' in the flames
It's indescribable

Ooh, yeah

""The world can't heal,"" they say on the radio (Oh, no)
So grab the wheel, want you to be in control
We're dodgin' headlights, and you say, ""Hold tight""
Another odyssey, oh, hey
See The Weeknd LiveGet tickets as low as $80You might also like
I can't wait to see your face
Crash when we're switchin' lanes
My love's beyond the pain
But if I miss the brake
We're dancin' in the flames
It's indescribable

Ooh (Indescribable), oh
Ooh
Everything's faded, we barely made it
The fire's ragin' but you're still beautiful
And it's amazin' 'cause I can taste it
Our final odyssey, oh

I can't (I can't) wait to see your face (Can't wait to see, ha)
Crash when we're switchin' lanes
My love's beyond the pain (Hey)
But if I miss the brake
We're dancin' in the flames (Dancin' in the flames)
So just have faith (Just have faith in me)
We'll never be the same (We'll never be, never be)
It's indescribable
Ooh (Indescribable), oh, hey
Ooh (Indescribable)15Embed",yeah traffic dies racin home melted lights cover open road hope make cause ive chasin another odyssey oh cant wait see face crash switchin lanes loves beyond pain miss brake dancin flames indescribable ooh yeah world cant heal say radio oh grab wheel want control dodgin headlights say hold tight another odyssey oh hey see weeknd liveget tickets low might also like cant wait see face crash switchin lanes loves beyond pain miss brake dancin flames indescribable ooh indescribable oh ooh everythings faded barely made fires ragin youre still beautiful amazin cause taste final odyssey oh cant cant wait see face cant wait see ha crash switchin lanes loves beyond pain hey miss brake dancin flames dancin flames faith faith well never well never never indescribable ooh indescribable oh hey ooh indescribable,"{'neg': 0.158, 'neu': 0.632, 'pos': 0.21, 'compound': 0.8739}"
Real Boston Richey,10474552,Help Me,https://genius.com/Real-boston-richey-help-me-lyrics,"8 ContributorsHelp Me Lyrics
At this point, it's like I'm beggin'
Shit, if I gotta fight for love, then, shit
It's like I don't even, I don't even want it
(Known to let that MAC fly just like my nigga Doe, bah)
Help me
Baby, can you help me?
Baby, can you help me?
Baby, can you help me?

I'm tryna get my life together, leave these hoes alone
Pray to God I can leave the streets, this thuggin' shit gettin' more than old
Baby, please don't leave, but every day, her hеart get more than cold
I'm tired of pipin' thеse bitches up, on top of shit like provolone
I'm tryna run my digits up, at the same time, watch what them crackers on
Bitch, I call, you ain't pickin' up, what the fuck these hoes be on?
I just went bought fourteen acres, used to stay up in the mobile homes
Need a bad bitch with low body count to put my focus on
Nigga, he tried to end my career, truth be told, I don't fuck with holmes
So many bad bitches up in here, which one of them I'm takin' home?
Bitch, I'm ballin' on all these niggas, same court that the Lakers on
I'm more wealthy than all these niggas, baby girl, my paper long

Do you love me? Do you trust me?
Say you got my back, but it's that paper got you wanna fuck me
Can I keep it real for a second, baby? Would you judge me?
I can't lie, I ain't been the same ever since them niggas stuck me
That shit corrupt me
I'ma get that get-back even if I get life, trust me
'Til the end, nigga, I'm kicked back in the cut poppin' up on bubbly
Look your nigga in the eyes and tell him I say he can't fuck with me
If I take her to my house, stick it in, that lil' bitch stuck with me
See Real Boston Richey LiveGet tickets as low as $66You might also like
Lil' bitch playin' mind games, tryna trick my mindframe
You block me, bitch, I won't call you back, I promise it's just a mind thing
In that Hellcat, hit the gas, you hear that whine, ain't it?
Upped a hundred pack, I'm talkin' way before I got signed, baby
Why I ain't got no hit song yet? 'Cause I guess it ain't my time yet
Promise to stay down with this shit until my eyes go blind, yeah
Told you, bitch, I'm done with all that cheatin', stop that cryin', yeah
Same shit I said the last time, but I ain't done yet
Fuckin' another bitch, I told you I'm out here gettin' mon', yeah
Told you I'm on the way, but I'm still fuckin', bitch, I ain't cum yet
Bought you another whip, but you just speak on what I ain't done yet
Yeah, I cheated on you, but you were the realest bitch, I love that

Do you love me? Do you trust me?
Say you got my back, but it's that paper got you wanna fuck me
Can I keep it real for a second, baby? Would you judge me?
I can't lie, I ain't been the same ever since them niggas stuck me
That shit corrupt me
I'ma get that get-back even if I get life, trust me
'Til the end, nigga, I'm kicked back in the cut poppin' up on bubbly
Look your nigga in the eyes and tell him I say he can't fuck with me
If I take her to my house, stick it in, that lil' bitch stuck with meEmbed",point like im beggin shit gotta fight love shit like dont even dont even want known let mac fly like nigga doe bah help baby help baby help baby help im tryna get life together leave hoes alone pray god leave streets thuggin shit gettin old baby please dont leave every day hеart get cold im tired pipin thеse bitches top shit like provolone im tryna run digits time watch crackers bitch call aint pickin fuck hoes went bought fourteen acres used stay mobile homes need bad bitch low body count put focus nigga tried end career truth told dont fuck holmes many bad bitches one im takin home bitch im ballin niggas court lakers im wealthy niggas baby girl paper long love trust say got back paper got wanna fuck keep real second baby would judge cant lie aint ever since niggas stuck shit corrupt ima get getback even get life trust til end nigga im kicked back cut poppin bubbly look nigga eyes tell say cant fuck take house stick lil bitch stuck see real boston richey liveget tickets low might also like lil bitch playin mind games tryna trick mindframe block bitch wont call back promise mind thing hellcat hit gas hear whine aint upped hundred pack im talkin way got signed baby aint got hit song yet cause guess aint time yet promise stay shit eyes go blind yeah told bitch im done cheatin stop cryin yeah shit said last time aint done yet fuckin another bitch told im gettin mon yeah told im way im still fuckin bitch aint cum yet bought another whip speak aint done yet yeah cheated realest bitch love love trust say got back paper got wanna fuck keep real second baby would judge cant lie aint ever since niggas stuck shit corrupt ima get getback even get life trust til end nigga im kicked back cut poppin bubbly look nigga eyes tell say cant fuck take house stick lil bitch stuck,"{'neg': 0.295, 'neu': 0.514, 'pos': 0.192, 'compound': -0.9932}"
Rod Wave,9544368,Never Mind,https://genius.com/Rod-wave-never-mind-lyrics,"6 ContributorsNever Mind Lyrics
Uh, never will I forget this
Yeah, this was the one
Didn't wanna add you to that list, no
Of lost, broken love
And now the weather’s startin' to change
Leaves starting to fall
Summer's here, I’m still all alone

Uh, but you don't have to bring me back your heart
Replacing isn't easy as you thought
I've always been your flashlight in the dark
Which means, you only call me when you're lost
I thought we'd always be together, woah (Look)
I used to love you, now I hate you forever, woah
I used to love you, now I hate you forevеr
I hate you forever, hatе you forever (Uh, woah)
Yeah (Woah)

Look, look, look (Uh)
And I know hate is such a strong word, but it's a real feeling, uh
Cut me deep with your words, girl, I still feel it
And I'm still sipping dirty Sprite to get me through the night
I’m still tripping, tryna figure out what I’ma do tonight
All my time is off, feel like my mind is lost
I left the door wide open and now my heart is broken
But I done sung this song a thousand times
Sung that song a thousand times, yeah
See Rod Wave LiveGet tickets as low as $80You might also like
Uh, but you don't have to bring me back your heart
Replacing isn’t easy as you thought
I've always been your flashlight in the dark
Which means, you only call me when you're lost
I thought we'd always be together, woah (Look)
I used to love you, now I hate you forever, woah
I used to love you, now I hate you forever
I hate you forever, hate you forever (Uh, woah)
Yeah (Woah)Embed",uh never forget yeah one didnt wanna add list lost broken love weather startin change leaves starting fall summers still alone uh dont bring back heart replacing isnt easy thought ive always flashlight dark means call youre lost thought wed always together woah look used love hate forever woah used love hate forevеr hate forever hatе forever uh woah yeah woah look look look uh know hate strong word real feeling uh cut deep words girl still feel im still sipping dirty sprite get night still tripping tryna figure tonight time feel like mind lost left door wide open heart broken done sung song thousand times sung song thousand times yeah see rod wave liveget tickets low might also like uh dont bring back heart replacing easy thought ive always flashlight dark means call youre lost thought wed always together woah look used love hate forever woah used love hate forever hate forever hate forever uh woah yeah woah,"{'neg': 0.297, 'neu': 0.558, 'pos': 0.145, 'compound': -0.9818}"
Genius Türkçe Çeviri,10730800,Charli xcx - Guess featuring Billie Eilish (Türkçe Çeviri),https://genius.com/Genius-turkce-ceviri-charli-xcx-guess-featuring-billie-eilish-turkce-ceviri-lyrics,"2 ContributorsTranslationsEnglishEspañolFrançaisDeutschPortuguêsРусский日本語PolskiItalianoΕλληνικάCharli xcx - Guess featuring Billie Eilish (Türkçe Çeviri) Lyrics

Hey, Billie, orada mısın?
Uh-uh

İç çamaşırımın rengini tahmin etmek ister misin
Aşağıda neler döndürüyorum bilmek ister misin
Pembe renginde güzel mi yoksa transparan mı?
Yeni alt sırt dövmemi gösteriyor mu?
Ağzına tıkmak, güneye doğru çekmek istiyorsun
Olayı başlatmak istiyorsun, işte bundan bahsediyorum
A-a-a-ağzına tıkmak, güneye doğru çekmek istiyorsun
Olayı başlatmak istiyorsun, işte bundan bahsediyorum (Evet)

Dene, ısır, yala, tükür
Yana çek ve içine gömül
Giy onları, gönder bunları, remiksini yapabilirim
Onları The Dare'e gönderdim, evet, tahmin ediyorum buna tamam gibi
Dene, ısır, yala, tükür
Yana çek ve içine gömül
Giy onları, gönder bunları, remiksini yapabilirim
Yemek niyetine ye, evet, lezizo
(Sorunlarımızı çözelim)
You might also like
İç çamaşırının rengini tahmin etmeme gerek yok
Aşağıda neler döndürüyorsun zaten biliyorum
Küçük fiyonklu siyah dantelli olan çift
Tokyo'da senin için seçtiklerim
Oturduğunda onları gördüm, dışarı bakıyorlardı
Şimdi sana diyeceğim, düşündüğüm tek şey onlar

Dene, ısır, yala, tükür
Yana çek ve içine gömül
Öp, ısır, onları bir deneyebilir miyim?
Charli erkeklerden hoşlanıyor, ama çakacağımı biliyor
(Çakacağımı biliyor)
Charli, buna tamamsan ara beni

Evet, tahmin et, tahmin et, tahmin et, tahmin et, tahmin et, tahmin et, tahmin et, tahmin et
Tahmin et, tahmin et, tahmin et, tahmin et, tahmin et, tahmin et, tahmin et, tahmin et
Tahmin et, tahmin et, tahmin et, tahmin et, tahmin et, tahmin et, tahmin et, tahmin et
Tahmin et, tahmin et, tahmin et, tahmin et, tahmin et, tahmin et, tahmin et, tahmin et

Billie ile ne hakkında mesajlaştığımızı bilmek ister misin? (Saygısızca davrandın)
Hâlâ Google Drive'ımın şifresini tahmin etmeye çalışıyorsun (Bana takıntılı mısın?)
Bulunduğumuz partinin adresini tahmin etmek ister misin (Gerçekten davetli değilsin)
Bu şarkı hakkında ciddi olup olmadığımızı bilmek ister misinEmbed",hey billie orada mısın uhuh i̇ç çamaşırımın rengini tahmin etmek ister misin aşağıda neler döndürüyorum bilmek ister misin pembe renginde güzel mi yoksa transparan mı yeni alt sırt dövmemi gösteriyor mu ağzına tıkmak güneye doğru çekmek istiyorsun olayı başlatmak istiyorsun işte bundan bahsediyorum aaaağzına tıkmak güneye doğru çekmek istiyorsun olayı başlatmak istiyorsun işte bundan bahsediyorum evet dene ısır yala tükür yana çek içine gömül giy onları gönder bunları remiksini yapabilirim onları daree gönderdim evet tahmin ediyorum buna tamam gibi dene ısır yala tükür yana çek içine gömül giy onları gönder bunları remiksini yapabilirim yemek niyetine ye evet lezizo sorunlarımızı çözelim might also like i̇ç çamaşırının rengini tahmin etmeme gerek yok aşağıda neler döndürüyorsun zaten biliyorum küçük fiyonklu siyah dantelli olan çift tokyoda senin için seçtiklerim oturduğunda onları gördüm dışarı bakıyorlardı şimdi sana diyeceğim düşündüğüm tek şey onlar dene ısır yala tükür yana çek içine gömül öp ısır onları bir deneyebilir miyim charli erkeklerden hoşlanıyor ama çakacağımı biliyor çakacağımı biliyor charli buna tamamsan ara beni evet tahmin et tahmin et tahmin et tahmin et tahmin et tahmin et tahmin et tahmin et tahmin et tahmin et tahmin et tahmin et tahmin et tahmin et tahmin et tahmin et tahmin et tahmin et tahmin et tahmin et tahmin et tahmin et tahmin et tahmin et tahmin et tahmin et tahmin et tahmin et tahmin et tahmin et tahmin et tahmin et billie ile ne hakkında mesajlaştığımızı bilmek ister misin saygısızca davrandın hâlâ google driveımın şifresini tahmin etmeye çalışıyorsun bana takıntılı mısın bulunduğumuz partinin adresini tahmin etmek ister misin gerçekten davetli değilsin bu şarkı hakkında ciddi olup olmadığımızı bilmek ister misin,"{'neg': 0.0, 'neu': 0.991, 'pos': 0.009, 'compound': 0.3612}"
Tucker Wetmore,10153145,Wind Up Missin’ You,https://genius.com/Tucker-wetmore-wind-up-missin-you-lyrics,"10 ContributorsTranslationsEspañolPortuguêsWind Up Missin’ You Lyrics
I know I might look like
Another ball cap on a bar stool
Underneath a PBR light
Sayin' everything under the moon
To get you into my arms tonight
You probably heard it all a thousand times
But it ain't what it looks like
Girl, let me tell you what it looks like

You look like waves on a sunset
And you can crash on me all night
You look like wine in a truck bed
A little what I'm doin' for the rest of my life 'cause
You look like I'm done lookin'
But girl the hard truth is
If this night don't turn into two
You look like I'm gonna wind up missin' you

I gotta tell you, baby, I've been
The kind of boy your daddy never wanted
You to go and fall in love with
The kinda boys you're probably done with their dumb shit, yeah
I bet you heard the stories and
Can't say I'm proud of that, but
I've turned the page on the old me
And now I ain't lookin' back 'cause
You might also like
You look like waves on a sunset
And you can crash on me all night
And you look like wine in a truck bed
A little what I'm doin' for the rest of my life 'cause
You look like I'm done lookin'
But girl the hard truth is
If this night don't turn into two
You look like I'm gonna wind up missin'

Missin' you in the mornin'
Probably for the next few years
When I look back on it
I'll still see you right here

You look like waves on a sunset
And you can crash on me all night
And you look like wine in a truck bed
A little what I'm doin' for the rest of my life 'cause
You look like I'm done lookin'
But girl the hard truth is
If this night don't turn into two
You look like I'm gonna wind up missin' you
Wind up missin' you
Wind up missin' youEmbed",know might look like another ball cap bar stool underneath pbr light sayin everything moon get arms tonight probably heard thousand times aint looks like girl let tell looks like look like waves sunset crash night look like wine truck bed little im doin rest life cause look like im done lookin girl hard truth night dont turn two look like im gonna wind missin gotta tell baby ive kind boy daddy never wanted go fall love kinda boys youre probably done dumb shit yeah bet heard stories cant say im proud ive turned page old aint lookin back cause might also like look like waves sunset crash night look like wine truck bed little im doin rest life cause look like im done lookin girl hard truth night dont turn two look like im gonna wind missin missin mornin probably next years look back ill still see right look like waves sunset crash night look like wine truck bed little im doin rest life cause look like im done lookin girl hard truth night dont turn two look like im gonna wind missin wind missin wind missin,"{'neg': 0.103, 'neu': 0.658, 'pos': 0.239, 'compound': 0.982}"
Rod Wave,10972403,Turtle Race,https://genius.com/Rod-wave-turtle-race-lyrics,"9 ContributorsTurtle Race Lyrics
(Pipe that shit up, TnT)
Uh
Yeah, uh
Mm, yeah
Look (Uh)
Mm (Uh)
Yeah

Back to back rollin' up, four in the morning, thinkin' about my nigga
Lord knows that I'ma miss ya (Oh yeah)
Sometimes my life get super wild and I be wishin' I was with you (Oh)
But the turtle race continues
Won't dot the door without my pistol
Just know whenever they come and get me, it's gon' be a bang-out (Grrah)
Long live Bangout, he was the first to leave on this journey (Yeah)
Lord, don't let me leave this earth so early (Yeah)
Let me watch my seeds grow and flourish (Flourish)
Promise to change my ways, I'm goin' corporate
Mama say this where the thuggin' end
I wonder who gon' fix my heart, I wonder who gon' wipe my tears (Yeah)
Wonder why my life hard, I wonder when my pain gon' heal
And tell the feds I know they real, don't want no smoke with 'em (Yeah)
But they had my brother, I had to come and get him
So many niggas fell a victim, lost off in the system
I hit my knees, God came and got me (Yeah)
So many court dates and funerals, tribulations and trials
Snakes with handshakes, crossed and crooked smiles
From the streets to the bunk, from the bunk to the streets
Thug life ain't dead, believe me
And for my niggas locked down, at war with the system (Yeah)
I promise to come and get ya
And to my niggas dead and gone up in heaven, know I miss ya
The turtle race continue, the turtle race continue, nigga
See Rod Wave LiveGet tickets as low as $80You might also like
Mm-mm (Uh), mm-mm, yeah
Turtle race, turtle race (Turtle race)
The turtle race continue, nigga (Uh)
Yeah, uh, mm-mm-mm (Yeah, yeah)
The turtle race, yeah, the turtle race
For sure
YeahEmbed",pipe shit tnt uh yeah uh mm yeah look uh mm uh yeah back back rollin four morning thinkin nigga lord knows ima miss ya oh yeah sometimes life get super wild wishin oh turtle race continues wont dot door without pistol know whenever come get gon bangout grrah long live bangout first leave journey yeah lord dont let leave earth early yeah let watch seeds grow flourish flourish promise change ways im goin corporate mama say thuggin end wonder gon fix heart wonder gon wipe tears yeah wonder life hard wonder pain gon heal tell feds know real dont want smoke em yeah brother come get many niggas fell victim lost system hit knees god came got yeah many court dates funerals tribulations trials snakes handshakes crossed crooked smiles streets bunk bunk streets thug life aint dead believe niggas locked war system yeah promise come get ya niggas dead gone heaven know miss ya turtle race continue turtle race continue nigga see rod wave liveget tickets low might also like mmmm uh mmmm yeah turtle race turtle race turtle race turtle race continue nigga uh yeah uh mmmmmm yeah yeah turtle race yeah turtle race sure yeah,"{'neg': 0.145, 'neu': 0.605, 'pos': 0.249, 'compound': 0.9768}"
"NLE Choppa, 41 & Kyle Richh",10832795,Or What,https://genius.com/Nle-choppa-41-and-kyle-richh-or-what-lyrics,"27 ContributorsOr What Lyrics
(EMRLD)
Fuck
Bitch, is we fuckin' or what? (Damn)
Ayy, ayy, ayy, ayy
Ayy, ayy, ayy, ayy
Let me nut on your butt (Damn)
Ayy, ayy, ayy, ayy
Ayy, ayy, ayy, ayy
Fuck

Is we fuckin' tonight?
Toes right and her pussy is tight
Like, she ride my dick like a bike
Like, I beat the pussy like fight night
Scary movie, she wanna record it, we watch it again like the hot ice
Baby, you know you my type, type

Feel like Freddy, together for five nights
She in love through the dash like a hyphen
Can't spend no time with these bitches, I'm timeless
Said she sick of mе, she caught the itis
I feel like Trav', in this room, I'm thе highest
We could lay up and look at the starlights
If she not fuckin', she gotta get depart, like (It's Carter, dickhead)
Girl, we been huggin' and cuddlin' all night
Is we fuckin' or what? (Grrah, bang)
You might also like
Pretty, but she hard to solve like a riddle
Yeah, once I touch it, it jiggle
If we get drunk enough, we could kiss
Is we fuckin'? I'm not tryna see what them hips do
Yeah, brown skin joint with a dimple
Light skin, she like, ""I buy it, it's simple""
12 a.m., after dark, I'm a slut
Don't got time for no games, is we fuckin' or what?

Ayy, ayy, ayy, ayy
Ayy, ayy, ayy, ayy
Let me nut on your butt
Ayy, ayy, ayy, ayy
Ayy, ayy, ayy, ayy (Phew)

Is we fuckin' or not?
I got a whole 'nother ho in the spot (Phew)
I'm tryna tie that bitch up like a knot (Knot)
She thick like O's in a pot
She wanna fuck at the Ritz
She know that I'm rich
But really ain't throwin' no fits
But she throw it back on that dick
Throw up on it like you sick
Don't tell nobody
Think I'm in love with a ratchet
Two seats when we ride in traffic
Twin G-locks, we matchin'
She don't know her dad, but she call me, ""Daddy""
She want a thug, she need some love, she wanna get off them drugs
When you take this pink pill, bae, is we fuckin' or what? (Ooh)
If I was a bad bitch (Ooh)
If I was a ratchet (Let me nut on your butt, ooh)
If I was a bad bitch
I'd wanna fuck me too
Yes, I love pills and Percocets, yes, yes (Let's go)
I— I love pills and Percocets, yes, let's fuck (Let's go, let's go, yeah)

Ayy, ayy, ayy, ayy
Ayy, ayy, ayy, ayy
Let me nut on your butt (Let's fuck)
Ayy, ayy, ayy, ayy
Ayy, ayy, ayy, ayy (Let's fuck)3Embed",emrld fuck bitch fuckin damn ayy ayy ayy ayy ayy ayy ayy ayy let nut butt damn ayy ayy ayy ayy ayy ayy ayy ayy fuck fuckin tonight toes right pussy tight like ride dick like bike like beat pussy like fight night scary movie wanna record watch like hot ice baby know type type feel like freddy together five nights love dash like hyphen cant spend time bitches im timeless said sick mе caught itis feel like trav room im thе highest could lay look starlights fuckin gotta get depart like carter dickhead girl huggin cuddlin night fuckin grrah bang might also like pretty hard solve like riddle yeah touch jiggle get drunk enough could kiss fuckin im tryna see hips yeah brown skin joint dimple light skin like buy simple dark im slut dont got time games fuckin ayy ayy ayy ayy ayy ayy ayy ayy let nut butt ayy ayy ayy ayy ayy ayy ayy ayy phew fuckin got whole nother ho spot phew im tryna tie bitch like knot knot thick like os pot wanna fuck ritz know im rich really aint throwin fits throw back dick throw like sick dont tell nobody think im love ratchet two seats ride traffic twin glocks matchin dont know dad call daddy want thug need love wanna get drugs take pink pill bae fuckin ooh bad bitch ooh ratchet let nut butt ooh bad bitch id wanna fuck yes love pills percocets yes yes lets go love pills percocets yes lets fuck lets go lets go yeah ayy ayy ayy ayy ayy ayy ayy ayy let nut butt lets fuck ayy ayy ayy ayy ayy ayy ayy ayy lets fuck,"{'neg': 0.208, 'neu': 0.561, 'pos': 0.231, 'compound': 0.2373}"
Zach Bryan,10271485,28,https://genius.com/Zach-bryan-28-lyrics,"19 ContributorsTranslationsEspañol28 Lyrics
You took a train to the south side of Boston
You showed me where your old man stayed
Took twenty-eight years of blood I was lost in
To feel loved on my own birthday
And I always felt like I's in between somethin'
Like home and somewhere far away
But tonight on the west side in a bar out in Brooklyn
I saw tears outline your face

How lucky are we?
It's been a hell of a week, but you're all grown now
There's smoke seepin' out of your bloody teeth
But you're home somehow

And I'll be upstairs with the guitar I's given
When I was barely fourteen
When did McGlinchеy's get so crowded
And why are thе crowds so damn green?
I lost my mind on the streets of the city
And maybe I lost all hope too
Took twenty-eight years of blood pumpin' through me
To get to this evening with you
See Zach Bryan LiveGet tickets as low as $111You might also like
How lucky are we?
It's been a hell of a week, but we're all grown now
There's smoke seepin' out of the bar down the street
But we're home somehow

How lucky are we?
It's been a hell of a week and we're all grown now
There's smoke seepin' out of the bar down the street
But we're home somehow

You took a train to the south side of Boston
You showed me where your whole heart stayed
Took twenty-eight years of blood pumpin' through me
To feel loved on my own birthdayEmbed",took train south side boston showed old man stayed took twentyeight years blood lost feel loved birthday always felt like somethin like home somewhere far away tonight west side bar brooklyn saw tears outline face lucky hell week youre grown theres smoke seepin bloody teeth youre home somehow ill upstairs guitar given barely fourteen mcglinchеys get crowded thе crowds damn green lost mind streets city maybe lost hope took twentyeight years blood pumpin get evening see zach bryan liveget tickets low might also like lucky hell week grown theres smoke seepin bar street home somehow lucky hell week grown theres smoke seepin bar street home somehow took train south side boston showed whole heart stayed took twentyeight years blood pumpin feel loved birthday,"{'neg': 0.203, 'neu': 0.633, 'pos': 0.163, 'compound': -0.7579}"
Peso Pluma & Neton Vega,10444977,LA PATRULLA,https://genius.com/Peso-pluma-and-neton-vega-la-patrulla-lyrics,"12 ContributorsTranslationsEnglishLA PATRULLA Lyrics

Miren, ¿quién lo pensaría?
El muchacho se fue pa' arriba
Le sobra la calidad
De varias la ha librado andando en la patrulla
Las ganas de superarme por las noches me perturban
Sigo siendo el mismo, solo que cambie los planes y los medios zumban
Y de repente nos vamos de rumba
Porque hoy se puede hacer lo que me gusta
Los doble cara me caen en la punta
Y lo peor del caso que de esos abundan

Me muero si tú no estás
Véngase pa' acá, mi nena, mamá
Véngase, márqueme a mi celular
Te quiero acariciar y tu pelo rozar

Así nomás, compa Neton, pa' que sepan, viejo
Y así suena la Doble P, viejillo
Jálese la greña

Todo le he aprendido al viejo, bien firmes con su bandera
Prohibido decir su nombre, da la vuelta al mundo y en su jet despega
Siente el peligro y la Glock desenfunda
No digo el nombre por si se preguntan
Uno de uva aquí me vo'a prender
De varias la ha librado andando en la patrulla
You might also like
Me muero si tú no estás
Véngase pa' acá, mi nena, mamá
Llámame, márcame a mi celular
Te quiero acariciar y tu pelo rozar1Embed",miren quién lo pensaría el muchacho se fue pa arriba le sobra la calidad de varias la ha librado andando en la patrulla las ganas de superarme por las noches perturban sigo siendo el mismo solo que cambie los planes los medios zumban de repente nos vamos de rumba porque hoy se puede hacer lo que gusta los doble cara caen en la punta lo peor del caso que de esos abundan muero si tú estás véngase pa acá mi nena mamá véngase márqueme mi celular te quiero acariciar tu pelo rozar así nomás compa neton pa que sepan viejo así suena la doble p viejillo jálese la greña todo le aprendido al viejo bien firmes con su bandera prohibido decir su nombre da la vuelta al mundo en su jet despega siente el peligro la glock desenfunda digo el nombre por si se preguntan uno de uva aquí voa prender de varias la ha librado andando en la patrulla might also like muero si tú estás véngase pa acá mi nena mamá llámame márcame mi celular te quiero acariciar tu pelo rozar,"{'neg': 0.0, 'neu': 0.961, 'pos': 0.039, 'compound': 0.743}"
Sabrina Carpenter,10628603,Juno,https://genius.com/Sabrina-carpenter-juno-lyrics,"72 ContributorsTranslationsEspañolPortuguêsСрпскиTiếng ViệtDeutschPolskiFrançaisМакедонскиHebrewTürkçe中文БеларускаяУкраїнськаΕλληνικάРусскийItalianoไทย / Phasa ThaiJuno Lyrics
(Ooh, ah-ah, ooh)

Don't have to tell your hot ass a thing
Oh yeah, you just get it
Whole package, babe, I like the way you fit
God bless your dad's genetics, mm, uh

You make me wanna make you fall in love
Oh, late at night, I'm thinking 'bout you, ah-ah
Wanna try out my fuzzy pink handcuffs?
Oh, I hear you knockin', baby, come on up

I know you want my touch for life
If you love me right, then who knows?
I might let you make me Juno
You know I just might
Let you lock me down tonight
One of me is cute, but two though?
Give it to me, baby
You make me wanna make you fall in love (Oh)

I showed my friends, then we high-fived (Ah-ah)
Sorry if you feel objеctified (Ah-ah)
Can't help myself, hormonеs are high
Give me more than just some butterflies
See Sabrina Carpenter LiveGet tickets as low as $90You might also like
You make me wanna make you fall in love
Oh, late at night, I'm thinking 'bout you, ah-ah
Wanna try out some freaky positions?
Have you ever tried this one?

I know you want my touch for life
If you love me right, then who knows?
I might let you make me Juno
You know I just might
Let you lock me down tonight
One of me is cute, but two though?
Give it to me, baby
You make me wanna make you fall in love

Adore me
Hold me and explore me
Mark your territory (Ah-ah)
Tell me I'm the only, only, only, only one (Ah-ah)
Adore me
Hold me and explore me (Ah-ah)
I'm so fuckin' horny
Tell me I'm the only, only, only, only one
Ah
Ooh-ooh

(Oh, I) I know you want my touch for life
If you love me right, then who knows?
I might let you make me Juno
You know I just might (Might)
Let you lock me down tonight
One of me is cute, but two though?
Give it to me, baby
You make me wanna make you fall in love5Embed",ooh ahah ooh dont tell hot ass thing oh yeah get whole package babe like way fit god bless dads genetics mm uh make wanna make fall love oh late night im thinking bout ahah wanna try fuzzy pink handcuffs oh hear knockin baby come know want touch life love right knows might let make juno know might let lock tonight one cute two though give baby make wanna make fall love oh showed friends highfived ahah sorry feel objеctified ahah cant help hormonеs high give butterflies see sabrina carpenter liveget tickets low might also like make wanna make fall love oh late night im thinking bout ahah wanna try freaky positions ever tried one know want touch life love right knows might let make juno know might let lock tonight one cute two though give baby make wanna make fall love adore hold explore mark territory ahah tell im one ahah adore hold explore ahah im fuckin horny tell im one ah oohooh oh know want touch life love right knows might let make juno know might might let lock tonight one cute two though give baby make wanna make fall love,"{'neg': 0.033, 'neu': 0.667, 'pos': 0.3, 'compound': 0.9965}"
Charli xcx,9503796,Apple,https://genius.com/Charli-xcx-apple-lyrics,"99 ContributorsTranslationsPolskiTürkçeEspañolHebrewРусскийItalianoFrançaisPortuguêsΕλληνικάDeutschApple Lyrics
I guess the apple don't fall far from the tree
'Cause I've been looking at you so long
Now I only see me
I wanna throw the apple into the sky
Feels like you never understand me
So I just wanna drive
To the airport, the airport
The airport, the airport

I guess the apple could turn yellow or green
I know there's lots of different nuances
To you and to me
I wanna grow the apple, keep all the seeds
But I can't help but get so angry
You don't listen, I leave
To the airport, the airport
The airport, the airport
The airport, the airport
The airport, the airport

(Yeah, yeah)
I'm gonna drive, gonna drive all night
I'm gonna drive, gonna drive all night
See Charli xcx LiveGet tickets as low as $134You might also like
I think the apple's rotten right to the core
From all the things passed down
From all the apples coming before
I split the apple down symmetrical lines
And what I find is kinda scary
Makes me just wanna drive
(Drive, drive, drive, dr-dr-dr-drive, drive, drive)
(I'm gonna drive, gonna drive all night)
(I'm gonna drive, gonna drive all night)
(Drive, drive, drive, dr-dr-dr-drive, drive)

I wanna know where you go
When you're feeling alone
When you're feeling alone, do you?
I wanna know where you go
When you're feeling alone
When you're feeling alone, do you?
(Do you, do you, do you, do you)
(Do you, do you, do you, do you)
(Do you, do you, do you, do you)
(Do you, do you, do you, do you)
(Do you, do you, do you, do you)
(Do you, do you, do you, do you)
(Do you, do you, do you, do you)
(Do you, do you, do you, do you)
(Do you, do you)7Embed",guess apple dont fall far tree cause ive looking long see wanna throw apple sky feels like never understand wanna drive airport airport airport airport guess apple could turn yellow green know theres lots different nuances wanna grow apple keep seeds cant help get angry dont listen leave airport airport airport airport airport airport airport airport yeah yeah im gonna drive gonna drive night im gonna drive gonna drive night see charli xcx liveget tickets low might also like think apples rotten right core things passed apples coming split apple symmetrical lines find kinda scary makes wanna drive drive drive drive drdrdrdrive drive drive im gonna drive gonna drive night im gonna drive gonna drive night drive drive drive drdrdrdrive drive wanna know go youre feeling alone youre feeling alone wanna know go youre feeling alone youre feeling alone,"{'neg': 0.117, 'neu': 0.762, 'pos': 0.121, 'compound': -0.3215}"
Rod Wave,10240937,Apply Pressure,https://genius.com/Rod-wave-apply-pressure-lyrics,"10 ContributorsApply Pressure Lyrics
(Pipe that shit up, TnT)
Gotta keep my foot on these niggas' neck
Keep my foot on these niggas' neck
(Ayy, young Flex, you wildin')
I'll never drink again
Fill us up, I'll never drink that Hen' again
Oh, yeah
Watch this
Gotta keep, oh, keep my foot on these niggas' neck
Watch this, yeah

Can't lose with the jewels, quick to close a deal for twenty mil'
So fuck how a fuck nigga feel, for real
I know these niggas don't like me, don't want a nigga to like me
You got beef, don't hide it, nigga, do somethin' 'bout it
Let the haters do what haters do (Yeah)
I bend the corner in Mercedes coupe (Skrrt), then I toupee the roof (What up?)
Came gray, I wrapped it Navy blue
Then bought the same one in baby blue for my baby boo
You had your shot, now pass the rock
Six seconds left on the clock, coach, go with your bread and butter
Fast offense, don't never huddle
We like the dream team, you wanna win a ring, then come fuck with youngin (We goin' five for five)
Niggas actin' like they glad I'm here
But deep down, they mad I'm here (I'm sayin')
I don't owe a nigga nothin', fuck ya, get it back in blood (What up?)
It is what it is, it was what it was, uh (Fuck)
And the grindin' don't stop and the shinin' just begin (Begin, oh)
We finally get to win (Win, oh)
Why you mad at me? You should be glad for me (Okay)
You had the ball, nigga, now pass the ball, oh
I'ma keep my foot on these niggas' neck (Yeah)
Gotta keep my foot on these niggas' neck (Uh)
Gotta keep my foot on these niggas' neck (Watch this)
Gotta keep my foot on these niggas' neck (Ayy)
Foot on these niggas' neck (I'm sayin', though)
Gotta keep my foot on these niggas' neck (You know that)
Gotta keep my foot on these niggas' neck (Ayy, don't act like you don't know what the fuck is up)
I'ma keep my foot on these niggas' neck, uh (Fuck is wrong with you, man? They gon' love a star)
See Rod Wave LiveGet tickets as low as $80You might also like
Keep my foot on this shit now
I know, I know
Haha, ayy, I'm sayin', though, okay
I'm sayin', though, what up?
Okay, uhEmbed",pipe shit tnt gotta keep foot niggas neck keep foot niggas neck ayy young flex wildin ill never drink fill us ill never drink hen oh yeah watch gotta keep oh keep foot niggas neck watch yeah cant lose jewels quick close deal twenty mil fuck fuck nigga feel real know niggas dont like dont want nigga like got beef dont hide nigga somethin bout let haters haters yeah bend corner mercedes coupe skrrt toupee roof came gray wrapped navy blue bought one baby blue baby boo shot pass rock six seconds left clock coach go bread butter fast offense dont never huddle like dream team wanna win ring come fuck youngin goin five five niggas actin like glad im deep mad im im sayin dont owe nigga nothin fuck ya get back blood uh fuck grindin dont stop shinin begin begin oh finally get win win oh mad glad okay ball nigga pass ball oh ima keep foot niggas neck yeah gotta keep foot niggas neck uh gotta keep foot niggas neck watch gotta keep foot niggas neck ayy foot niggas neck im sayin though gotta keep foot niggas neck know gotta keep foot niggas neck ayy dont act like dont know fuck ima keep foot niggas neck uh fuck wrong man gon love star see rod wave liveget tickets low might also like keep foot shit know know haha ayy im sayin though okay im sayin though okay uh,"{'neg': 0.314, 'neu': 0.549, 'pos': 0.137, 'compound': -0.995}"
KSI,10826052,Thick Of It,https://genius.com/Ksi-thick-of-it-lyrics,"248 ContributorsTranslationsРусскийDeutschPortuguêsEspañolTürkçeThick Of It Lyrics
I'm in the thick of it, everybody knows
They know me where it snows, I skied in and they froze
I don't know no nothin' 'bout no ice, I'm just cold
Forty somethin' milli' subs or so, I've been told

I'm in my prime, and this ain't even final form
They knocked me down, but still, my feet, they find the floor
I went from living rooms straight out to sold-out tours
Life's a fight, but trust, I'm ready for the war

Woah-oh-oh
This is how the story goes
Woah-oh-oh
I guess this is how the story goes

I'm in the thick of it, everybody knows
They know me where it snows, I skied in and they froze
I don't know no nothin' 'bout no ice, I'm just cold
Forty somethin' milli' subs or so, I'vе been told

From the screen to the ring, to the pеn, to the king
Where's my crown? That's my bling, always drama when I ring
See, I believe that if I see it in my heart
Smash through the ceiling 'cause I'm reaching for the stars
You might also like
Woah-oh-oh
This is how the story goes
Woah-oh-oh
I guess this is how the story goes

I'm in the thick of it, everybody knows
They know me where it snows, I skied in and they froze (Woo)
I don't know no nothin' 'bout no ice, I'm just cold
Forty somethin' milli' subs or so, I've been told

Highway to heaven, I'm just cruisin' by my lone'
They cast me out, left me for dead, them people cold
My faith in God, mind in the sun, I'm 'bout to sow (Yeah)
My life is hard, I took the wheel, I cracked the code (Yeah-yeah, woah-oh-oh)
Ain't nobody gon' save you, man, this life will break you (Yeah, woah-oh-oh)
In the thick of it, this is how the story goes

I'm in the thick of it, everybody knows
They know me where it snows, I skied in and they froze (Woo)
I don't know no nothin' 'bout no ice, I'm just cold
Forty somethin' milli' subs or so, I've been told
I'm in the thick of it, everybody knows (Everybody knows)
They know me where it snows, I skied in and they froze (Yeah)
I don't know no nothin' 'bout no ice, I'm just cold
Forty somethin' milli' subs or so, I've been told (Ooh-ooh)
Woah-oh-oh (Nah-nah-nah-nah, ayy, ayy)
This is how the story goes (Nah, nah)
Woah-oh-oh
I guess this is how the story goes12Embed",im thick everybody knows know snows skied froze dont know nothin bout ice im cold forty somethin milli subs ive told im prime aint even final form knocked still feet find floor went living rooms straight soldout tours lifes fight trust im ready war woahohoh story goes woahohoh guess story goes im thick everybody knows know snows skied froze dont know nothin bout ice im cold forty somethin milli subs ivе told screen ring pеn king wheres crown thats bling always drama ring see believe see heart smash ceiling cause im reaching stars might also like woahohoh story goes woahohoh guess story goes im thick everybody knows know snows skied froze woo dont know nothin bout ice im cold forty somethin milli subs ive told highway heaven im cruisin lone cast left dead people cold faith god mind sun im bout sow yeah life hard took wheel cracked code yeahyeah woahohoh aint nobody gon save man life break yeah woahohoh thick story goes im thick everybody knows know snows skied froze woo dont know nothin bout ice im cold forty somethin milli subs ive told im thick everybody knows everybody knows know snows skied froze yeah dont know nothin bout ice im cold forty somethin milli subs ive told oohooh woahohoh nahnahnahnah ayy ayy story goes nah nah woahohoh guess story goes,"{'neg': 0.078, 'neu': 0.792, 'pos': 0.13, 'compound': 0.9056}"
Cody Johnson & Carrie Underwood,10895191,I’m Gonna Love You,https://genius.com/Cody-johnson-and-carrie-underwood-im-gonna-love-you-lyrics,"6 ContributorsI’m Gonna Love You Lyrics
Stars are gonna light up the midnight sky
The sun's gonna burn on the fourth of July
Tides are gonna turn with the pull of the moon
And I'm gonna love you

Birds are flyin' south when the winter comes
Snow's gonna fall, and rivers gonna run
April's gonna rain, and flowers gonna bloom
And I'm gonna love you

So good that it almost hurts
Steady and true as a Bible verse
My heart skips just thinkin' of you
Go on and bet it all, baby, we can't lose

Earth's gonna shake every now and then
Some runaway roads are gonna dead end
And on those days when the world feels cruel
I'm gonna love you, yeah

Ooh-mmh
You might also like
So good that it almost hurts
Steady and true as a Biblе verse
My heart skips just thinkin' of you
Go on and bеt it all, baby, we can't lose

Time's gonna put a few lines on our face
We can cover it up, but hair's gonna gray
Life's gonna fly and be gone too soon
And I'm gonna love you
Baby, I'm gonna love youEmbed",stars gonna light midnight sky suns gonna burn fourth july tides gonna turn pull moon im gonna love birds flyin south winter comes snows gonna fall rivers gonna run aprils gonna rain flowers gonna bloom im gonna love good almost hurts steady true bible verse heart skips thinkin go bet baby cant lose earths gonna shake every runaway roads gonna dead end days world feels cruel im gonna love yeah oohmmh might also like good almost hurts steady true biblе verse heart skips thinkin go bеt baby cant lose times gonna put lines face cover hairs gonna gray lifes gonna fly gone soon im gonna love baby im gonna love,"{'neg': 0.104, 'neu': 0.62, 'pos': 0.277, 'compound': 0.9768}"
Megan Thee Stallion,10559500,Mamushi,https://genius.com/Megan-thee-stallion-mamushi-lyrics,"72 ContributorsTranslationsRomanizationEnglishEspañolРусскийItalianoFrançaisPolskiDeutschMamushi Lyrics

(Koshy アッツー)
私は スター
スター ミーガン
Ah
雄喜 千葉

I get money, I'm a star, star, star
Star, star, star, star
I get money, I'm a star, star, star
Star, star, star, star
お金 稼ぐ 俺らは スター
お金 稼ぐ 私は スター
スター、スター、スター、スター、キラキラ
私は スター (Real hot girl shit)

He know who I am, ain't had to say my name
Stack it up like Tetris, but this money ain't a game
私、可愛い いい体
Drinkin' out the bottle, gettin' twisted, Maruchan
Big exotic, Hermès, this a croc', hmm
Watch too expensive, ain't no way I'm gettin' clocked, hmm
I think I'm so sexy, every shirt I own is cropped, hmm
So many carats, diamonds do the bunny hop (Ah)
In the US or Japan, if he meet me, he gon' bow
I got yen for your friends, if they pretty, bring 'em out
Goin' dumb in Madam Woo, pourin' sake in they mouth
Told him put me on his plate, bring them chopsticks to the south
You might also like
I gеt money, I'm a star, star, star
Star, star, star, star
I get money, I'm a star, star, star
Star, star, star, star
お金 稼ぐ 俺らは スター
お金 稼ぐ 私は スター
スター、スター、スター、スター、キラキラ
私は スター

流れる  星たち どこに向かう？
また 願い叶えながら暮らす
ジュエリー身につけたまま歌う
スター達が集まったスタジオ
夜な夜な酒たくさん並ぶアジト
さっきまで六本木で収録ラジオ
そっからテレビ撮影するはしご
カメラたち追いかけてる俺たちを
大好きピカピカのダイヤ
暗いとこ輝いてる毎晩
Nicе to meet you する挨拶
I'm so happy ありがたいな

I get money, I'm a star, star, star
Star, star, star, star
I get money, I'm a star, star, star
Star, star, star, star
お金 稼ぐ 俺らは スター
お金 稼ぐ 私は スター
スター、スター、スター、スター、キラキラ
私は スター7Embed",koshy アッツー 私は スター スター ミーガン ah 雄喜 千葉 get money im star star star star star star star get money im star star star star star star star お金 稼ぐ 俺らは スター お金 稼ぐ 私は スター スター スター スター スター キラキラ 私は スター real hot girl shit know aint say name stack like tetris money aint game 私 可愛い いい体 drinkin bottle gettin twisted maruchan big exotic hermès croc hmm watch expensive aint way im gettin clocked hmm think im sexy every shirt cropped hmm many carats diamonds bunny hop ah us japan meet gon bow got yen friends pretty bring em goin dumb madam woo pourin sake mouth told put plate bring chopsticks south might also like gеt money im star star star star star star star get money im star star star star star star star お金 稼ぐ 俺らは スター お金 稼ぐ 私は スター スター スター スター スター キラキラ 私は スター 流れる 星たち どこに向かう また 願い叶えながら暮らす ジュエリー身につけたまま歌う スター達が集まったスタジオ 夜な夜な酒たくさん並ぶアジト さっきまで六本木で収録ラジオ そっからテレビ撮影するはしご カメラたち追いかけてる俺たちを 大好きピカピカのダイヤ 暗いとこ輝いてる毎晩 nicе meet する挨拶 im happy ありがたいな get money im star star star star star star star get money im star star star star star star star お金 稼ぐ 俺らは スター お金 稼ぐ 私は スター スター スター スター スター キラキラ 私は スター,"{'neg': 0.03, 'neu': 0.875, 'pos': 0.095, 'compound': 0.9274}"
Thomas Rhett,10365067,Beautiful As You,https://genius.com/Thomas-rhett-beautiful-as-you-lyrics,"9 ContributorsBeautiful As You Lyrics
Baby girl, you out your mind, you're way too good for me
Thinkin' 'bout the day we met, you coulda just ignored me
Here I am, layin' next to you, lookin' extra cute in the mornin'
Lookin' back, all through the past, everything before you was borin'

You're the type people wishin' they'd sit next to on a flight
Top of list, who I wanna wash up on a island with
You're the dream, even if we countin' girls in magazines
It's still a mystery

What's someone as beautiful as you
Doin' ridin' 'round with someone like me?
I swear, girl, you could have anyonе you choose
I should stop askin' questions 'fore you gеt up and leave
What's someone as beautiful as you
Doin' wakin' up with someone like me?
Ain't gonna lie, you could have anyone you choose
I should stop askin' questions 'fore you get up and leave

How someone as beautiful as you could just fall out of the blue?
When you're walkin' 'round in my sweater, girl, there's no better view
Spend the rest of forever just treasurin' you
Ooh, I'll follow you wherever and you know that's the truth, yeah
See Thomas Rhett LiveGet tickets as low as $32You might also like
You're the type people wishin' they'd sit next to on a flight
Top of list, who I wanna spend like every second with
You're the dream, even if we countin' girls up on the screen
Still a mystery

What's someone as beautiful as you
Doin' ridin' 'round with someone like me?
I swear, girl, you could have anyone you choose
I should stop askin' questions 'fore you get up and leave
What's someone as beautiful as you
Doin' wakin' up with someone like me?
Ain't gonna lie, you could have anyone you choose
I should stop askin' questions 'fore you get up and leave

I just had to let you know, know, yeah, yeah (Know, know, yeah, yeah)
I could never let you go, go, yeah, yeah (Go, go, yeah, yeah)
Oh, I just had to let you know, know, yeah, yeah (Know, know, yeah, yeah)
I could never let you go, go, yeah, yeah (Go, go, yeah, yeah)

What's someone as beautiful as you
Doin' wakin' up with someone like me?
I swear, girl, you could have anyone you choose
I should stop askin' questions 'fore you get up and leaveEmbed",baby girl mind youre way good thinkin bout day met coulda ignored layin next lookin extra cute mornin lookin back past everything borin youre type people wishin theyd sit next flight top list wanna wash island youre dream even countin girls magazines still mystery whats someone beautiful doin ridin round someone like swear girl could anyonе choose stop askin questions fore gеt leave whats someone beautiful doin wakin someone like aint gonna lie could anyone choose stop askin questions fore get leave someone beautiful could fall blue youre walkin round sweater girl theres better view spend rest forever treasurin ooh ill follow wherever know thats truth yeah see thomas rhett liveget tickets low might also like youre type people wishin theyd sit next flight top list wanna spend like every second youre dream even countin girls screen still mystery whats someone beautiful doin ridin round someone like swear girl could anyone choose stop askin questions fore get leave whats someone beautiful doin wakin someone like aint gonna lie could anyone choose stop askin questions fore get leave let know know yeah yeah know know yeah yeah could never let go go yeah yeah go go yeah yeah oh let know know yeah yeah know know yeah yeah could never let go go yeah yeah go go yeah yeah whats someone beautiful doin wakin someone like swear girl could anyone choose stop askin questions fore get leave,"{'neg': 0.091, 'neu': 0.593, 'pos': 0.316, 'compound': 0.9967}"
Tito Double P & Peso Pluma,10773004,DOS DÍAS,https://genius.com/Tito-double-p-and-peso-pluma-dos-dias-lyrics,"4 ContributorsTranslationsEnglishDOS DÍAS Lyrics

Un, dos, tres
Un, dos, tres

Unos tragos pa' la panza
Ese periquito, la neta, nomás no se baja
Ando atravesado porque no me dices qué pasa
Dos días enojada, dos días que no me habla'
Otra de tus payasadas
Yo aquí con los panas y tú siempre de exagerada
Cuando dices ""te quiero"", mija, nomás no te creo nada
Todo lo que planeaba se nos fue a la chingada

Mira en qué me convertí
Me encantan las pacas, me mama el dinero
Baby, yo te lo advertí
Que estando solito yo era un cagadero
No fui yo, sino por ti
Quе me hice adicto a andar en еsta loquera
Guacha lo que conseguí
Un chingo de culos y ni uno me llena
You might also like
Ay, mamá
Tito Double P, ah
Así suena la puta Doble P, compa Tito
Ay-ay-ay
Chau

El polvo ya ni me pasa
Me contestas a medias, mi niña, ya dime qué tranza
Me acordé de las noches que chingamos allá en tu sala
Pues pasé por tu casa y saludé a tu mamá

Mira en qué me convertí
Me encantan las pacas, me mama el dinero
Baby, yo te lo advertí
Que estando solito yo era un cagadero
No fui yo, sino por ti
Que me hice adicto a andar en esta loquera
Guacha lo que conseguí
Un chingo de culos y ni uno me llenaEmbed",un dos tres un dos tres unos tragos pa la panza ese periquito la neta nomás se baja ando atravesado porque dices qué pasa dos días enojada dos días que habla otra de tus payasadas yo aquí con los panas tú siempre de exagerada cuando dices te quiero mija nomás te creo nada todo lo que planeaba se nos fue la chingada mira en qué convertí encantan las pacas mama el dinero baby yo te lo advertí que estando solito yo era un cagadero fui yo sino por ti quе hice adicto andar en еsta loquera guacha lo que conseguí un chingo de culos ni uno llena might also like ay mamá tito double p ah así suena la puta doble p compa tito ayayay chau el polvo ya ni pasa contestas medias mi niña ya dime qué tranza acordé de las noches que chingamos allá en tu sala pues pasé por tu casa saludé tu mamá mira en qué convertí encantan las pacas mama el dinero baby yo te lo advertí que estando solito yo era un cagadero fui yo sino por ti que hice adicto andar en esta loquera guacha lo que conseguí un chingo de culos ni uno llena,"{'neg': 0.0, 'neu': 0.988, 'pos': 0.012, 'compound': 0.3612}"
mgk & Jelly Roll,10386004,Lonely Road,https://genius.com/Mgk-and-jelly-roll-lonely-road-lyrics,"16 ContributorsLonely Road Lyrics
Lonely road
Take me home
Take me home
Lonely road

I'ma go downtown
Ain't been in a long time
I'm takin' back Sundays
Since you took away my life (Since you took away my life)
There's some things that I know now (Mm)
Couple songs that I'd rewrite (Yeah)
Start over like Mondays
Pourin' strong on a weeknight (Mm)

See, I hear the devil wears Prada, but I couldn't read the tags
And your horns started showin' when I seen you mad
But I'll wait for you 'cause this is not the face I knew
I probably could've saved us, but instead, I let us crash
'Cause I don't trust no one to love me back, but shе say, ""I do""
And this is not the place for you

Lonely road, takе me home
To the place that we went wrong
Where'd you go now?
It's been a ghost town
And I'm still here all alone
You might also like
When the days feel long and the nights get cold
And I'm thousands of miles away (Ah-ah-ah)
I use alcohol just to fill that hole
Will our home ever be the same?

I hear the devil wears Prada, but I couldn't read the tags
And your horn started showin' when I see you mad
But I'll wait for you 'cause this is not the face I knew
And I probably could've saved us, but instead, I let us crash
'Cause I don't trust no one to love me back, but you say, ""I do""
And this is not the place for you

Lonely road, take me home
To the place that we went wrong
Where'd you go now?
It's been a ghost town
And I'm still here all alone

And if you could salvage my soul
Would you sacrifice this life to not die alone?
'Cause even a palace ain't home without you
So I might leave here soon, but I wanna leave you this song
(Hey)
Lonely road (Lonely road)
Take me home (Won't you take me home?)
To the place (To the place) that we went wrong
Where'd you go now? (Where'd you go now?)
It's been a ghost town
And I'm still here (I'm still here) all alone

(This lonely road) Yeah, I'm on this road now
(This lonely road) Feeling so alone
Take me home
(This lonely road) Mm, I'm on this road now
(This lonely road) Feeling so alone
Take me home, mm4Embed",lonely road take home take home lonely road ima go downtown aint long time im takin back sundays since took away life since took away life theres things know mm couple songs id rewrite yeah start like mondays pourin strong weeknight mm see hear devil wears prada couldnt read tags horns started showin seen mad ill wait cause face knew probably couldve saved us instead let us crash cause dont trust one love back shе say place lonely road takе home place went wrong whered go ghost town im still alone might also like days feel long nights get cold im thousands miles away ahahah use alcohol fill hole home ever hear devil wears prada couldnt read tags horn started showin see mad ill wait cause face knew probably couldve saved us instead let us crash cause dont trust one love back say place lonely road take home place went wrong whered go ghost town im still alone could salvage soul would sacrifice life die alone cause even palace aint home without might leave soon wanna leave song hey lonely road lonely road take home wont take home place place went wrong whered go whered go ghost town im still im still alone lonely road yeah im road lonely road feeling alone take home lonely road mm im road lonely road feeling alone take home mm,"{'neg': 0.319, 'neu': 0.602, 'pos': 0.079, 'compound': -0.9967}"
Sabrina Carpenter,10628613,Good Graces,https://genius.com/Sabrina-carpenter-good-graces-lyrics,"53 ContributorsTranslationsTiếng ViệtPolskiEspañolСрпскиPortuguêsItalianoМакедонскиDeutschไทย / Phasa ThaiFrançais中文CatalàTürkçeБеларускаяУкраїнськаРусскийΕλληνικάGood Graces Lyrics
(I won't give a fuck about you)
Oh, mm
(I won't give a fuck about you)
Mm

When I love you, I'm sweet like an angel
Drawin' hearts 'round our names
And dreamin' of writing vows, rockin' cradles
Don't mistake my nice for naive

I don't waste a second, I know lots of guys
You do somethin' suspect, this cute ass bye-bye
Like, ooh
Baby, you say you really like it being mine?
So let me give you some advice

Boy, it's not that complicated
You should stay in my good graces
Or I'll switch it up like that so fast
'Cause no one's more amazin'
At turnin' lovin' into hatred
Boy, it's not that complicated
You should stay in my good graces
Or I'll switch it up like that (Like that) so fast (So fast)
'Cause no one's more amazin'
At turnin' lovin' into hatred
See Sabrina Carpenter LiveGet tickets as low as $90You might also like
I won't give a fuck about you
I won't give a fuck about you
I won't give a fuck about you
That was cool
I won't give a fuck about you (Oh)
I won't give a fuck about you
I won't give a fuck about you
Yeah

I'll tell the world you finish your chores prematurely
Break my heart and I swear I'm movin' on
With your favorite athlete
Shoot his shot every night

Want you every second, don't need other guys
You do somethin' sus, kiss my cute ass bye

Boy, it's not that complicated
You should stay in my good graces (Ah)
Or I'll switch it up like that so fast
'Cause no one's more amazin' (Amazin')
At turnin' lovin' into hatred
Boy, it's not that complicated (No)
You should stay in my good graces (Ah)
Or I'll switch it up like that (Like that) so fast (So fast)
'Cause no one's more amazin'
At turnin' lovin' into hatred
I won't give a fuck about you
I won't give a fuck about you
I won't give a fuck about you
Oh, no
I won't give a fuck about you (Oh)
I won't give a fuck about you
I won't give a fuck about you
Oh

No, I won't
I won't give a fuck about you, no, I won't
(I won't, I won't, I won't)
No, I won't
I won't give a fuck about you, no, I won't
(I won't, I won't, I won't)7Embed",wont give fuck oh mm wont give fuck mm love im sweet like angel drawin hearts round names dreamin writing vows rockin cradles dont mistake nice naive dont waste second know lots guys somethin suspect cute ass byebye like ooh baby say really like mine let give advice boy complicated stay good graces ill switch like fast cause ones amazin turnin lovin hatred boy complicated stay good graces ill switch like like fast fast cause ones amazin turnin lovin hatred see sabrina carpenter liveget tickets low might also like wont give fuck wont give fuck wont give fuck cool wont give fuck oh wont give fuck wont give fuck yeah ill tell world finish chores prematurely break heart swear im movin favorite athlete shoot shot every night want every second dont need guys somethin sus kiss cute ass bye boy complicated stay good graces ah ill switch like fast cause ones amazin amazin turnin lovin hatred boy complicated stay good graces ah ill switch like like fast fast cause ones amazin turnin lovin hatred wont give fuck wont give fuck wont give fuck oh wont give fuck oh wont give fuck wont give fuck oh wont wont give fuck wont wont wont wont wont wont give fuck wont wont wont wont,"{'neg': 0.162, 'neu': 0.466, 'pos': 0.372, 'compound': 0.9956}"
BossMan Dlow,9837610,Shake Dat Ass (Twerk Song),https://genius.com/Bossman-dlow-shake-dat-ass-twerk-song-lyrics,"8 ContributorsShake Dat Ass (Twerk Song) Lyrics
Uh
Yeah
Big Za

I'm a gettin'-money-ass nigga
And I ain't chasin' shit unless it's money and liquor
Naw, I ain't no referee, but she know I'm official
She got both asscheeks bouncin', that's double dribble
That ass perfect, baby
I love the way you bend it over and twerk it, baby
You know you doin' that shit on purpose, baby
That pussy wetter than some water,  let me surf it, baby

He don't like me, but his bitch love me
Got kicked out the house at fourteen, I was still thuggin'
She ate that dick so much, her knee ugly
He know I fucked the bitch, he seen me and be mean muggin'
Uh, that shit don't mean nothin'
You play with me and you know how my team comin'
Ayy, that ass sit up better than two bunkbeds
Oh, she thick, thick, she eat her cornbread
Yeah, yeah, that shit there homemade
She get on her knees and make that ass go both ways
She mix Patrón with the OJ
She mix Amiri with the Dolce
If he can't buy you Dior, then he pi-or
Or maybe you just a basic bitch
Keep a—, nigga play, spray the bitch
I'm so clean, look at me, take a pic
I got bands in my pants, I'm so lit
I'm pullin' up foreign truck, five percent
That ass natural, I gotta have it, look how it sit
Get on your ass, she gon' crash 'bout that dick
She talkin' to me like she like me or somethin'
Bae, bend that ass over like you hikin' or somethin'
She wanna fuck me and her friend like she dykin' or somethin'
Oh, just do it to me, baby, like this Nike or somethin'
She talkin' to me like she like me or somethin'
Bae, bend that ass over like you hikin' or somethin'
She wanna fuck me and her friend like she dykin' or somethin'
Oh, just do it to me, baby, like this Nike or somethin'
You might also like
I'm a gettin'-money-ass nigga
And I ain't chasin' shit unless it's money and liquor
Naw, I ain't no referee, but she know I'm official
She got both asscheeks bouncin', that's double dribble
That ass perfect, baby
I love the way you bend it over and twerk it, baby
You know you doin' that shit on purpose, baby
That pussy wetter than some water, let me surf it, baby

That ass perfect, baby
That shit perfect, baby
Oh, I love the way you twerk it, baby
That shit perfect, baby
Slow motion, baby
Wanna see you bust it open, baby
That ass perfect, baby
That shit perfect, baby

I'm a gettin'-money-ass nigga
And I ain't chasin' shit unless it's money and liquor
Naw, I ain't no referee, but she know I'm official
She got both asscheeks bouncin', that's double dribble
That ass perfect, baby
I love the way you bend it over and twerk it, baby
You know you doin' that shit on purpose, baby
That pussy wetter than some water, let me surf it, babyEmbed",uh yeah big za im gettinmoneyass nigga aint chasin shit unless money liquor naw aint referee know im official got asscheeks bouncin thats double dribble ass perfect baby love way bend twerk baby know doin shit purpose baby pussy wetter water let surf baby dont like bitch love got kicked house fourteen still thuggin ate dick much knee ugly know fucked bitch seen mean muggin uh shit dont mean nothin play know team comin ayy ass sit better two bunkbeds oh thick thick eat cornbread yeah yeah shit homemade get knees make ass go ways mix patrón oj mix amiri dolce cant buy dior pior maybe basic bitch keep nigga play spray bitch im clean look take pic got bands pants im lit im pullin foreign truck five percent ass natural gotta look sit get ass gon crash bout dick talkin like like somethin bae bend ass like hikin somethin wanna fuck friend like dykin somethin oh baby like nike somethin talkin like like somethin bae bend ass like hikin somethin wanna fuck friend like dykin somethin oh baby like nike somethin might also like im gettinmoneyass nigga aint chasin shit unless money liquor naw aint referee know im official got asscheeks bouncin thats double dribble ass perfect baby love way bend twerk baby know doin shit purpose baby pussy wetter water let surf baby ass perfect baby shit perfect baby oh love way twerk baby shit perfect baby slow motion baby wanna see bust open baby ass perfect baby shit perfect baby im gettinmoneyass nigga aint chasin shit unless money liquor naw aint referee know im official got asscheeks bouncin thats double dribble ass perfect baby love way bend twerk baby know doin shit purpose baby pussy wetter water let surf baby,"{'neg': 0.212, 'neu': 0.52, 'pos': 0.268, 'compound': 0.9822}"
Addison Rae,10731051,Diet Pepsi,https://genius.com/Addison-rae-diet-pepsi-lyrics,"53 ContributorsTranslationsEspañolPortuguêsDiet Pepsi Lyrics
My boy's a winner, he loves the game
My lips reflect off his cross gold chain
I like the way he's telling me
My ass looks good in these ripped blue jeans
My cheeks are red like cherries in the spring
Body's a work of art you'd die to see

Untouched, XO
Young lust, let's— (Ah)

When we drive in your car, I'm your baby (So sweet)
Losing all my innocence in the backseat
Say you love, say you love, say you love me (Love me)
Losing all my innocence in the backsеat
When we drive in your car, I'm your baby (So sweet)
Losing all my innocеnce in the backseat
Say you love, say you love, say you love me (Love me)
Losing all my innocence in the backseat

Break all the rules 'til we get caught
Fog up the windows in the parking lot
Summer love (Ah, ah), sexy
Sitting on his lap, sippin' Diet Pepsi
I write my name with lipstick on your chest
I leave a mark so you know I'm the best
You might also like
Untouched (Untouched), XO (XO)
Young lust, let's go (Ah)

When we drive in your car, I'm your baby (So sweet)
Losing all my innocence in the backseat
Say you love, say you love, say you love me (Love me)
Losing all my innocence in the backseat
When we drive in your car, I'm your baby (So sweet)
Losing all my innocence in the backseat
Say you love, say you love, say you love me (Love me)
Losing all my innocence in the backseat

When we—
I'm your baby
I'm your baby
When we—
(XO)

When we drive in your car, I'm your baby (So sweet)
Losing all my innocence in the backseat
Say you love, say you love, say you love me (Love me)
Losing all my innocence in the backseat (Ah)
When we drive in your car, I'm your baby (So sweet)
Losing all my innocence in the backseat
Say you love, say you love, say you love me (Love me)
Losing all my innocence in the backseat
Untouched
Young lust
XO
Let's go3Embed",boys winner loves game lips reflect cross gold chain like way hes telling ass looks good ripped blue jeans cheeks red like cherries spring bodys work art youd die see untouched xo young lust lets ah drive car im baby sweet losing innocence backseat say love say love say love love losing innocence backsеat drive car im baby sweet losing innocеnce backseat say love say love say love love losing innocence backseat break rules til get caught fog windows parking lot summer love ah ah sexy sitting lap sippin diet pepsi write name lipstick chest leave mark know im best might also like untouched untouched xo xo young lust lets go ah drive car im baby sweet losing innocence backseat say love say love say love love losing innocence backseat drive car im baby sweet losing innocence backseat say love say love say love love losing innocence backseat im baby im baby xo drive car im baby sweet losing innocence backseat say love say love say love love losing innocence backseat ah drive car im baby sweet losing innocence backseat say love say love say love love losing innocence backseat untouched young lust xo lets go,"{'neg': 0.114, 'neu': 0.377, 'pos': 0.509, 'compound': 0.9993}"
Post Malone,10061689,Guy For That,https://genius.com/Post-malone-guy-for-that-lyrics,"35 ContributorsTranslationsPolskiPortuguêsDeutschEspañolGuy For That Lyrics
I got a guy designin' my rifle
My mama's new boyfriend re-binds bibles
Ricky down the road, he resoles Red Wings
Hell, I got a guy for every damn thing
Oh, that ain't exactly what I'm lookin' for
'Cause I'm lookin' for

Someone to put her tires back in the drive
And if they don't, then I just might
Lose what's left of my never-lovin' mind
I'm damn near down to my last dime
I'm pretty good at breakin' down a heart
But pickin' up the pieces is the hard part
She's searchin' for someone who's gonna build it back
But I ain't got a guy for that

Ain't got a guy for that, ain't got a guy for that
Ain't got a guy for that

Know a VIP up at MIT
And he still won't lеt me fly the time machinе
Someone to turn back the hands on my new AP
But, buddy, what I really need
See Post Malone LiveGet tickets as low as $78You might also like
Is someone to put her tires back in the drive
And if they don't, then I just might
Lose what's left of my never-lovin' mind
I'm damn near down to my last dime
I'm pretty good at breakin' down a heart
But picking up the pieces is the hard part
She's searchin' for someone who's gonna build it back
But I ain't got a guy for that

Ain't got a guy for that, ain't got a guy for that (Guy for that)
Ain't got a guy, I ain't got a guy for that
Ain't got a guy for that, ain't got a guy for that
Ain't got a guy, I ain't got a guy for that5Embed",got guy designin rifle mamas new boyfriend rebinds bibles ricky road resoles red wings hell got guy every damn thing oh aint exactly im lookin cause im lookin someone put tires back drive dont might lose whats left neverlovin mind im damn near last dime im pretty good breakin heart pickin pieces hard part shes searchin someone whos gonna build back aint got guy aint got guy aint got guy aint got guy know vip mit still wont lеt fly time machinе someone turn back hands new ap buddy really need see post malone liveget tickets low might also like someone put tires back drive dont might lose whats left neverlovin mind im damn near last dime im pretty good breakin heart picking pieces hard part shes searchin someone whos gonna build back aint got guy aint got guy aint got guy guy aint got guy aint got guy aint got guy aint got guy aint got guy aint got guy,"{'neg': 0.095, 'neu': 0.784, 'pos': 0.121, 'compound': 0.711}"
Jelly Roll,10469769,Liar,https://genius.com/Jelly-roll-liar-lyrics,"8 ContributorsTranslationsУкраїнськаLiar Lyrics
I, I let you drive around my mind
I can't count the times you made me feel like I'm nothin'
Played me like a fool, like a fool

Saying, ""Drink another whiskey
Pop another pill
Money makes you happy
Heaven isn't real
You won't find nobody to love
Because your heart's too broke""
Now I know

You ain't nothin' but a liar
Yeah, I walk right out the fire
Yeah, you try to keep me down
Try to put me underground
But I'm only going higher
I can hear you in my head
In my bed when I'm dreaming
You try to be my friend
But you're blowing smoke
Oh, and now, I ain't scared of
Tellin' you where you can go
'Cause I know
You're nothing but a liar
See Jelly Roll LiveGet tickets as low as $38You might also like
You burned me one too many times
Like a devil in disguise, hiding your true colors
Just leave me alone
Keep leading me on

Saying, ""Drink another whiskey
Pop another pill
Money makes you happy
Heaven isn't real
You won't find nobody to love
Because your heart's too broke""
Now I know

You ain't nothin' but a liar
Yeah, I walk right out the fire
Yeah, you try to keep me down
Try to put me underground
But I'm only going higher
I can hear you in my head
In my bed when I'm dreaming
You try to be my friend
But you're blowing smoke
Oh, and now, I ain't scared of
Tellin' you where you can go
'Cause I know
You're nothing but a liar
If I was doin' what you do
Then you would swear I poisoned you

You're nothing but a liar (Liar)
Yeah, I walk right out the fire (Fire)
Yeah, you try to keep me down
Try to put me underground
But I'm only going higher
I can hear you in my head
In my bed when I'm dreaming
You try to be my friend
But you're blowing smoke
Oh, and now, I ain't scared of
Tellin' you where you can go
'Cause I know
You're nothing but a liarEmbed",let drive around mind cant count times made feel like im nothin played like fool like fool saying drink another whiskey pop another pill money makes happy heaven isnt real wont find nobody love hearts broke know aint nothin liar yeah walk right fire yeah try keep try put underground im going higher hear head bed im dreaming try friend youre blowing smoke oh aint scared tellin go cause know youre nothing liar see jelly roll liveget tickets low might also like burned one many times like devil disguise hiding true colors leave alone keep leading saying drink another whiskey pop another pill money makes happy heaven isnt real wont find nobody love hearts broke know aint nothin liar yeah walk right fire yeah try keep try put underground im going higher hear head bed im dreaming try friend youre blowing smoke oh aint scared tellin go cause know youre nothing liar doin would swear poisoned youre nothing liar liar yeah walk right fire fire yeah try keep try put underground im going higher hear head bed im dreaming try friend youre blowing smoke oh aint scared tellin go cause know youre nothing liar,"{'neg': 0.212, 'neu': 0.539, 'pos': 0.249, 'compound': 0.9333}"
Rod Wave,10972425,The Best,https://genius.com/Rod-wave-the-best-lyrics,"10 ContributorsThe Best Lyrics
Hold up, my brother, don't forget
Hold up, my sister, just enough (There's a master plan)
There is a master plan in store for you
If you just make it through (God)
God's gonna realize all your mind (He's gonna make it)
He's gonna make it worth your time (For all the trouble)
For all of the trouble you've been through (What make a nigga the best? Come on)
The best, in trouble just for you (Ayy, you know, word around town, I'm the, guess what?)
The best

I'm the best, B-E-S-T
I be in Kentucky getting money like I'm EST
I can land in Memphis, make a million like I'm PRE
Baby, I'm that nigga where I'm from and where you be
She said, ""Where you at?"" I'm at the top where it's lonely
Watching film, yeah, I'm scoping
In the game, plus I'm coaching
Pass the ball, coach, I'm open
Coach, I'm open, niggas in the way
I'm just tryna get the pape'
My trap jumping like Chick-fil-A, but we open on Sundays
I was pressing my mixtapes when niggas was getting they lunch trays
On the block with my cousin all night 'til the sun came
I can go to Milwaukee, arena more packed than a Bucks game
Know I'm five times platinum, and I'm going for my sixth ring
And I'm going for my, huh
See Rod Wave LiveGet tickets as low as $80You might also like
You know the best is yet to come
Oh my God, something, something ain't, I'm saying though
It's some shit you never seen
It's some shit you, it's just some things you never seen
Yeah, come close, come close
Yes, tha-thank you
Youngin, uh, I can
Aight, bruh, ayy, listen, no shade
I can go to Milwaukee, bro, and I probably could sell more tickets than the Bucks can
You know what I'm talking 'bout?
Oh, uh, I thank God for it, uh, uh

The best
Yeah, let your soul fly (Has yet, the best, to come)
Feel this God and gospel (The best)
Yeah, yeah, yeah (Pray for love, the best)
The best has yet to come (With your beautiful mind, the best)
Yeah, let your soul fly (Has yet, the best, to come)
Feel this God and gospel (The best)
Yeah, yeah, yeah (Pray for love, the best)
The best has yet to come (With your beautiful mind)Embed",hold brother dont forget hold sister enough theres master plan master plan store make god gods gonna realize mind hes gonna make hes gonna make worth time trouble trouble youve make nigga best come best trouble ayy know word around town im guess best im best best kentucky getting money like im est land memphis make million like im pre baby im nigga im said im top lonely watching film yeah im scoping game plus im coaching pass ball coach im open coach im open niggas way im tryna get pape trap jumping like chickfila open sundays pressing mixtapes niggas getting lunch trays block cousin night til sun came go milwaukee arena packed bucks game know im five times platinum im going sixth ring im going huh see rod wave liveget tickets low might also like know best yet come oh god something something aint im saying though shit never seen shit things never seen yeah come close come close yes thathank youngin uh aight bruh ayy listen shade go milwaukee bro probably could sell tickets bucks know im talking bout oh uh thank god uh uh best yeah let soul fly yet best come feel god gospel best yeah yeah yeah pray love best best yet come beautiful mind best yeah let soul fly yet best come feel god gospel best yeah yeah yeah pray love best best yet come beautiful mind,"{'neg': 0.086, 'neu': 0.507, 'pos': 0.407, 'compound': 0.9987}"
The Kid LAROI,8414440,NIGHTS LIKE THIS,https://genius.com/The-kid-laroi-nights-like-this-lyrics,"65 ContributorsTranslationsDeutschTürkçeEspañolNIGHTS LIKE THIS Lyrics
Hold my hand until we turn to ashes
Love me 'til they put me in my casket
I got all these feelings that I'm maskin'
Can I lay it on you? That's what I'm askin'
Red wine kissing in the house that your parents
Got for you, rented, how'd you forget it?
I think about you and nothin' else
So if you would just come over, I could show you for myself

And it's nights like this when I need your love
When I need someone that'll heal my soul
It's nights like this
Nights like, nights like this, ooh, ooh

Nights like this
Ooh, ooh

And it's nights like this when I need your love
When I need someone that'll heal my soul
It's nights like this
Nights like, nights likе this, ooh, oohSee The Kid LAROI LiveGet tickets as low as $50You might also like8Embed",hold hand turn ashes love til put casket got feelings im maskin lay thats im askin red wine kissing house parents got rented howd forget think nothin else would come could show nights like need love need someone thatll heal soul nights like nights like nights like ooh ooh nights like ooh ooh nights like need love need someone thatll heal soul nights like nights like nights likе ooh oohsee kid laroi liveget tickets low might also like,"{'neg': 0.037, 'neu': 0.574, 'pos': 0.389, 'compound': 0.9891}"
Moneybagg Yo,7638042,WHISKEY WHISKEY,https://genius.com/Moneybagg-yo-whiskey-whiskey-lyrics,"24 ContributorsWHISKEY WHISKEY Lyrics
Another shot, she'll love me again
(Run that back, Turbo)
Haha, make it a double

Whiskey, whiskey, won’t you go away?
Come again some other day
'Cause her memory came out to play
And I'm tired of it, tired of it
I don’t wanna wonder where she been (Where she at?)
She was here, now she gone again (Need her back)
Now it's me and all my whiskey friends
And I'm tired of it (Hey), tired of it (Yeah, speak)

Dark brown skin, caught eye contact while walkin' in (On the walk up)
Perfect timing, get beside me, now we lockin' in (Linked in)
She like, ""Tell me how you want it, on the rocks again (What else?)
Lil' salt around the rim (Okay), filled to the top again?"" (Let's go)
Fell back, now I'm back in it
Del Dia shots got me sinning
Big racks, but these jeans skinny
Plain Richard Mille square business (Boss)
See me in the club two-steppin’
Diamonds ’round my neck square-dancing
You done made a gangster romantic
Fiendin' for your love, I’m an addict (Ayy)
So addicted, ain't nothin' we can do about it (Nah)
Country motherfucker, I say, ""What's up?"" she say, ""Howdy"" (Howdy)
Call you my lil’ cowgirl how you ride it like a stallion (Uh, uh)
Don't know why I love it
Can't get tired of it (I'm on you bad)
You might also like
Whiskey, whiskey, won't you go away?
Come again some other day
'Cause her memory came out to play
And I'm tired of it, tired of it
I don't wanna wonder where she been (Where she at?)
She was here, now she gone again (Need her back)
Now it's me and all my whiskey friends
And I'm tired of it, tired of it

Put you up and hide you on the shelf, I swear I'm through with you
You so hard to leave alone, it's always something new with you
Ain't no way to get her gone, gone, gone
So I guess I'm gonna tie one on
She's so cold, I had to go and pour you over ice
Way you got me locked down, you'd think whiskey was my wife
You so good, I had to take you home and hit it twice
Two of you gon' keep me up all night

Whiskey, whiskey, won't you go away?
Come again some other day
'Cause her memory came out to play
And I'm tired of it, tired of it
I don't wanna wonder where she been (Where she at?)
She was here, now she gone again (Need her back)
Now it's me and all my whiskey friends
And I'm tired of it, tired of it
And I'm tired of it, tired of itEmbed",another shot shell love run back turbo haha make double whiskey whiskey go away come day cause memory came play im tired tired wanna wonder gone need back whiskey friends im tired hey tired yeah speak dark brown skin caught eye contact walkin walk perfect timing get beside lockin linked like tell want rocks else lil salt around rim okay filled top lets go fell back im back del dia shots got sinning big racks jeans skinny plain richard mille square business boss see club twosteppin diamonds round neck squaredancing done made gangster romantic fiendin love addict ayy addicted aint nothin nah country motherfucker say whats say howdy howdy call lil cowgirl ride like stallion uh uh dont know love cant get tired im bad might also like whiskey whiskey wont go away come day cause memory came play im tired tired dont wanna wonder gone need back whiskey friends im tired tired put hide shelf swear im hard leave alone always something new aint way get gone gone gone guess im gonna tie one shes cold go pour ice way got locked youd think whiskey wife good take home hit twice two gon keep night whiskey whiskey wont go away come day cause memory came play im tired tired dont wanna wonder gone need back whiskey friends im tired tired im tired tired,"{'neg': 0.199, 'neu': 0.608, 'pos': 0.193, 'compound': -0.1788}"
Eminem,10465609,Houdini,https://genius.com/Eminem-houdini-lyrics,"476 ContributorsTranslationsРусскийDeutschNorsk (bokmål / riksmål)EspañolTürkçePolskiRomână한국어PortuguêsFrançaisУкраїнськаहिन्दीHoudini Lyrics
Hey, Em, it's Paul
Uh, I was listening to the album
Good fucking luck, you're on your own

Guess who's back, back again?
Shady's back, tell a friend
Guess who's back, guess who's back
Guess who's back, guess who's back
Guess who's back, guess who's back
Guess who's back
(Da-da-da, da, da, da, da, da, da)
(Da-da-da, da, da, da, da)

Well, look what the stork brung
(What?) Little baby devil with the forked tongue
And it's stickin' out, yeah, like a sore thumb
(Bleah) With a forehead that it grew horns from
Still a white jerk
Pullin' up in a Chrysler to the cypher with the vic's, percs and a Bud Light shirt
Lyrical technician, an electrician y'all light work
And I don't gotta play pretend, it's you I make believe
And you know I'm here to stay 'cause me
If I was to ever take a leave, It would be aspirin to break a feve
If I was to ask for Megan Thee Stallion if she would collab with me
Would I really have a shot at a feat? (Ha!)
I don't know, but I'm glad to be back, like
See Eminem LiveGet tickets as low as $128You might also like
Abra-abracadabra
(And for my last trick) I'm 'bout to reach in my bag, bruh
Abra-abracadabra
(And for my last trick, poof) Just like that and I'm back, bruh

Now back in the days of old me
(When) Right around the time I became a dope fiend
Ate some codeine, as a way of coping taste of opiates, case of O.E
​Turned me into smiley face emoji
My shit may not be age appropri—
Ate but I will hit an eight year old in the face with a participation trophy
'Cause I have zero doubts
That this whole world's 'bout to turn into some girl scouts
That censorship bureau's out
To shut me down so when I started this verse
It did start off light-hearted at first
But it feels like I'm targeted
Mind bogglin' how my profit has skyrocketed, look what I pocketed
Yeah, the shit is just like y'all have been light joggin' and I've been running at full speed
And that's why I'm ahead like my noggin, and I'm the fight y'all get in
When you debate who the best but ops I'm white-chalkin' when
I step up to that mic, cock it then
""Oh my god, it's him... not again!""
Abra-abracadabra
(And for my last trick) I'm 'bout to reach in my bag, bruh
Abra-abracadabra
(And for my last trick, poof) Just like that and I'm back, bruh

Sometimes I wonder what the old me'd say
(If what?) If he could see the way shit is today
(Look at this shit, man) He'd probably say that everything is gay
(Like happy!) What's my name, what's my name?

So, how many little kids still wanna act like me?
I'm a bigger prick than cacti be
And that's why these words sting, just like you were being attacked by bees
In the coupe leaning back my seat
Bumpin' R. Kelly's favorite group, the black guy pee's
In my Air Max 90's
White T's walkin' parental advisory
My transgender cat's Siamese
Identifies as black, but acts Chinese
Like a motherfuckin' hacky sack I treat the whole world, 'cause I got it at my feet
How can I explain to you?
That even myself, I'm a danger too
I hop on tracks like a kangaroo
And say a few things or two to anger you
But fuck that, if I think that shit, I'ma say that shit
Cancel me what? Okay, that's it, go ahead, Paul, quit
Snake-ass prick, you male crossdresser, fake-ass bitch
And I'll probably get shit for that
(Watch) But you can all suck my dick, in fact
Fuck them, fuck Dre, fuck Jimmy, fuck me, fuck you, fuck my own kids they're brats (Fuck 'em)
They can screw-off, them and you all
You too, Paul, got two balls, big as RuPaul's, what you thought you saw ain't what you saw
'Cause you're never gon' see me
Caught sleepin' and see the kidnappin' never did happen
Like Sherri Papini, Harry Houdini, I vanish into the thin air as I'm leaving, like
Abra-abracadabra
(And for my last trick) I'm 'bout to reach in my bag, bruh
Abra-abracadabra
(And for my last trick, poof) Just like that and I'm back, bruh142Embed",hey em paul uh listening album good fucking luck youre guess whos back back shadys back tell friend guess whos back guess whos back guess whos back guess whos back guess whos back guess whos back guess whos back dadada da da da da da da dadada da da da da well look stork brung little baby devil forked tongue stickin yeah like sore thumb bleah forehead grew horns still white jerk pullin chrysler cypher vics percs bud light shirt lyrical technician electrician yall light work dont gotta play pretend make believe know im stay cause ever take leave would aspirin break feve ask megan thee stallion would collab would really shot feat ha dont know im glad back like see eminem liveget tickets low might also like abraabracadabra last trick im bout reach bag bruh abraabracadabra last trick poof like im back bruh back days old right around time became dope fiend ate codeine way coping taste opiates case oe turned smiley face emoji shit may age appropri ate hit eight year old face participation trophy cause zero doubts whole worlds bout turn girl scouts censorship bureaus shut started verse start lighthearted first feels like im targeted mind bogglin profit skyrocketed look pocketed yeah shit like yall light joggin ive running full speed thats im ahead like noggin im fight yall get debate best ops im whitechalkin step mic cock oh god abraabracadabra last trick im bout reach bag bruh abraabracadabra last trick poof like im back bruh sometimes wonder old med say could see way shit today look shit man hed probably say everything gay like happy whats name whats name many little kids still wanna act like im bigger prick cacti thats words sting like attacked bees coupe leaning back seat bumpin r kellys favorite group black guy pees air max white ts walkin parental advisory transgender cats siamese identifies black acts chinese like motherfuckin hacky sack treat whole world cause got feet explain even im danger hop tracks like kangaroo say things two anger fuck think shit ima say shit cancel okay thats go ahead paul quit snakeass prick male crossdresser fakeass bitch ill probably get shit watch suck dick fact fuck fuck dre fuck jimmy fuck fuck fuck kids theyre brats fuck em screwoff paul got two balls big rupauls thought saw aint saw cause youre never gon see caught sleepin see kidnappin never happen like sherri papini harry houdini vanish thin air im leaving like abraabracadabra last trick im bout reach bag bruh abraabracadabra last trick poof like im back bruh,"{'neg': 0.206, 'neu': 0.633, 'pos': 0.162, 'compound': -0.9802}"
Chris Stapleton,9345439,Think I’m In Love With You,https://genius.com/Chris-stapleton-think-im-in-love-with-you-lyrics,"6 ContributorsThink I’m In Love With You Lyrics
Baby, do you ever wonder
Whatever happened way back when
Or if I'll see you again
And maybe if you ever wonder
Aw, you might wish things could change
I know this might sound strange but

I think I'm in love with you
I didn't know it at the time
I know what I wanna do
It's makin' me lose my mind
I thought about thinkin' it through
And every time I do I find
I wanna make your dreams come true
I think I'm in love with you
I'm in love with you

Ooh, you are the power over me
You are the truth that I believe
You are my life, you are my world
You are thе air I'm breathin', girl
You are the light I wanna see
You'rе all of everythin' to me
You are the reasons that I am
Woman
See Chris Stapleton LiveGet tickets as low as $80You might also like
I think I'm in love with you
I didn't know it at the time
I know what I wanna do
It's makin' me lose my mind
I thought about thinkin' it through
And every time I do I find
I wanna make your dreams come true
I think I'm in love with you
Oh, I think I'm in love with you
I didn't know it at the time
I know what I wanna do
It's makin' me lose my mind, girl
I thought about thinkin' it through
And every time I do I find
I wanna make your dreams come true
I think I'm in love with you
Oh, I think I'm in love with you
I didn't know it at the time
I know what I wanna do
It's makin' me lose my mind, girl
I thought about thinkin' it through
And every time I do I find
I wanna make your dreams come true
I think I'm in love with you
I'm in love with you
I think I'm in love with you
I think I'm in love with you
I think I'm in love with you (Yeah)
I think I'm in love with you
I think I'm in love with you (Yeah)
I think I'm in love with youEmbed",baby ever wonder whatever happened way back ill see maybe ever wonder aw might wish things could change know might sound strange think im love didnt know time know wanna makin lose mind thought thinkin every time find wanna make dreams come true think im love im love ooh power truth believe life world thе air im breathin girl light wanna see yourе everythin reasons woman see chris stapleton liveget tickets low might also like think im love didnt know time know wanna makin lose mind thought thinkin every time find wanna make dreams come true think im love oh think im love didnt know time know wanna makin lose mind girl thought thinkin every time find wanna make dreams come true think im love oh think im love didnt know time know wanna makin lose mind girl thought thinkin every time find wanna make dreams come true think im love im love think im love think im love think im love yeah think im love think im love yeah think im love,"{'neg': 0.068, 'neu': 0.536, 'pos': 0.396, 'compound': 0.998}"
Zach Top,10247233,I Never Lie,https://genius.com/Zach-top-i-never-lie-lyrics,"4 ContributorsI Never Lie Lyrics
Well, it's been some time
You still look like an angel
I heard you're doin' fine
Got promoted back in April and you met someone
Your dad says he's okay
Well, I've never been better
Things are going my way

I sleep like a baby
I never show up late for work
I don't drink whiskey
I don't know how it feels to hurt
Oh, and I ain't been lonely since you said goodbye
I wish I could say I miss you
But you know I never lie

Yeah, I met somebody too
She's a model out in LA
And she's begging me to move
She's says Malibu is really great
Ain't decided if I'm going or not
But at the end of the day
You might also like
I sleep like a baby
I never show up late for work
I don't drink whiskey
I don't know how it feels to hurt
Oh, and I ain't been lonely since you said goodbye
Wish I could say I miss you
But you know I never lie

Yeah, I've never been better
Things are going my way

I sleep like a baby
I never show up late for work
Oh, and I don't drink whiskey
I don't know how it feels to hurt
Oh, and I ain't been lonely since you said goodbye
Wish I could say I miss you
Oh, but you know I never lieEmbed",well time still look like angel heard youre doin fine got promoted back april met someone dad says hes okay well ive never better things going way sleep like baby never show late work dont drink whiskey dont know feels hurt oh aint lonely since said goodbye wish could say miss know never lie yeah met somebody shes model la shes begging move shes says malibu really great aint decided im going end day might also like sleep like baby never show late work dont drink whiskey dont know feels hurt oh aint lonely since said goodbye wish could say miss know never lie yeah ive never better things going way sleep like baby never show late work oh dont drink whiskey dont know feels hurt oh aint lonely since said goodbye wish could say miss oh know never lie,"{'neg': 0.076, 'neu': 0.639, 'pos': 0.285, 'compound': 0.9872}"
Rod Wave,9951555,Even Love,https://genius.com/Rod-wave-even-love-lyrics,"14 ContributorsEven Love Lyrics
(Pipe that shit up, TnT)
(Shaad got K'Rounds)
Look

What happened to the dreams and the love that we shared? Feel it fading
You can take away my tattoos, the scars on my heart, we'll replace 'em
And I don't even like to party, but I'm going out tonight
'Cause I know that's the type, but shit that you don't like
In the section sending text messages, but avoided it
In the club tryna wrap my head around and what's the point of this?
It's so hard to right my wrongs
Will you miss me when I'm gone?
Think I'm better off alone
Are you better on your own? (Yeah)
And we were such a fairy tale (Yeah)
You were there, I was there
You can do bad by yourself (Yourself)
If you don't care, I don't care
And there you go again playing (Yeah, yeah)
Why are you always playing? (Oh)
Was it real or was you faking?
What about the time that we wasted? (Wasted)

Was it even love? (Uh, uh, uh, uh)
Is it even love? (Uh-uh, uh)
Was it even love? (Uh-uh, uh)
Go get even, love (Uh-uh, uh)
See Rod Wave LiveGet tickets as low as $80You might also like
'Cause I know I will
And I know I will
Uh
GrrahEmbed",pipe shit tnt shaad got krounds look happened dreams love shared feel fading take away tattoos scars heart well replace em dont even like party im going tonight cause know thats type shit dont like section sending text messages avoided club tryna wrap head around whats point hard right wrongs miss im gone think im better alone better yeah fairy tale yeah bad dont care dont care go playing yeah yeah always playing oh real faking time wasted wasted even love uh uh uh uh even love uhuh uh even love uhuh uh go get even love uhuh uh see rod wave liveget tickets low might also like cause know know uh grrah,"{'neg': 0.274, 'neu': 0.473, 'pos': 0.253, 'compound': 0.3339}"
21 Savage & Summer Walker,9934529,prove it,https://genius.com/21-savage-and-summer-walker-prove-it-lyrics,"47 Contributorsprove it Lyrics
You are the love—
You are the love of my life (Precious little baby)
I dedicate my love to you
You are my child, oh
My child (Yeah, woah)

I'm pourin' up Wocky in Greece
I came a long way from the east
She leavin' her cream on the sheets
My brother say he want a niece
When I'm with you, it's a safe space
Baby, you bringin' me peace
You know how it get in the streets
Ain't none of it shallow, it's deep
Yeah
I wanna cuddle for weeks
Your mama'nem think that you innocent
I know you turn into a freak
Don't really carе about your exes
Whatevеr it is, it could be
They playin', I'm makin 'em see
I know you swingin' them hoes like the D
I had to comb out the dreads
She fell in love with the braids
Gutter bitch, she cook and clean
And she'll load up the Ks
Your body got me in a daze
It don't matter the look, you get slayed
Her face card never decline
Man, fuck all that makeup, you fine
Better tell all them niggas you mine
She a dollar, way more than a dime
When I'm with you, I get nervous
It gotta be love, it's a sign
Yeah
I don't care where we goin', I'm ridin'
Fuck what you bring to the table
'Cause bae you the table, I'm eatin', let's dine (Oh-oh)
You might also like
You know you my baby, you know you my twin
If they disrespect me, then it's comin' to an end
If them niggas play with me, we know that you gon' sin
Baby, if only you knew
How much I do love you
How much I do trust you
I pray these hoes don't make me have to prove it

You need a nigga to mold you (I know)
You need a nigga to hold you (I do)
He a lil' boy and I told you
Why you keep lookin' for closure?
Hit Eliantte and froze her (Yeah, yeah)
Now you a bear, polar
Play with her cat, Doja (Oh)
Throw that shit back like you 'posed to
Trust me, I'm takin' it easy
I really wanna get neeky
You actin' shy, but you freaky (Oh)
I want a piece, no Reese (Oh)
She sayin', ""Bae, come meet me
At the salon, I'm on Peachtree""
She know I'm pullin' up BP (Oh yeah)
Ten Presidentials, no D.C. 
She love Louis and CC (Oh)
No 2K, I got VC
Grab on that ass when she greet me
I heard of your nigga, he sweet tea
You cuffed me, don't ever release me (No, baby)
Talk about me in your stories
Bae, sub-tweet me
You know you my baby, you know you my twin
If they disrespect me, then it's comin' to an end
If them niggas play with me, we know that you gon' sin
Baby, if only you knew
How much I do love you
How much I do trust you
I pray these hoes don't make me have to prove it

You are the love of my life
I dedicate
I dedicate it all to you2Embed",love love life precious little baby dedicate love child oh child yeah woah im pourin wocky greece came long way east leavin cream sheets brother say want niece im safe space baby bringin peace know get streets aint none shallow deep yeah wanna cuddle weeks mamanem think innocent know turn freak dont really carе exes whatevеr could playin im makin em see know swingin hoes like comb dreads fell love braids gutter bitch cook clean shell load ks body got daze dont matter look get slayed face card never decline man fuck makeup fine better tell niggas mine dollar way dime im get nervous gotta love sign yeah dont care goin im ridin fuck bring table cause bae table im eatin lets dine ohoh might also like know baby know twin disrespect comin end niggas play know gon sin baby knew much love much trust pray hoes dont make prove need nigga mold know need nigga hold lil boy told keep lookin closure hit eliantte froze yeah yeah bear polar play cat doja oh throw shit back like posed trust im takin easy really wanna get neeky actin shy freaky oh want piece reese oh sayin bae come meet salon im peachtree know im pullin bp oh yeah ten presidentials dc love louis cc oh k got vc grab ass greet heard nigga sweet tea cuffed dont ever release baby talk stories bae subtweet know baby know twin disrespect comin end niggas play know gon sin baby knew much love much trust pray hoes dont make prove love life dedicate dedicate,"{'neg': 0.131, 'neu': 0.551, 'pos': 0.318, 'compound': 0.9965}"
Chappell Roan,8967237,Red Wine Supernova,https://genius.com/Chappell-roan-red-wine-supernova-lyrics,"68 ContributorsTranslationsDeutschEspañolPortuguêsFrançaisTürkçeCatalàItalianoRed Wine Supernova Lyrics
She was a playboy, Brigitte Bardot
She showed me things I didn't know
She did it right there out on the deck
Put her canine teeth in the side of my neck
I'm in the hallway waitin' for ya
Mini skirt and my go-go boots (Uh-Uh)
I just want you to make a move
So slow down, sit down, it's new

I just wanna get to know ya
Guess I didn't quite think it through (Nah-uh, girl)
Fell in love with the thought of you
Now I'm choked up, face down, burnt out

Baby, why don't you come over?
Red wine supernova, falling into me
(Let's pick it up now)
I don't care that you're a stoner
Red wine supernova, fall right into me

I like (I like)
What you like (What you like)
Long hair (No bra)
It's my type (That's right)
You just told me
Want me to fuck you
Baby, I will 'cause I really want to
You might also like
I just wanna get to know ya
Guess I didn't quite think it through (Nah-uh, girl)
Fell in love with the thought of you
Now I'm choked up, face down, burnt out

Baby, why don't you come over?
Red wine supernova, falling into me
(Okay, y'all, let's pick it up now)
I don't care that you're a stoner
Red wine supernova, fall right into me

Well, back at my house
I've got a California king
Okay, maybe it's a twin bed
And some roommates (Don't worry, we're cool)
I heard you like magic
I've got a wand and a rabbit
So baby, let's get freaky, get kinky
Let's make this bed get squeaky

Baby, why don't you come over?
Red wine supernova, falling into me
I don't care that you're a stoner
Red wine supernova, fall right into me9Embed",playboy brigitte bardot showed things didnt know right deck put canine teeth side neck im hallway waitin ya mini skirt gogo boots uhuh want make move slow sit new wanna get know ya guess didnt quite think nahuh girl fell love thought im choked face burnt baby dont come red wine supernova falling lets pick dont care youre stoner red wine supernova fall right like like like like long hair bra type thats right told want fuck baby cause really want might also like wanna get know ya guess didnt quite think nahuh girl fell love thought im choked face burnt baby dont come red wine supernova falling okay yall lets pick dont care youre stoner red wine supernova fall right well back house ive got california king okay maybe twin bed roommates dont worry cool heard like magic ive got wand rabbit baby lets get freaky get kinky lets make bed get squeaky baby dont come red wine supernova falling dont care youre stoner red wine supernova fall right,"{'neg': 0.148, 'neu': 0.698, 'pos': 0.154, 'compound': 0.6362}"
The Marías,8228562,No One Noticed,https://genius.com/The-marias-no-one-noticed-lyrics,"32 ContributorsTranslationsTürkçeEspañolNo One Noticed Lyrics
Maybe I
Lost my mind
No one noticed
No one noticed

It's getting old (I'd kinda like it if you'd call me)
All alone ('Cause I'm so over bein' lonely)
May have lost it (I need a virtual connection)
I have lost it (Be my video obsession)

No one tried
To read my eyes
No one but you
Wish it weren't true
Maybe I (I'd kinda like it if you'd call me)
It's not right ('Cause I'm so over bein' lonely)
Make you mine (I need a virtual connection)
Take our time (Be my video obsеssion)

Come on, don't leave mе, it can't be that easy, babe
If you believe me, I guess I'll get on a plane
Fly to your city excited to see your face
Hold me, console me, and then I'll leave without a trace
Come on, don't leave me, it can't be that easy, babe
If you believe me, I guess I'll get on a plane
Fly to your city excited to see your face
Hold me, console me, then I'll leave without a trace
Come on, don't leave me, it can't be that easy, babe
If you believe me, I guess I'll get on a plane
Fly to your city excited to see your face
Hold me, console me, and then I'll leave without a trace (Maybe I)
Come on, don't leave me, it can't be that easy, babe (It's not right)
If you believe me, I guess I'll get on a plane (Make you mine)
Fly to your city excited to see your face (Take our time)
Hold me, console me and then I'll leave without a trace
You might also like
I'd kinda like it if you'd call me (It's not right)
'Cause I'm so over bein' lonely (Make you mine)
I need a virtual connection (Take our time)
Be my video obsession3Embed",maybe lost mind one noticed one noticed getting old id kinda like youd call alone cause im bein lonely may lost need virtual connection lost video obsession one tried read eyes one wish werent true maybe id kinda like youd call right cause im bein lonely make mine need virtual connection take time video obsеssion come dont leave mе cant easy babe believe guess ill get plane fly city excited see face hold console ill leave without trace come dont leave cant easy babe believe guess ill get plane fly city excited see face hold console ill leave without trace come dont leave cant easy babe believe guess ill get plane fly city excited see face hold console ill leave without trace maybe come dont leave cant easy babe right believe guess ill get plane make mine fly city excited see face take time hold console ill leave without trace might also like id kinda like youd call right cause im bein lonely make mine need virtual connection take time video obsession,"{'neg': 0.254, 'neu': 0.608, 'pos': 0.138, 'compound': -0.9822}"
Megan Moroney,10495136,Am I Okay?,https://genius.com/Megan-moroney-am-i-okay-lyrics,"11 ContributorsAm I Okay? Lyrics
I check my pulse and my heart's still beatin'
Exhale I think I'm still breathin'
Both feet on the ground, but something's changed
I've been playin' less Black Keys, baby
And my friends swear I've gone crazy
I don't know how to act, I don't know what to say

'Cause, oh, my God, he walked in
Like a 6'2'' dream Heaven sent
He says what he means, and he means what he says
And he's funny and he's smart
And he's good in — (Good in — )
Maybe love ain't always what it was
Not cryin' and dyin', and messin' me up
I think I'm really happy, I think I wanna stay
Oh, my God, am I okay?

Who knew guys still brought flowers
Or picked up the phonе before a last call hour?
And not 'cause thеy cheated, and not 'cause they lied
And not 'cause they're sorta sorry after a fight
And wait, there's guys that can communicate
That aren't lookin' for a heart to break
Always thought hell no, no way
See Megan Moroney LiveGet tickets as low as $55You might also like
And then, oh, my God, he walked in
Like a 6'2'' dream Heaven sent
He says what he means, and he means what he says
And he's funny and he's smart
And he's good in — (Good in — )
Maybe love ain't always what it was
Not cryin' and dyin', and messin' me up
I think I'm really happy, I think I wanna stay
Oh, my God, am I okay?

I don't feel like a sad song soundtrack
The old me doesn't know how to feel about that
Am I okay? I think I'm okay

'Cause, oh, my God, he walked in
Like a 6'2'' dream Heaven sent
He says what he means, and he means what he says
And he's funny and he's smart
And he's good in — (Good in — )
Maybe love ain't always what it was
Not cryin' and dyin', and messin' me up
I think I'm really happy, I think I wanna stay
Oh, my God, am I okay?
I check my pulse and my heart's still beatin'
Exhale I think I'm still breathin'Embed",check pulse hearts still beatin exhale think im still breathin feet ground somethings changed ive playin less black keys baby friends swear ive gone crazy dont know act dont know say cause oh god walked like dream heaven sent says means means says hes funny hes smart hes good good maybe love aint always cryin dyin messin think im really happy think wanna stay oh god okay knew guys still brought flowers picked phonе last call hour cause thеy cheated cause lied cause theyre sorta sorry fight wait theres guys communicate arent lookin heart break always thought hell way see megan moroney liveget tickets low might also like oh god walked like dream heaven sent says means means says hes funny hes smart hes good good maybe love aint always cryin dyin messin think im really happy think wanna stay oh god okay dont feel like sad song soundtrack old doesnt know feel okay think im okay cause oh god walked like dream heaven sent says means means says hes funny hes smart hes good good maybe love aint always cryin dyin messin think im really happy think wanna stay oh god okay check pulse hearts still beatin exhale think im still breathin,"{'neg': 0.068, 'neu': 0.532, 'pos': 0.4, 'compound': 0.998}"
Genius,6202964,March 2021 Singles Release Calendar,https://genius.com/Genius-march-2021-singles-release-calendar-annotated,"11 ContributorsMarch 2021 Singles Release Calendar Lyrics3/1
88rising, ATARASHII GAKKO! & Warren Hue - ""Freaks""
Bad Computer - ""Destroy Me""
Charlotte Lawrence - ""You""
Flight - ""Gold Digga Figures""
Jao - ""AMOR PIRATA""
​j-hope - ""Blue Side""
Ratboys - ""Go Outside""
Sammie - ""Crazy""
Teenage Disaster - ""THE QUIET TIMES"" ft. Lil Darkie
3/2
Ashe & FINNEAS - ""Till Forever Falls Apart""
benny blanco, Marshmello & Vance Joy - ""You (Acoustic)""
Brittany Howard, Jay Anonymous & Fred again.. - ""Stay High again..""
Emotional Oranges - ""Body & Soul"" ft. Biig Piig
Erika de Casier - ""Drama""
Japanese Breakfast - ""Be Sweet""
Maple Glider - ""Good Thing""
Rostam - ""4Runner""
The Armed - ""Average Death""
YBN Nahmir - ""Balcony""
YUKIKA - ""Lovemonth""
3/3
3OH!3 - ""LAST BREATH""
Brodka - ""Game Change""
Dan Bull - ""How to Build a PC""
Derivakat - ""Don't Wanna Lose You""
girl in red - ""Serotonin""
iKON - ""Why Why Why""
Lani Rose - ""Overreacting""
Laura Mvula - ""Safe Passage""
Lil Durk, King Von & Booka600 - ""JUMP"" ft. Memo600
Maroon 5 & Megan Thee Stallion - ""Beautiful Mistakes""
Mette - ""Petrified""
Middle Kids - ""Stacking Chairs""
Oliver Malcolm - ""Skywalker""
Porter Robinson - ""Musician""
Remi Wolf & Dominic Fike - ""Photo ID""
SLUMBERJACK - ""Memory"" ft. Tailor
SLUMBERJACK - ""The Reprise""
Tate McRae - ""slower""
Unlike Pluto - ""Belly Flop""
YN Jay - ""Big Hoes"" ft. Lil Pump
3/4
AJ Tracey - ""Anxious""
Baker Grace - ""Be Ok""
Dawn Richard - ""Pilot (A Lude)""
DJ Snake & Selena Gomez - ""Selfish Love""
ella jane - ""bored&blind""
Hooverphonic - ""The Wrong Place""
Joey Trap - ""LICKED""
Lil Baby - ""Real as It Gets"" ft. EST Gee
Loud Luxury & Ship Wrek - ""Amnesia"" ft. GASHI
Major Lazer - ""Diplomatico"" ft. Guaynaa
Nick Jonas - ""This is Heaven""
No Rome, Charli XCX & The 1975 - ""Spinning""
RAY BLK - ""Games"" ft. Giggs
Roxen - ""Amnesia""
St. Vincent - ""Pay Your Way in Pain""
Una Healy - ""Swear It All Again""
Xiu Xiu - ""Rumpus Room"" ft. Liars
3/5
6 Dogs - ""Beach House"" ft. RIZ LA VIE
Allie X - ""GLAM! (lau.ra Remix)""
Alvaro Soler - ""Magia""
Aly & AJ - ""Pretty Places""
Au/Ra - ""Dead Girl!""
AURORA - ""Runaway (Guitar Version)""
Ayzha Nyree - ""Noya""
Baby Keem - ""no sense""
Bailey Bryan - ""Don't Call Me""
Bebe Rexha - ""Sacrifice""
BlueBucksClan - ""Last Minute"" ft. Lil Yachty
Boslen - ""DENY"" ft. Tyla Yaweh
Bring Me the Horizon & Jeris Johnson - ""Can You Feel My Heart (Remix)""
Bryce Vine - ""Care at All""
Chance the Rapper - ""The Heart & the Tongue""
Chris Sebastian - ""Hard to Get to Love""
CMTEN - ""BORED""
Daddex - ""Touchdown in LA""
Damar Jackson - ""Relax""
Dean Lewis - ""Falling Up""
Dice SoHo & BFB da Packman - ""Coke in the Sprinter""
Evanescence - ""Better Without You""
Funkmaster Flex, Jadakiss & Murda Beatz - ""Damn Shame""
Futuristic & Michael Minelli - ""You Said It""
G Herbo - ""Break Yoself""
G Herbo - ""Really Like That""
Grace VanderWaal - ""Don't Assume What You Don't Know""
Jack Ingram, Miranda Lambert, Jon Randall - ""In His Arms""
Jacquees - ""Freaky as Me"" ft. Latto
James Arthur - ""Medicine""
JD on tha Track & Calboy - ""These Days""
Jennifer Hudson - ""Ain't No Mountain High Enough""
Jon Batiste - ""SHOW ME THE WAY"" ft. Zadie Smith
Jordan Solomon - ""All Good""
Juice WRLD, Clever & Post Malone - ""Life's a Mess II""
Justin Bieber - ""Hold On""
Jutes - ""Give U a Call""
Koryn Hawthorne - ""Speak to Me (Queen Mix)"" ft. Queen Naija
KREAM - ""Take Control""
Ladyhawke & Broods - ""Guilty Love""
Lavaud & Reekado Banks - ""Oh My""
LBS Kee'vin - ""Soul Burden"" ft. Fredo Bang
LocateEmilio & 27CLUB - ""RING RING""
London Grammar - ""How Does It Feel""
Lucas & Steve - ""Do You Want Me""
Matt Ox - ""MAINTAINED""
Montaigne - ""Technicolour""
NextYoungin & ppcocaine - ""Krispy Kreme""
PmBata - ""Run It Up""
Rah Swish - ""On a Mission"" ft. Dread Woo
REI AMI - ""do it right"" ft. Aminé
Rexx Life Raj - ""Built for Everything""
Ricky Montgomery & ​chloe moriondo - ""Mr. Loverman (Remix)""
Rockit Gaming - ""Teacher"" ft. shredheadred
Sam Fischer & Demi Lovato - ""What Other People Say (Stripped Version)""
Saweetie - ""Best Friend (Remix)"" ft. Stefflon Don & Doja Cat
Shad da God - ""Murder Me"" ft. Gunna
SHY Martin - ""Break with Me""
Silk City & Ellie Goulding - ""New Love (Shane Codd Remix)""
Silk Sonic - ""Intro""
Silk Sonic - ""Leave the Door Open""
Sonny Digital - ""Dance""
Steve Aoki & Willy William - ""Mambo (Timmy Trumpet Remix)"" ft. Sean Paul, El Alfa, Sfera Ebbasta & Play-N-Skillz
Taleban Dooda - ""Trappin' Ain't Dead"" ft. 42 Dugg
The Knocks - ""All About You (The Knocks VIP)"" ft. Foster the People
Thomas Rhett - ""Growing Up""
Thomas Rhett - ""Want It Again""
Tiesto & Ty Dolla $ign - ""The Business, Pt. II (Clean Bandit Remix)""
Tokyo Jetz - ""S.O.D.D."" ft. Tokyo Vanity
Tom the Mail Man - ""Last Night""
Trevor Jackson - ""Get to You""
Tyler Posey - ""Shut Up"" ft. Travis Barker & phem
Unghetto Mathieu - ""Chatter"" ft. YBN Nahmir
Wendigo - ""ICED OUT DROP TOP"" ft. Valee, CXRPSE, BRUHMANEGOD, EDDISON, 83HADES & Lil Darkie
Whethan - ""All in My Head (Saint Punk Remix)"" ft. grandson
Winona Oak - ""Nobody Loves Me"" ft. ELIO
Xan Griffin - ""Go Hard or Go Home""
XANAKIN SKYWOK - ""Jazz Hands"" ft. Sadfriendd
YNW Melly - ""Thugged Out"" ft. Kodak Black
Young Dolph & Key Glock - ""Aspen""
Yung Gravy & Lil Wayne - ""oops! (Remix)""
Yung Nugget - ""Down Bad""
3/6
904TEZZO - ""D-Generation X"" ft. MrHeadA$$Trendy
3/7
637godwin - ""Flagellum""
Fousheé - ""sing about love""
3/8
Stevie Stone - ""Jumping Out the Window""
Voda Fuji - ""32THEFACE""
3/9
​bülow - ""First Place""
London Grammar - ""How Does It Feel""
Noga Erez - ""Story"" ft. ROUSSO
X Ambassadors - ""Blinding Lights""
Zacari - ""Good Nights""
3/10
Allday - ""Void""
Everything Everything - ""Supernormal""
Jorja Smith - ""Addicted""
Lil Playah - ""Time Flies"" ft. KanKan
Quando Rondo - ""Okay""
Rod Wave - ""Street Runner""
Sainvil - ""California Raindrops""
Unlike Pluto & why mona - ""Rewind""
3/11
070 Beheard & 070 Shake - ""Said""
AURORA - ""Runaway (Piano Version)""
Bankroll Freddie - ""Rich Off Grass (Remix)"" ft. Young Dolph
Call Me Karizma - ""FREE BRITNEY SPEARS""
Cashh & M1llionz - ""Pounds and Dollars""
Gwen Stefani - ""Slow Clap""
LP - ""One Last Time""
Mulatto - ""Beatbox Freestyle""
NF - ""LOST"" ft. Hopsin
Paul McCartney & Dominic Fike - ""The Kiss of Venus""
Skillibeng - ""Coaster""
Stunna Gambino - ""Top Opp Vulture""
SwaVay - ""Shooter""
WSTRN - ""Mama Stay""
YSB Tril & Bankrol Hayden - ""Touchdown""
YONAKA - ""Ordinary""
3/12
27CLUB - ""Sucker""
AJ Mitchell - ""CAMERAS ON""
Ali Gatie - ""Can't Let You Go""
Anna Clendening - ""Love Song (Remix)"" ft. John K
Benny the Butcher & Harry Fraud - ""Thanksgiving""
Bishop Nehru - ""New Tulips""
Blxst & Drakeo the Ruler - ""Don't Forget""
Blxst & Russ - ""Fuck Boys""
BONES & Deergod - ""PopRocks""
Brent Faiyaz - ""Show U Off""
Christopher - ""Fall So Hard""
Christopher - ""My Blood""
Comethazine - ""MALCOLM IN THE MIDDLE""
Curly Savv - ""50 Shots"" ft. G Herbo
Doja Cat - ""Streets (Disclosure Remix)""
Emily Weisband - ""Psychopath""
Emlyn - ""a thousand parties""
Fr6nco & 916frosty - ""Spaceship Swervin'""
FRVRFRIDAY - ""TIME FOR YOU""
Futuristic & Michael Minelli - ""Built Different""
Global Dan - ""Had Me at Goodbye""
Hey Violet - ""friends like this""
IAmChino, Farruko & Pitbull - ""Ten Cuidado"" ft. El Alfa & Omar Courtz
ILLENIUM & iann dior - ""First Time""
Imagine Dragons - ""Cutthroat""
Imagine Dragons - ""Follow You""
Jazz Cartier - ""Nothin' 2 Me"" ft. Cousin Stizz
Joey Trap - ""TACKLE""
Jutes - ""Say It Out Loud""
Kenny Mason - ""Pup""
Kid Ink - ""Red Light""
KSI - ""Patience"" ft. YUNGBLUD & Polo G
LB Spiffy - ""Same""
Leyla Blue - ""Gasoline""
Like Saturn - ""distant galaxies""
Luh Soldier - ""Slide""
LunchMoney Lewis - ""Ocean"" ft. Meghan Tranior
Machine Gun Kelly - ""DAYWALKER!"" ft. CORPSE
MASN - ""2 Times""
Matt Ox - ""POP IT""
MOD SUN - ""Heavy"" ft. blackbear
Norman Perry - ""Love After Drugs""
R3HAB, Timmy Trumpet & W&W - ""Distant Memory""
Rockie Fresh - ""Racer"" ft. VIC MENSA
ROSÉ - ""On the Ground""
ROSÉ - ""GONE""
Sage the Gemini & Chris Brown - ""BABY""
Scorey - ""Dior You""
Shakewell - ""5 Ways""
Silk City & Ellie Goulding - ""New Love (Armand Van Helden Remix)""
SK8 - ""Famous"" ft. Tyla Yaweh
Slimelife Shawty - ""No Brakes""
Surf - ""Mirror""
The Knocks - ""All About You (THAT KIND Remix)"" ft. Foster the People
TyFontaine - ""RUN IT UP"" ft. SoFaygo
Tyla Yaweh - ""All the Smoke (Landy Remix)"" ft. Wiz Khalifa, Gunna & Landy
WATTS & Khalid - ""Feels (Remix)""
X Ambassadors & Earl St. Clair - ""torture""
Xavier Weeks - ""Already""
YBN Nahmir - ""Fast Car Music""
Yungeen Ace - ""Gun Em Down""
3/13
Rockit Gaming - ""The Bullies"" ft. Dan Bull
3/15
Hunter Hayes - ""If You Change Your Mind""
Rich Brian - ""Sydney""
Trey Songz - ""Track Star""
yvngxchris - ""Ok, Let's Get It Den!!!""
3/16
Ant Clemons - ""Story of My Life""
Lil Mosey - ""Try Me""
Mick Jenkins - ""Designer Frames""
Middle Kids - ""Today We're the Greatest""
Mnelia - ""Senseless""
Mykki Blanco - ""Free Ride""
Now United - ""Turn It Up""
3/17
Alewya - ""The Code"" ft. Moses Boyd
AViVA - ""HOUDINI""
Charlotte Adigéry - ""Bear With Me (and I’ll stand bare before you)""
David Shawty - ""wizard 101""
DDG & OG Parker - ""Rule #1"" ft. Lil Yachty
Felly, Kota the Friend & Monte Booker - ""Everybody Loves You""
Foxes - ""Kathleen""
Fryars - ""Orange Juice""
​G-Eazy - ""Break From LA Freestyle""
glaive - ""i wanna slam my head against the wall""
Ingrid Michaelson & ZAYN - ""To Begin Again""
Inhaler - ""Cheer Up Baby""
Laura Mvula - ""Church Girl""
Lil Gotit - ""Wok""
Lydia Ainsworth - ""Parade""
MNDR & Big Data - ""Save Yourself""
Monte Booker, Kenny Beats & reggie - ""AIN'T GON' STOP ME""
RUSSELL! - ""FMU""
TheHxliday - ""Opps""
Unlike Pluto - ""Interstellar Weather""
Young Dolph & Key Glock - ""Sleep with the Roaches""
YUNGBLUD & Chloe Noone - ""parents (Remix)""
Zcxr - ""The Key to the Quest!"" ft. 916frosty
3/18
Benjamin Francis Leftwich - ""Cherry in Tacoma""
Boy in Space - ""Remember Me""
Bugzy Malone - ""Welcome to the Hood"" ft. Emeli Sandé
Dreamer Boy - ""Let's Hold Hands"" ft. Melanie Faye
J Balvin - ""Tu Veneno""
JAE5 - ""Dimension"" ft. Rema & Skepta
Liza - ""Done is Done""
Lil Playah - ""iMPOSTER!""
Lola Young - ""Ruin My Make Up""
Lucky Daye, Masego & Alex Isley - ""Good & Plenty (Remix)""
M1llionz - ""How Many Times"" ft. Lotto Ash
mxmtoon - ""Creep""
Myke Towers​ - ""Cuenta""
Saba - ""Rich Don't Stop""
Saba - ""Ziplock""
Snoop Dogg - ""CEO""
The Coral - ""Lover Undiscovered""
YUNGBLUD - ""Life on Mars? (Live at a Bowie Celebration 2021)""
3/19
27CLUB - ""TALK""
2KBABY - ""Soon""
347aidan - ""WHEN THE DEVIL CRIES""
7evin7ins & 916frosty - ""let go""
916frosty - ""WHEN UR GONE""
Addison Rae - ""Obsessed""
Aesop Rock - ""Long Legged Larry""
Alesso & CORSAK - ""Going Dumb""
Alesso, CORSAK & Stray Kids - ""Going Dumb (Remix)""
Alexander Oscar - ""One More Dance""
Amaru Son - ""Private Jet"" ft. Ugly God
Amy Shark - ""Baby Steps""
Autumn! - ""Noticed It!"" ft. TisaKorean
BABii - ""BRUiiSE""
Babygirl - ""Nevermind""
Badda TD - ""Feel Like a Boss"" ft. 42 Dugg
bbno$ & lentra - ""bad to the bone""
Betta Lemme - ""Cry""
BFB da Packman - ""Federal""
Birdy - ""Deepest Lonely""
Boosie Badazz - ""Period"" ft. DaBaby
​brando - ""Yes or No""
brandon jenner - ""There You Are""
BRELAND - ""Cross Country (Remix)"" ft. Mickey Guyton
Brynn Cartelli - ""Long Way Home""
Capolow - ""2 Percs"" ft. Scando the Darklord & Nef the Pharaoh
carolesdaugter - ""Violent (Acoustic)""
Caroline Kole - ""DUI""
Caroline Kole - ""Ex Best Friend""
Charlie Heat - ""LADYLIKE"" ft. Ant Clemons
CJ - ""Whoopty NYC"" ft. French Montana & Rowdy Rebel
Clean Bandit - ""Higher (Acoustic)"" ft. iann dior & GRACEY
Colton Dixon - ""Made to Fly""
David Cook - ""Fire""
Daniyel - ""IT'S OK""
Delta Goodrem - ""Billionaire""
Destiny Rogers - ""Tomboy (Remix)"" ft. Coi Leray
FCG Heem - ""Champagne Showers""
FITZ - ""Congratulations"" ft. Bryce Vine
​flora cash - ""The Bright Lights""
Futuristic & Michael Minelli - ""Ain't Sayin""
Greta Van Fleet - ""Broken Bells""
Guwop Reign - ""Super Pain""
Hayden James, Gorgon City & Nat Dunn - ""Foolproof""
IDK - ""Just Like Martin""
Jackboy & Russ - ""Own My Masters""
James TW - ""Butterflies""
JayDaYoungan - ""ZaZa""
John K - ""ilym (Remix)"" ft. ROSIE
Julia Stone - ""Fire in Me""
Jutes - ""For You""
Kayzo & TELLE - ""Never Let You Down""
Kevo Muney - ""I'm Golden""
Like Saturn - ""purple city""
Lil Poppa - ""Boys to Men""
Lil Tjay, Polo G & Fivio Foreign - ""Headshot""
Lost Frequencies - ""Rise""
Mads Langer - ""Hanging with You""
Maeta - ""Toxic"" ft. BEAM
Major Lazer & Nucleya - ""Jadi Buti (Nucleya VIP Remix)"" ft. Rashmeet Kaur
Matt Ox - ""PUMPED UP""
Nasty Cherry - ""Her Body""
Nathan James - ""Dancing with My Demons"" ft. Sueco
NYCL KAI - ""Bodies""
Ola Runt - ""Out da Box""
ONEFOUR - ""Street Guide, Pt. 1""
PJ Harding & Noah Cyrus​ - ""You Belong to Somebody Else""
Popp Hunna - ""Designa (Corvette Corvette, Pt. 2)""
Projexx - ""Sidepiece""
Rah Swish - ""WOO BACK""
​salem ilese - ""(L)onely Child""
Sam Feldt - ""Stronger (Frank Walker Remix)"" ft. Kesha
Sara Kays - ""Picture of You""
Shaun Frank & Ryland James - ""Save Me""
SIDEPIECE - ""Temptation""
Slayter & Jay Critch - ""LOSSES""
ssgkobe - ""Calabasas"" ft. $NOT
Steve Aoki & Kiiara - ""Used to Be"" ft. Wiz Khalifa
Tay Money & Flo Milli - ""Asthma Pump""
Tee Grizzley - ""White Lows Off Designer"" ft. Lil Durk
Tiana Major9 & SiR - ""Same Space (Remix)""
Tom Grennan - ""Little Bit of Love (Remix)"" ft. Emily Roberts
Transviolet - ""Drugs in California (GOLDHOUSE Remix)""
Ty Dolla $ign - ""By Yourself (Remix)"" ft. Bryson Tiller, Jhené Aiko & Mustard
Virginia to Vegas & NOTD - ""Malibu""
Whethan - ""Upside Down (Flux Pavilion Remix)"" ft. Grouplove
Xan Griffin - ""Nostalgia""
XIX - ""On My Vans""
Young Dolph - ""Yeeh Yeeh""
YungManny - ""Clap for Em"" ft. Flo Milli & Sada Baby
Yung Pooda & DreamDoll - ""Chicken N Grits (Remix)"" ft. Trey Songz
ZillaKami - ""CHAINS""
3/20
Quadeca - ""Sisyphus""
3/21
Polo G - ""For My Fans (Freestyle)""
3/22
Ben Howard - ""Sorry Kid""
Calboy - ""Miseducation"" ft. Lil Wayne
Chloe Angelides - ""Different""
Dawn Richard - ""Jacuzzi""
Derivakat - ""HONEY""
Hopsin - ""Alone with Me""
Lil Yachty - ""No More Beatboxing Freestyle""
Sa Vich - ''Moment of Silence'' ft. Nampson
serpentwithfeet - ""Heart Storm"" ft. NAO
3/23
black midi - ""John L""
black midi - ""Despair""
Jungle - ""Keep Moving""
Quando Rondo - ""Angel Wings""
Rag'n'Bone Man - ""Fall in Love Again""
Tune-Yards - ""hypnotized""
YN Jay - ""HOLD ONNNNN"" ft. Lil Uzi Vert
3/24
8ubbles & Birthdayy Partyy - ""Tremendous Physique""
All Time Low - ""Once in a Lifetime""
beabadoobee - ""Last Day on Earth""
benny blanco & Gracie Abrams - ""Unlearn""
BROCKHAMPTON - ""BUZZCUT"" ft. Danny Brown
Vita Flare - ""Dreams""
DREAMCATCHER - ""Eclipse""
Iglooghost - ""Big Protector""
Johnny Orlando - ""I Don’t"" ft. DVBBS
JVKE - ""Home""
Nuski2Squad, Yungeen Ace & G Herbo - ""Live On (Thuggin' Days) ""
Rod Wave - ""Tombstone""
Sleepy Hallow - ""2 Sauce""
The Kid LAROI - ""Shot for Me""
VTP Rossa - ""Antics""
Yung Mal - ""Look at Me Now""
3/25
Enisa - ""Love Cycle (Remix)"" ft. DaVido
JAY1 - ""Patiently""
Lil Duke - ""Loyal"" ft. J. Cole & Quavo
NSG - ""After OT Bop"" ft. BackRoad Gee
Russ Millions & Tion Wayne - ""Body""
Savage Ga$p, 8percent & Astrus - ""this one 4 the girls""
3/26
27CLUB - ""MEMORIES""
30 Deep Grimeyy - ""4530"" ft. Sada Baby
637godwin - ""Lotta Fishes""
Alaina Castillo - ""​indica""
Almondmilkhunni - ""Say U Love Me""
anders, FRVRFRIDAY, 6ixbuzz - ""What I Like""
Anna of the North - ""Here's to Another""
Anthony Ramos - ""Say Less""
Audrey Mika - ""Chivalry""
BanBwoi - ""KKK"" ft. NGeeYL, Young Nudy & Tay Kieth
Becky Hill - ""Last Time""
Big Scarr - ""SoIcyBoyz 3"" ft. Tay Keith, Foogiano, Pooh Shiesty & Gucci Mane
Big Zuu & D Double E - ""Variation""
CJ - ""Whoopty (Latin Mix)"" ft. Anuel AA & Ozuna
Coi Leray - ""BIG PURR (Prrdd)"" ft. Pooh Shiesty
David Archuleta - ""I Know He Lives""
Demi Lovato - ""Dancing with the Devil""
DJ Megan Ryte - ""Fall Thru"" ft. Flipp Dinero & Guapdad 4000
DJ Megan Ryte - ""Fly"" ft. Rich The Kid, Kranium & Casanova
DJ Megan Ryte - ""Strapped"" ft. Sleepy Hallow
ELHAE & Masego - ""My City""
Eon Zero & 916frosty - ""Side Fx""
Foster the People & Poolside - ""Lamb's Wool (Remix)""
Futuristic & Michael Minelli - ""Oh Yea"" ft. Charles Infamous
Ghost Killer Track - ""Tonight"" ft. OBOY & D-Block Europe
Glass Animals & iann dior - ""Heat Waves (Remix)""
Grace Weber - ""Thru the Fire"" ft. Chance the Rapper
Internet Money - ""JETSKI"" ft. Lil Tecca & Lil Mosey
Jean Deaux - ""Easiest Thing""
Joey Cool - ""Protect Thine Energy""
Julia Michaels - ""All Your Exes""
JUMEX - ""EX BEST FRIEND""
Jutes - ""Ballerina""
KAMILLE - ""Mirror Mirror""
Kenny Mason - ""Play Ball""
KILLY - ""PYRO""
King Combs - ""Holdin' Me Down"" ft. Future
Klass Murda - ""Legendary"" ft. Pooh Shiesty
LBS Kee'vin - ""Run wit It""
Like Saturn - ""weary oasis""
Lil Boom - ""remedy.""
Lil Pump - ""Lonely""
Lil Nas X - ""MONTERO (Call Me by Your Name)""
LOONY & Mick Jenkins - ""Royal Flush""
MC Virgins - ""Sundress"" ft. Yung Bae
Mimi Webb - ""Good Without""
Moneybagg Yo & Future - ""Hard for the Next""
Pacman da Gunman, Nipsey Hussle & Mozzy - ""Zero Tolerance""
Parker Millsap​ - ""Dammit""
Princess Nokia - ""It's Not My Fault""
Raiche & Ty Dolla $ign - ""Pick a Side (Remix)""
Rejjie Snow, grouptherapy. & Cam O'bi - ""Relax""
Ron Suno & Sheff G - ""WINNERS""
Russ - ""BANKRUPT""
Sam Ryder - ""Tiny Riot""
Shelley FKA DRAM - ""Cooking with Grease""
Sofia Carson - ""Fool's Gold""
SpotEmGottem & Shenseea - ""Beat Box (Freestyle)""
Studio Killers - ""Jenny"" ft. Kim Petras
Sub Urban & Two Feet - ""PATCHWERK""
Surf - ""Heavy""
Tay B - ""Stashbox"" ft. Lil Durk
Taylor Swift - ""You All Over Me (From the Vault)"" ft. Maren Morris
Tes X - ""Rover""
The Knocks - ""R U HIGH"" ft. Mallrat
The Kooks & Seeb - ""Naive (Remix)""
The Veronicas - ""GODZILLA""
Thouxanbanfauni - ""Chu Chu""
Vaishalini - ""Livin' Rent Free""
XANAKIN SKYWOK - ""Widit"" ft. lilbubblegum
YNW Melly - ""Na Na Na Boo Boo""
YSN Flow - ""Money Man""
ZHU & Yuna - ""SKY IS CRYING""
ZieZie & Ya Levis - ""Show Me (Montre Moi)""
Zion Foster - ""RnDrill""
3/27
Crypt & Chris Webby - ''Voicemail''
Doja Cat - ""TRASH MAN""
3/28
Lael Hansen - ""300 nights""
Morcheeba - ""The Moon""
3/29
Basside & SOPHIE - ""FUCK IT UP""
Deadmau5 - ""Nextra""
Fousheé - ""​gold fronts"" ft. Lil Wayne
Gary Numan - ""Saints and Liars""
Waterparks - ""Numb""
3/30
Drug Store Romeos - ""What's on Your Mind""
Fickle Friends - ""Not in the Mood""
Garbage - ""The Men Who Rule the World""
Vistas - ""Start Again""
3/31
BREE RUNWAY - ""HOT HOT""
Half Waif - ""Take Away the Ache""
Johnathan Kash - ""MurderCharge"" ft. BONES
MNDR - ""Love in Reverse"" ft. Empress Of
Nick Wilson - ""Lead Me to the Water""
Nicole Dollanganger - ""Whispering Glades""
Unlike Pluto - ""Talk Heavy""
Westside Gunn - ""Julia Lang""
Westside Gunn - ""TV BOY""2Embed",rising atarashii gakko warren hue freaks bad computer destroy charlotte lawrence flight gold digga figures jao amor pirata jhope blue side ratboys go outside sammie crazy teenage disaster quiet times ft lil darkie ashe finneas till forever falls apart benny blanco marshmello vance joy acoustic brittany howard jay anonymous fred stay high emotional oranges body soul ft biig piig erika de casier drama japanese breakfast sweet maple glider good thing rostam runner armed average death ybn nahmir balcony yukika lovemonth oh last breath brodka game change dan bull build pc derivakat dont wanna lose girl red serotonin ikon lani rose overreacting laura mvula safe passage lil durk king von booka jump ft memo maroon megan thee stallion beautiful mistakes mette petrified middle kids stacking chairs oliver malcolm skywalker porter robinson musician remi wolf dominic fike photo id slumberjack memory ft tailor slumberjack reprise tate mcrae slower unlike pluto belly flop yn jay big hoes ft lil pump aj tracey anxious baker grace ok dawn richard pilot lude dj snake selena gomez selfish love ella jane boredblind hooverphonic wrong place joey trap licked lil baby real gets ft est gee loud luxury ship wrek amnesia ft gashi major lazer diplomatico ft guaynaa nick jonas heaven rome charli xcx spinning ray blk games ft giggs roxen amnesia st vincent pay way pain una healy swear xiu xiu rumpus room ft liars dogs beach house ft riz la vie allie x glam laura remix alvaro soler magia aly aj pretty places aura dead girl aurora runaway guitar version ayzha nyree noya baby keem sense bailey bryan dont call bebe rexha sacrifice bluebucksclan last minute ft lil yachty boslen deny ft tyla yaweh bring horizon jeris johnson feel heart remix bryce vine care chance rapper heart tongue chris sebastian hard get love cmten bored daddex touchdown la damar jackson relax dean lewis falling dice soho bfb da packman coke sprinter evanescence better without funkmaster flex jadakiss murda beatz damn shame futuristic michael minelli said g herbo break yoself g herbo really like grace vanderwaal dont assume dont know jack ingram miranda lambert jon randall arms jacquees freaky ft latto james arthur medicine jd tha track calboy days jennifer hudson aint mountain high enough jon batiste show way ft zadie smith jordan solomon good juice wrld clever post malone lifes mess ii justin bieber hold jutes give u call koryn hawthorne speak queen mix ft queen naija kream take control ladyhawke broods guilty love lavaud reekado banks oh lbs keevin soul burden ft fredo bang locateemilio club ring ring london grammar feel lucas steve want matt ox maintained montaigne technicolour nextyoungin ppcocaine krispy kreme pmbata run rah swish mission ft dread woo rei ami right ft aminé rexx life raj built everything ricky montgomery chloe moriondo mr loverman remix rockit gaming teacher ft shredheadred sam fischer demi lovato people say stripped version saweetie best friend remix ft stefflon doja cat shad da god murder ft gunna shy martin break silk city ellie goulding new love shane codd remix silk sonic intro silk sonic leave door open sonny digital dance steve aoki willy william mambo timmy trumpet remix ft sean paul el alfa sfera ebbasta playnskillz taleban dooda trappin aint dead ft dugg knocks knocks vip ft foster people thomas rhett growing thomas rhett want tiesto ty dolla ign business pt ii clean bandit remix tokyo jetz sodd ft tokyo vanity tom mail man last night trevor jackson get tyler posey shut ft travis barker phem unghetto mathieu chatter ft ybn nahmir wendigo iced drop top ft valee cxrpse bruhmanegod eddison hades lil darkie whethan head saint punk remix ft grandson winona oak nobody loves ft elio xan griffin go hard go home xanakin skywok jazz hands ft sadfriendd ynw melly thugged ft kodak black young dolph key glock aspen yung gravy lil wayne oops remix yung nugget bad tezzo dgeneration x ft mrheadatrendy godwin flagellum fousheé sing love stevie stone jumping window voda fuji theface bülow first place london grammar feel noga erez story ft rousso x ambassadors blinding lights zacari good nights allday void everything everything supernormal jorja smith addicted lil playah time flies ft kankan quando rondo okay rod wave street runner sainvil california raindrops unlike pluto mona rewind beheard shake said aurora runaway piano version bankroll freddie rich grass remix ft young dolph call karizma free britney spears cashh mllionz pounds dollars gwen stefani slow clap lp one last time mulatto beatbox freestyle nf lost ft hopsin paul mccartney dominic fike kiss venus skillibeng coaster stunna gambino top opp vulture swavay shooter wstrn mama stay ysb tril bankrol hayden touchdown yonaka ordinary club sucker aj mitchell cameras ali gatie cant let go anna clendening love song remix ft john k benny butcher harry fraud thanksgiving bishop nehru new tulips blxst drakeo ruler dont forget blxst russ fuck boys bones deergod poprocks brent faiyaz show u christopher fall hard christopher blood comethazine malcolm middle curly savv shots ft g herbo doja cat streets disclosure remix emily weisband psychopath emlyn thousand parties frnco frosty spaceship swervin frvrfriday time futuristic michael minelli built different global dan goodbye hey violet friends like iamchino farruko pitbull ten cuidado ft el alfa omar courtz illenium iann dior first time imagine dragons cutthroat imagine dragons follow jazz cartier nothin ft cousin stizz joey trap tackle jutes say loud kenny mason pup kid ink red light ksi patience ft yungblud polo g lb spiffy leyla blue gasoline like saturn distant galaxies luh soldier slide lunchmoney lewis ocean ft meghan tranior machine gun kelly daywalker ft corpse masn times matt ox pop mod sun heavy ft blackbear norman perry love drugs rhab timmy trumpet ww distant memory rockie fresh racer ft vic mensa rosé ground rosé gone sage gemini chris brown baby scorey dior shakewell ways silk city ellie goulding new love armand van helden remix sk famous ft tyla yaweh slimelife shawty brakes surf mirror knocks kind remix ft foster people tyfontaine run ft sofaygo tyla yaweh smoke landy remix ft wiz khalifa gunna landy watts khalid feels remix x ambassadors earl st clair torture xavier weeks already ybn nahmir fast car music yungeen ace gun em rockit gaming bullies ft dan bull hunter hayes change mind rich brian sydney trey songz track star yvngxchris ok lets get den ant clemons story life lil mosey try mick jenkins designer frames middle kids today greatest mnelia senseless mykki blanco free ride united turn alewya code ft moses boyd aviva houdini charlotte adigéry bear stand bare david shawty wizard ddg og parker rule ft lil yachty felly kota friend monte booker everybody loves foxes kathleen fryars orange juice geazy break la freestyle glaive wanna slam head wall ingrid michaelson zayn begin inhaler cheer baby laura mvula church girl lil gotit wok lydia ainsworth parade mndr big data save monte booker kenny beats reggie aint gon stop russell fmu thehxliday opps unlike pluto interstellar weather young dolph key glock sleep roaches yungblud chloe noone parents remix zcxr key quest ft frosty benjamin francis leftwich cherry tacoma boy space remember bugzy malone welcome hood ft emeli sandé dreamer boy lets hold hands ft melanie faye j balvin tu veneno jae dimension ft rema skepta liza done done lil playah imposter lola young ruin make lucky daye masego alex isley good plenty remix mllionz many times ft lotto ash mxmtoon creep myke towers cuenta saba rich dont stop saba ziplock snoop dogg ceo coral lover undiscovered yungblud life mars live bowie celebration club talk kbaby soon aidan devil cries evinins frosty let go frosty ur gone addison rae obsessed aesop rock long legged larry alesso corsak going dumb alesso corsak stray kids going dumb remix alexander oscar one dance amaru son private jet ft ugly god amy shark baby steps autumn noticed ft tisakorean babii bruiise babygirl nevermind badda td feel like boss ft dugg bbno lentra bad bone betta lemme cry bfb da packman federal birdy deepest lonely boosie badazz period ft dababy brando yes brandon jenner breland cross country remix ft mickey guyton brynn cartelli long way home capolow percs ft scando darklord nef pharaoh carolesdaugter violent acoustic caroline kole dui caroline kole ex best friend charlie heat ladylike ft ant clemons cj whoopty nyc ft french montana rowdy rebel clean bandit higher acoustic ft iann dior gracey colton dixon made fly david cook fire daniyel ok delta goodrem billionaire destiny rogers tomboy remix ft coi leray fcg heem champagne showers fitz congratulations ft bryce vine flora cash bright lights futuristic michael minelli aint sayin greta van fleet broken bells guwop reign super pain hayden james gorgon city nat dunn foolproof idk like martin jackboy russ masters james tw butterflies jaydayoungan zaza john k ilym remix ft rosie julia stone fire jutes kayzo telle never let kevo muney im golden like saturn purple city lil poppa boys men lil tjay polo g fivio foreign headshot lost frequencies rise mads langer hanging maeta toxic ft beam major lazer nucleya jadi buti nucleya vip remix ft rashmeet kaur matt ox pumped nasty cherry body nathan james dancing demons ft sueco nycl kai bodies ola runt da box onefour street guide pt pj harding noah cyrus belong somebody else popp hunna designa corvette corvette pt projexx sidepiece rah swish woo back salem ilese lonely child sam feldt stronger frank walker remix ft kesha sara kays picture shaun frank ryland james save sidepiece temptation slayter jay critch losses ssgkobe calabasas ft steve aoki kiiara used ft wiz khalifa tay money flo milli asthma pump tee grizzley white lows designer ft lil durk tiana major sir space remix tom grennan little bit love remix ft emily roberts transviolet drugs california goldhouse remix ty dolla ign remix ft bryson tiller jhené aiko mustard virginia vegas notd malibu whethan upside flux pavilion remix ft grouplove xan griffin nostalgia xix vans young dolph yeeh yeeh yungmanny clap em ft flo milli sada baby yung pooda dreamdoll chicken n grits remix ft trey songz zillakami chains quadeca sisyphus polo g fans freestyle ben howard sorry kid calboy miseducation ft lil wayne chloe angelides different dawn richard jacuzzi derivakat honey hopsin alone lil yachty beatboxing freestyle sa vich moment silence ft nampson serpentwithfeet heart storm ft nao black midi john l black midi despair jungle keep moving quando rondo angel wings ragnbone man fall love tuneyards hypnotized yn jay hold onnnnn ft lil uzi vert ubbles birthdayy partyy tremendous physique time low lifetime beabadoobee last day earth benny blanco gracie abrams unlearn brockhampton buzzcut ft danny brown vita flare dreams dreamcatcher eclipse iglooghost big protector johnny orlando ft dvbbs jvke home nuskisquad yungeen ace g herbo live thuggin days rod wave tombstone sleepy hallow sauce kid laroi shot vtp rossa antics yung mal look enisa love cycle remix ft davido jay patiently lil duke loyal ft j cole quavo nsg ot bop ft backroad gee russ millions tion wayne body savage gap percent astrus one girls club memories deep grimeyy ft sada baby godwin lotta fishes alaina castillo indica almondmilkhunni say u love anders frvrfriday ixbuzz like anna north heres another anthony ramos say less audrey mika chivalry banbwoi kkk ft ngeeyl young nudy tay kieth becky hill last time big scarr soicyboyz ft tay keith foogiano pooh shiesty gucci mane big zuu double e variation cj whoopty latin mix ft anuel aa ozuna coi leray big purr prrdd ft pooh shiesty david archuleta know lives demi lovato dancing devil dj megan ryte fall thru ft flipp dinero guapdad dj megan ryte fly ft rich kid kranium casanova dj megan ryte strapped ft sleepy hallow elhae masego city eon zero frosty side fx foster people poolside lambs wool remix futuristic michael minelli oh yea ft charles infamous ghost killer track tonight ft oboy dblock europe glass animals iann dior heat waves remix grace weber thru fire ft chance rapper internet money jetski ft lil tecca lil mosey jean deaux easiest thing joey cool protect thine energy julia michaels exes jumex ex best friend jutes ballerina kamille mirror mirror kenny mason play ball killy pyro king combs holdin ft future klass murda legendary ft pooh shiesty lbs keevin run wit like saturn weary oasis lil boom remedy lil pump lonely lil nas x montero call name loony mick jenkins royal flush mc virgins sundress ft yung bae mimi webb good without moneybagg yo future hard next pacman da gunman nipsey hussle mozzy zero tolerance parker millsap dammit princess nokia fault raiche ty dolla ign pick side remix rejjie snow grouptherapy cam obi relax ron suno sheff g winners russ bankrupt sam ryder tiny riot shelley fka dram cooking grease sofia carson fools gold spotemgottem shenseea beat box freestyle studio killers jenny ft kim petras sub urban two feet patchwerk surf heavy tay b stashbox ft lil durk taylor swift vault ft maren morris tes x rover knocks r u high ft mallrat kooks seeb naive remix veronicas godzilla thouxanbanfauni chu chu vaishalini livin rent free xanakin skywok widit ft lilbubblegum ynw melly na na na boo boo ysn flow money man zhu yuna sky crying ziezie ya levis show montre moi zion foster rndrill crypt chris webby voicemail doja cat trash man lael hansen nights morcheeba moon basside sophie fuck deadmau nextra fousheé gold fronts ft lil wayne gary numan saints liars waterparks numb drug store romeos whats mind fickle friends mood garbage men rule world vistas start bree runway hot hot half waif take away ache johnathan kash murdercharge ft bones mndr love reverse ft empress nick wilson lead water nicole dollanganger whispering glades unlike pluto talk heavy westside gunn julia lang westside gunn tv boy,"{'neg': 0.099, 'neu': 0.767, 'pos': 0.134, 'compound': 0.9983}"
Chris Brown,10145657,Residuals,https://genius.com/Chris-brown-residuals-lyrics,"22 ContributorsResiduals Lyrics
Don't know when my nights became so complicated
Can’t recall my mornings ever being this faded
Maybe this is karma, definition of jaded, oh
This stays on my mind, this stays on my mind
Tryna put a muzzle on my crazy feelings
One minute I'm cool and then the next, I'm tripping, no
With somebody new, I swear she don’t deserve this
Wasted on my mind, she still on my mind

Do we build it up, build it up
Just to let it wash away?
Tell me did I lace you up, lace you up
Just to watch you run away?

Please tell me who
Who's getting all my love? (Love)
Who's getting all my love?
Tell me who
Who's getting all my time?
All of that used to be mine, oh
Who did you teach what I taught ya? (Oh)
Better not give him my nickname
I don't like thinking about it
I swear that it's wearing me down, no
But tell me who
Who's getting all of my?
Who's getting all of my residuals?
See Chris Brown LiveGet tickets as low as $61You might also like
(Who)
Who’s getting all of my?
Who’s getting all of my residuals?
(Who)
Who's getting all of my?
Who’s getting all of my residuals?

Made it clear you didn't wanna see the sequel
I was lying when I said the feeling's mutual, oh
It took some time to realize that we're different people
And love is blind, I see love is blind

Do we build it up, build it up
Just to let it wash away?
And tell me did I lace you up, lace you up
Just to watch you run away?

Please tell me who
Who’s getting all my love? (Who's getting? Love)
Who's getting all my love? (My love)
And tell me who
Who's getting all my time? (My time, no)
All of that used to be mine, oh (Believe it)
Who did you teach what I taught ya? (Oh)
Better not give him my nickname
I don't like thinking about it
I swear that it's wearing me down, no
But tell me who (So tell me who, yeah)
Who's getting all of my? (My)
Who's getting all of my (Oh) residuals?
(Who)
(Who)Embed",dont know nights became complicated recall mornings ever faded maybe karma definition jaded oh stays mind stays mind tryna put muzzle crazy feelings one minute im cool next im tripping somebody new swear deserve wasted mind still mind build build let wash away tell lace lace watch run away please tell whos getting love love whos getting love tell whos getting time used mine oh teach taught ya oh better give nickname dont like thinking swear wearing tell whos getting whos getting residuals see chris brown liveget tickets low might also like getting getting residuals whos getting getting residuals made clear didnt wanna see sequel lying said feelings mutual oh took time realize different people love blind see love blind build build let wash away tell lace lace watch run away please tell getting love whos getting love whos getting love love tell whos getting time time used mine oh believe teach taught ya oh better give nickname dont like thinking swear wearing tell tell yeah whos getting whos getting oh residuals,"{'neg': 0.128, 'neu': 0.629, 'pos': 0.243, 'compound': 0.9864}"
BigXthaPlug,10927150,Change Me,https://genius.com/Bigxthaplug-change-me-lyrics,"8 ContributorsChange Me Lyrics
(Bandpl—)

They tried to frame me
For the pictures I paint
It's a cryin' shame
But I, I won't let 'em, I won't let 'em change me
I'll remain
Forever (Forever), forever remain

Ayy (Let the band play)
They ain't think I would do it, but I did it
Really havin' this shit, really winnin'
Was times that I thought I'd forever be sinnin'
And spinnin', whatever to stand on the business
But God bless the gang, did it all for the city
All the shots they let off, but ain't hit me
All the shots wе let off, they ain't mention was hittin'
Go ask why hе's findin' them limpin'
Never change, I'm the same, it's just in me
The only thing change is the paper, my vision
Can't forget 'bout the diamonds and chains on my pendant
Was starvin', but now we eat steak for a livin'
If we ever fell out, you was fake or a bitch
Niggas quick to switch sides, don't be standin' on shit
But yet, I'm the biggest, ain't change on my clique
Rep the six, disrespect and get put in that ditch
I came up off of rap and know prices for bricks
Million dollar convos, out to eat with my stick
Then got bowls in condos, lettin' loads go for six
Brand-new block with my lil' bro, shit came with a switch
And a list, how you niggas gon' die for that shit?
Let 'em make it for months, heard my Prada lil' bitch
When they ride, make his whole family cry for that shit
I'm the same, I ain't lettin' shit slide and I meant every word that I said, I put this on the six
I'm the same nigga thuggin' from the cells to the bricks
Better ask about X, matter fact, come and see how this rap shit'll help, it mean nothin' to me (Ayy)
You might also like
I, I won't let 'em, I won't let 'em change me
I'll remain
Forever (Forever), forever remain
Forever

They say, ""X went and changed,"" probably 'cause I got rich
I ain't hurtin' my kids, they ain't wantin' for shit
They say, ""X went and changed,"" probably came from a bitch
Tried to hit, now I'm up and they all on my dick
They say, ""X went and changed,"" probably came from a nigga I fucked with, but couldn't stand on ten with the gang
How come all of these folks get to say that X changed?
I'm the same and I'm standin' on ten by my name, ayy

I, I won't let 'em, I won't let 'em change me
I'll remain
Forever (Forever), forever remain
ForeverEmbed",bandpl tried frame pictures paint cryin shame wont let em wont let em change ill remain forever forever forever remain ayy let band play aint think would really havin shit really winnin times thought id forever sinnin spinnin whatever stand business god bless gang city shots let aint hit shots wе let aint mention hittin go ask hеs findin limpin never change im thing change paper vision cant forget bout diamonds chains pendant starvin eat steak livin ever fell fake bitch niggas quick switch sides dont standin shit yet im biggest aint change clique rep six disrespect get put ditch came rap know prices bricks million dollar convos eat stick got bowls condos lettin loads go six brandnew block lil bro shit came switch list niggas gon die shit let em make months heard prada lil bitch ride make whole family cry shit im aint lettin shit slide meant every word said put six im nigga thuggin cells bricks better ask x matter fact come see rap shitll help mean nothin ayy might also like wont let em wont let em change ill remain forever forever forever remain forever say x went changed probably cause got rich aint hurtin kids aint wantin shit say x went changed probably came bitch tried hit im dick say x went changed probably came nigga fucked couldnt stand ten gang come folks get say x changed im im standin ten name ayy wont let em wont let em change ill remain forever forever forever remain forever,"{'neg': 0.248, 'neu': 0.677, 'pos': 0.075, 'compound': -0.9957}"
GloRilla & Megan Thee Stallion,10964432,HOW I LOOK,https://genius.com/Glorilla-and-megan-thee-stallion-how-i-look-lyrics,"21 ContributorsHOW I LOOK Lyrics
GloRilla
How the fuck I look, bitch? (Go Grizz)
Real hot girl shit
On the gang, gang
Yeah, yeah, hmm, hmm, ah
Gang, gang

Forty-inch jet black bustdown (Okay)
Every fuckin' watch I get, I bust it down (Okay)
Heard a bitch don't like me, ho, I'm in your town (What's up, ho?)
Drop the lo', I'm pullin' up, it's goin' down (I'm goin' down)

Just rode by the cemetery (Boom, boom, boom), it's plenty room for hoes
Fuck the money missionary (Huh), got plenty room for more (Okay)
Man, all these bitches scary (On God), I know a few of those (Weak ass)
Fuck I look like beefin' wit' some bitches that be sharin' clothes (Huh?)

How I look fuckin' on a nigga that got less than me?
How I look callin' bitches out that can't get next to me?
How I look checkin' for a nigga that don't check for me?
How I look not bettin' on myself? Glo the recipe (Real hot girl shit)
You might also like
How I look beefin' with a bitch without no motion? (What?)
That ho only want some smoke 'cause I'm the hottest shit that's smokin'
I ain't goin' back and forth, bitch, this ain't the US Open (Bitch, this ain’t The US Open)
If he meet me, better pack it up 'cause, bitch, you know it's over (Yeah, yeah, yeah)
How I look beefin' wit' a bitch about a nigga? (Hmm)
How I look arguin' wit' a goofy bitch on Twitter? (Hmm)
How I look confessin' to these niggas 'bout my bodies? (Niggas 'bout my bodies?)
When he a ho too, and he still gon' give me sloppy (Yeah, yeah, yeah, ah)

How I look turnin' up and leavin' all my bitches out?
How I look goin' up and laughin' when them haters doubt?
How I look pullin' up in shit I know they can't pronounce?
How I look laughin' to the bank with my titties out?

How I look? Ask your man (Yeah, yeah)
How I look? Ask a fan (Yeah, yeah)
How I look? Ask a hater (Yeah)
How I look? Ask the 'Gram (Yeah, yeah)
How I look? Ask your friend (Yeah, yeah)
How I look? Ask the cam (Yeah, yeah)
Fuck these hoes doggy style how I'm on these bitches ass (Ugh, ugh, ugh, ugh)

Just rode by the cemetery (Boom, boom, boom), it's plenty room for hoes
Fuck the money missionary (Huh), got plenty room for more (Okay)
Man, all these bitches' scary (On God), I know a few of those (Weak ass)
Fuck I look like beefin' with some bitches that be sharin' clothes? (Huh?)3Embed",glorilla fuck look bitch go grizz real hot girl shit gang gang yeah yeah hmm hmm ah gang gang fortyinch jet black bustdown okay every fuckin watch get bust okay heard bitch dont like ho im town whats ho drop lo im pullin goin im goin rode cemetery boom boom boom plenty room hoes fuck money missionary huh got plenty room okay man bitches scary god know weak ass fuck look like beefin wit bitches sharin clothes huh look fuckin nigga got less look callin bitches cant get next look checkin nigga dont check look bettin glo recipe real hot girl shit might also like look beefin bitch without motion ho want smoke cause im hottest shit thats smokin aint goin back forth bitch aint us open bitch us open meet better pack cause bitch know yeah yeah yeah look beefin wit bitch nigga hmm look arguin wit goofy bitch twitter hmm look confessin niggas bout bodies niggas bout bodies ho still gon give sloppy yeah yeah yeah ah look turnin leavin bitches look goin laughin haters doubt look pullin shit know cant pronounce look laughin bank titties look ask man yeah yeah look ask fan yeah yeah look ask hater yeah look ask gram yeah yeah look ask friend yeah yeah look ask cam yeah yeah fuck hoes doggy style im bitches ass ugh ugh ugh ugh rode cemetery boom boom boom plenty room hoes fuck money missionary huh got plenty room okay man bitches scary god know weak ass fuck look like beefin bitches sharin clothes huh,"{'neg': 0.382, 'neu': 0.462, 'pos': 0.156, 'compound': -0.9985}"
Tito Double P,10772990,EL LOKERÓN,https://genius.com/Tito-double-p-el-lokeron-lyrics,"6 ContributorsTranslationsEnglishEL LOKERÓN Lyrics

Con la gorrita de lado, los ojos tumbados y cargo un placón
Loco cabrón, así me dicen que soy
Los plebes andan ondeados, si bajan los vidrios, un humaderón
Sale el olor a pura flor
Tengo llamadas perdidas, mi morra ya varias veces me marcó
Quiere que ya me regrese pa'l cantón
Y que la dé por perdida, no hay pedo, aquí tengo a su amiga a un lado
Y lo mueve mucho mejor, mucho mejor

No te tengo aquí, a mi lado, pero me la paso chingón
Van cuatro días enfiestado, encerrado, traigo un loquerón
Un loquerón, no es por amor el loquerón

Tito Double P
El loquerón, mi pa
Ay, mamá

Pata a fondo, acelerado, bien adiamantado traigo el Rolexón
Y atrás de mí viene un convoy (Convoy)
Los plebes andan ondeados, las puntas por fuera, se ve el blindadón
Y en el depa un reventón
Ya empezó y pónganse pilas, que las bandidas llegarán en calor
Y ahí vienen dos pa' Miguelón
No se me duerma, plebada, que ahí vienen morritas de medio millón
En el TikTok, de lo mejor, de lo mejor
You might also like
No te tengo aquí, a mi lado, pero me la paso chingón
Van cuatro días enfiestado, encerrado, traigo un loquerón
Un loquerón, no es por amor el loquerón
Embed",con la gorrita de lado los ojos tumbados cargo un placón loco cabrón así dicen que soy los plebes andan ondeados si bajan los vidrios un humaderón sale el olor pura flor tengo llamadas perdidas mi morra ya varias veces marcó quiere que ya regrese pal cantón que la dé por perdida hay pedo aquí tengo su amiga un lado lo mueve mucho mejor mucho mejor te tengo aquí mi lado pero la paso chingón van cuatro días enfiestado encerrado traigo un loquerón un loquerón es por amor el loquerón tito double p el loquerón mi pa ay mamá pata fondo acelerado bien adiamantado traigo el rolexón atrás de mí viene un convoy convoy los plebes andan ondeados las puntas por fuera se el blindadón en el depa un reventón ya empezó pónganse pilas que las bandidas llegarán en calor ahí vienen dos pa miguelón se duerma plebada que ahí vienen morritas de medio millón en el tiktok de lo mejor de lo mejor might also like te tengo aquí mi lado pero la paso chingón van cuatro días enfiestado encerrado traigo un loquerón un loquerón es por amor el loquerón,"{'neg': 0.0, 'neu': 0.947, 'pos': 0.053, 'compound': 0.8885}"
GloRilla & T-Pain,10964446,I LUV HER,https://genius.com/Glorilla-and-t-pain-i-luv-her-lyrics,"17 ContributorsI LUV HER Lyrics
Oh-ooh
Oh

You ain't got to say a word
Keep givin' me when I'm lookin' for (GloRilla)
I just got to tell everybody (Everybody)
I don't want to keep it on the low
Goddamn, I love her (Goddamn, I love her)
Uh, I love her (Ooh, I love her)
Goddamn, I love her (Ooh, I love her)
I love her (Ooh, I love her)
I just want to take her out and prove (And prove)
What a real man 'posed to do (To do)
Who can pay you 'round and play you 'round
And got time to hang with my crew
I love her (Damn, I love her)
Uh, I love her (Ooh, I love her, ooh)
Goddamn, I love her (Ooh, I love hеr, hey)
I love her (Ooh, I lovе her, on the gang, on gang)

Is it me or these hoes just average? (Huh)
Is it because you like my accent? (Is it?)
Is it the way that I talk my shit? (Huh)
Is it the way that I wear these glasses?
Met him on April the seventh (Okay)
By the fifteenth, 'bout me a Patek (Hey)
I heard he get hard-on, bitch
Shit, I made him fall in love with a savage (Ooh)
It's the fact that I'm hard on niggas (On God)
But no lie, you makin' me feel different
Got no type, but he say I'm the one (Let's go)
He must got a thing for real bitches
I know I can get a lil' crazy (I know it)
But I love that you know how to deal with it
I need you to bare with me, baby (For real)
I ain't really used to no real nigga
You on me and I'm on you too
I promise, I'm not 'bout to let up for nothin'
I know I be naggin' sometimes
Shit, put dick in my mouth, make me shut up or somethin'
I promise to keep you tight (Tight)
Every time gon' feel like a verse
You keepin' me happy, you givin' me dick (Oh-ooh)
Got him askin' me who am I searchin', on the gang (Oh)
You might also like
You ain't got to say a word
Keep givin' me when I'm lookin' for (Lookin' for her)
I just got to tell everybody (Everybody)
I don't want to keep it on the low
Goddamn, I love her (Goddamn, I love her)
Uh, I love her (Ooh, I love her)
Goddamn, I love her (Ooh, I love her)
I love her (Ooh, I love her)
I just want to take her out and prove (And prove)
What a real man 'posed to do (To do)
Who can pay you 'round and play you 'round
And got time to hang with my crew
I love her (Damn, I love her)
Uh, I love her (Ooh, I love her)
Goddamn, I love her (Ooh, I love her, I love you too, bae)
I love her (Ooh, I love her, on the gang)

Cook and clean and suck and fuck (Uh-huh)
Lil' bitch, I'm real grown (Yeah)
I can not relate to hoes (Why not?)
'Cause my niggas love home (Favorite)
Favorite song come on, it's up (Hey)
T-shirt and panties on
Know he love Big Glo', for sure (Damn, facts)
His favorite redbone
He got motion and I got it too, the sex be so cometic
Voodooin' with the pussy (Woo), I ain't have to make no spaghetti
Fell in love so fast (Damn), my friends say I'm pathetic (Fuck)
Pray he don't play with my feelings (Why?), this shit gon' get domestic
You ain't got to say a word
Keep givin' me when I'm lookin' for (Lookin' for her)
I just got to tell everybody (Everybody)
I don't want to keep it on the low
Goddamn, I love her (Goddamn, I love her)
Uh, I love her (Ooh, I love her)
Goddamn, I love her (Ooh, I love her)
I love her (Ooh, I love her)
I just want to take her out and prove (And prove)
What a real man 'posed to do (To do)
Who can pay you 'round and play you 'round
And got time to hang with my crew
I love her (Damn, I love her)
Uh, I love her (Ooh, I love her)
Goddamn, I love her (Ooh, I love her)
I love her (Ooh, I love her)
Uh, I love herEmbed",ohooh oh aint got say word keep givin im lookin glorilla got tell everybody everybody dont want keep low goddamn love goddamn love uh love ooh love goddamn love ooh love love ooh love want take prove prove real man posed pay round play round got time hang crew love damn love uh love ooh love ooh goddamn love ooh love hеr hey love ooh lovе gang gang hoes average huh like accent way talk shit huh way wear glasses met april seventh okay fifteenth bout patek hey heard get hardon bitch shit made fall love savage ooh fact im hard niggas god lie makin feel different got type say im one lets go must got thing real bitches know get lil crazy know love know deal need bare baby real aint really used real nigga im promise im bout let nothin know naggin sometimes shit put dick mouth make shut somethin promise keep tight tight every time gon feel like verse keepin happy givin dick ohooh got askin searchin gang oh might also like aint got say word keep givin im lookin lookin got tell everybody everybody dont want keep low goddamn love goddamn love uh love ooh love goddamn love ooh love love ooh love want take prove prove real man posed pay round play round got time hang crew love damn love uh love ooh love goddamn love ooh love love bae love ooh love gang cook clean suck fuck uhhuh lil bitch im real grown yeah relate hoes cause niggas love home favorite favorite song come hey tshirt panties know love big glo sure damn facts favorite redbone got motion got sex cometic voodooin pussy woo aint make spaghetti fell love fast damn friends say im pathetic fuck pray dont play feelings shit gon get domestic aint got say word keep givin im lookin lookin got tell everybody everybody dont want keep low goddamn love goddamn love uh love ooh love goddamn love ooh love love ooh love want take prove prove real man posed pay round play round got time hang crew love damn love uh love ooh love goddamn love ooh love love ooh love uh love,"{'neg': 0.185, 'neu': 0.372, 'pos': 0.442, 'compound': 0.9996}"
Rod Wave,10972428,Waited 2 Late,https://genius.com/Rod-wave-waited-2-late-lyrics,"8 ContributorsWaited 2 Late Lyrics
(Pipe that shit up, TnT)
(Dmac on the fuckin' track)
Yeah, look

Think Cole was right when he said being broke was better
At least my friends was real
At least my people loved me for me
Tell me what else can it be
LA told me play for keeps, I gave my heart to the streets
Tell me when I'd get so weak, yeah
Cold world, can I vent? Think I'm gonna be sick
Popping Percs by the six
Yeah, I want smoke 'bout the bitch
I put my heart in that shit
What they don't understand, I gave my all to this shit
I gave it chance after chance
They was mad for no reason
Throwing rocks and hiding they hand, they went to laughing and tweeting
In this world all by yourself, who can you call when you need 'em?
I love my youngin to death, jump in them cars and get even (Grrah)
Jump in them cars and get even (Grrah)
And they won't blink about it
It'll eat you alive if you think about it
Too much shit on my mind, try not to think about it
Try not to think about it
Remember going to school with it on my head
Tryna choose a path and a plan (Youngin)
And none of the hoes wouldn't want me then
You gotta take that L
I give them hell
See Rod Wave LiveGet tickets as low as $80You might also like
It was so wrong, thought you was so right
Took you so long to see hindsight
Had to move on with my life
Waited too late to make it, too late to make it
You waited too late to make it right
Too late to make it, too late to make it
You waited too late to make it right
Too late to make it, too late to make it
You waited too late to make it right (You know)
Too late to make it, too late to make it
Too late to make it, you're too late to make it (Shit)
Too late to make it, too late to make it
You're too late to make it, too late to make it (Sometimes I feel like...)
You're too late to make it, too late to make it (Free the guys know what I mean?)
Too late to make it, you're too late to make it
Too late to make it, too late to make it (I'm always too late)
Too late to make it, too late to make it (Time is everything)
Too late to make it, too late to make it
You waited too late to make it rightEmbed",pipe shit tnt dmac fuckin track yeah look think cole right said broke better least friends real least people loved tell else la told play keeps gave heart streets tell id get weak yeah cold world vent think im gonna sick popping percs six yeah want smoke bout bitch put heart shit dont understand gave shit gave chance chance mad reason throwing rocks hiding hand went laughing tweeting world call need em love youngin death jump cars get even grrah jump cars get even grrah wont blink itll eat alive think much shit mind try think try think remember going school head tryna choose path plan youngin none hoes wouldnt want gotta take l give hell see rod wave liveget tickets low might also like wrong thought right took long see hindsight move life waited late make late make waited late make right late make late make waited late make right late make late make waited late make right know late make late make late make youre late make shit late make late make youre late make late make sometimes feel like youre late make late make free guys know mean late make youre late make late make late make im always late late make late make time everything late make late make waited late make right,"{'neg': 0.188, 'neu': 0.655, 'pos': 0.157, 'compound': -0.9267}"
Rod Wave,10972427,Mike,https://genius.com/Rod-wave-mike-lyrics,"6 ContributorsMike Lyrics
(Pipe that shit up, TnT)
(Dmac on the fuckin' track)
Huh, uh
Uh, uh, uh, uh-uh-uh-uh-uh
Yeah, yeah, look, uh

I wake up shakin', sweatin' out my sleep, dreamin' 'bout them hats
Praying 'bout my love life, they say karma comin' back
But that love I get stupid, I catch Cupid, get him whacked (Grrah)
And make sure he's dead for real this time
Everything that I go through, I just keep it all to myself (Yeah)
Niggas say they wanted smoke 'til we gave they ass the belt (Yeah)
Uh, pretty red bitch a real slime, she went to a nigga when she left
I ain't bragging 'bout it, I ain't trippin', I was in that situation mysеlf, uh
Hundred thousand dollar dog tag around my neck
It say young Michael in bеtween, bitch keep asking what it mean
In arenas, bitch, I'm Jordan, to my fans, bitch, I'm Jackson (Yeah)
In the streets, bitch, I'm Corleone, I ask them boys, ""What's happening?""
You know my face card super clean, never burn no bridges (Yeah)
Youngin ran up them millions, brought it right back to the trenches (Yeah)
Ask about us in the world, they say we sell the most tickets
Ask about us in the city, bet they say we stood on business (Grrah)

Yeah, you'll probably never see me
But you can call me if you need me
Being who I am ain't that easy
Even though I make it look so easy
Okay, and all of the pain'll drive you insane
Through all of the pain, I stay true to this game
True, I dot my I's, I cross my T's
I stack my pape', stay out the way
Make sure lawyers get paid
See Rod Wave LiveGet tickets as low as $80You might also like
Yeah, we fighting murders and all
We jumping hurdles and all
Go and ask about 'em, they'll tell you, nigga
You're super involved, you're super involved
Yeah, you're super involved

I'm talking 'bout, you see what I'm saying?
See, see to the, to the arenas thing, I might be, I might be Michael Jordan or somethin', you heard me?
And to, and to my fans, I might be Michael Jackson or somethin', you know?
Yeah, and round the way, I might be, I might be Michael Corleone or somethin', yeah
Yeah, yeah, yeah, yeah
Super involvedEmbed",pipe shit tnt dmac fuckin track huh uh uh uh uh uhuhuhuhuh yeah yeah look uh wake shakin sweatin sleep dreamin bout hats praying bout love life say karma comin back love get stupid catch cupid get whacked grrah make sure hes dead real time everything go keep yeah niggas say wanted smoke til gave ass belt yeah uh pretty red bitch real slime went nigga left aint bragging bout aint trippin situation mysеlf uh hundred thousand dollar dog tag around neck say young michael bеtween bitch keep asking mean arenas bitch im jordan fans bitch im jackson yeah streets bitch im corleone ask boys whats happening know face card super clean never burn bridges yeah youngin ran millions brought right back trenches yeah ask us world say sell tickets ask us city bet say stood business grrah yeah youll probably never see call need aint easy even though make look easy okay painll drive insane pain stay true game true dot cross ts stack pape stay way make sure lawyers get paid see rod wave liveget tickets low might also like yeah fighting murders jumping hurdles go ask em theyll tell nigga youre super involved youre super involved yeah youre super involved im talking bout see im saying see see arenas thing might might michael jordan somethin heard fans might michael jackson somethin know yeah round way might might michael corleone somethin yeah yeah yeah yeah yeah super involved,"{'neg': 0.167, 'neu': 0.574, 'pos': 0.259, 'compound': 0.9701}"
Rod Wave,9821292,D.A.R.E.,https://genius.com/Rod-wave-dare-lyrics,"12 ContributorsD.A.R.E. Lyrics
(Dmac on the fuckin' track)
Youngin, look, uh
Uh

Can't feel my face, I'm high as fuck, in my feelings, so what?
They way that we growed up, all we knew was tough love, tough luck
Cold world, and it's gettin' colder, weight of the world on my shoulders
This the real life of a soldier, never sober
I don't wanna talk, just leave me 'lone, wanna get stoned, pick up the phone
Find a bitch don't like my song, bend her over and give her that bone
Now she lovin' it
Me and all my niggas thuggin' it
Gotta keep my fire, I'm clutchin' it
Nigga move wrong, I'm bustin' it, ain't tuckin' it
And it's a Percocet 10
I don't ever want this high for to end
Me and my brothers ain't got no friends, with lil' glizzy, that's my twin
A hundred shots comin' out that Gen, it ain't over 'til it end, fuck nigga, uh

And tell me how tonight am I alone
When I was always here for you?
I was gon' tell you how I really feel
But I can't find a reason to
You know that pain hurt so bad, I could cry, my dog
But I can't let these feelings show, no
You know sometimes I get really high, my dog
Most of the times, I be low
Most of the times, I be low
Most of the times, I be low
Sometimes, I get really high, my dog
Sometimes, I be low
See Rod Wave LiveGet tickets as low as $80You might also like
Yeah, yeah
Most of the times, I be low
Times, I be low
Most of the times, I be low, uh
Dare to be differentEmbed",dmac fuckin track youngin look uh uh cant feel face im high fuck feelings way growed knew tough love tough luck cold world gettin colder weight world shoulders real life soldier never sober dont wanna talk leave lone wanna get stoned pick phone find bitch dont like song bend give bone lovin niggas thuggin gotta keep fire im clutchin nigga move wrong im bustin aint tuckin percocet dont ever want high end brothers aint got friends lil glizzy thats twin hundred shots comin gen aint til end fuck nigga uh tell tonight alone always gon tell really feel cant find reason know pain hurt bad could cry dog cant let feelings show know sometimes get really high dog times low times low times low sometimes get really high dog sometimes low see rod wave liveget tickets low might also like yeah yeah times low times low times low uh dare different,"{'neg': 0.325, 'neu': 0.61, 'pos': 0.065, 'compound': -0.9918}"
Rod Wave,10049609,Scared Love,https://genius.com/Rod-wave-scared-love-lyrics,"12 ContributorsScared Love Lyrics
I wish you nothing but the best
I hope you find nothing but happiness (Pipe that shit up, TnT)
I know where you are and I know who you're with
For what it's worth, baby, I wish you nothing but happiness (Trill got that juice, nigga)
Happiness
Look

How deep is your love? Your love
Is it real? It might be
What made you take a chance on a nigga like me?
What made you stick around? I wanna know it
When I was younger, I was controlling
That pussy mine, girl, I own it
I jumped up off the porch and I got nothin' but scars
Wish I would've stayed at home and found true love in my heart
Runnin' wild as a child, screamin', ""Young nigga in charge""
They was playin' at the park, we was surfin' in them cars
Daddy left, I took it hard
Deyjah died, I took it hard
Thе game embraced mе in they arms
Seen my dream and played it smart
Never knew I'd get this far, but that's another story
I get so lost inside your eyes
You broke my heart so many times
So many times, I crossed the line
Said you love me, I ain't believe it
Young nigga fighting demons
Full of drugs, steady leanin'
Where you at right now? I need it
Where you at right now? I'm fiendin'
You know you can call on me
I'll be there in a heartbeat, ah (Oh)
And I don't want to be toxic, I want to be your peace
And I don't want to control you, I want you to be free
And I don't want to be fightin', don't wanna hear you scream
Don't wanna grow apart, I want you to be here with me
When you think of peace of mind
I want you to think of me sometimes
Could I close what I opened?
I was hopin' I could fix all the shit that I've broken
See Rod Wave LiveGet tickets as low as $80You might also like
'Cause being lonely really hurts
But being lost in love is scary
I'll love you if you let me
Don't love me 'til you're ready
Oh (So scared)
I admit I was scared, so scared, love
I was so scared, love (So scared, love)
'Cause being lonely really hurts
But being lost in love is scary
I'll love you if you let me
Don't love me 'til you're ready, no
Yeah and I admit, I was scared
So scared, love, I was so scared, love, yeah
Being lonely really hurts
But being lost in love is scary
I'll love you if you let me
Don't love me 'til you're ready, oh

I admit, I was scared, so scared, love (I was so scared, love, I'm so scared, love)
I admit, I was scared, so scared, loveEmbed",wish nothing best hope find nothing happiness pipe shit tnt know know youre worth baby wish nothing happiness trill got juice nigga happiness look deep love love real might made take chance nigga like made stick around wanna know younger controlling pussy mine girl jumped porch got nothin scars wish wouldve stayed home found true love heart runnin wild child screamin young nigga charge playin park surfin cars daddy left took hard deyjah died took hard thе game embraced mе arms seen dream played smart never knew id get far thats another story get lost inside eyes broke heart many times many times crossed line said love aint believe young nigga fighting demons full drugs steady leanin right need right im fiendin know call ill heartbeat ah oh dont want toxic want peace dont want control want free dont want fightin dont wanna hear scream dont wanna grow apart want think peace mind want think sometimes could close opened hopin could fix shit ive broken see rod wave liveget tickets low might also like cause lonely really hurts lost love scary ill love let dont love til youre ready oh scared admit scared scared love scared love scared love cause lonely really hurts lost love scary ill love let dont love til youre ready yeah admit scared scared love scared love yeah lonely really hurts lost love scary ill love let dont love til youre ready oh admit scared scared love scared love im scared love admit scared scared love,"{'neg': 0.293, 'neu': 0.348, 'pos': 0.359, 'compound': 0.992}"
Future,10839580,LIL DEMON,https://genius.com/Future-lil-demon-lyrics,"35 ContributorsTranslationsEspañolFrançaisLIL DEMON Lyrics
My bitch a princess cut (My lil' demon)
Lil' demon in the cut (Fuck you mean?)
Go raidin' at the church (Shit I'm seein')
You movin' wrong, we clutching (That's gang)
We slime, we sharin' sluts (That's slatt)
My twin, it's only us (We trappin')
Go platinum, fuck a budget (My lil' demon)
Lil' demon in the cut (Fuck you mean?)
Go raidin' at the church (Shit I'm seein')
You movin' wrong, we clutching (That's gang)
We slime, we sharin' sluts (It ain't no cappin')

Real rap, I'm trappin' bags (How you comin'?)
Real ice on both of my sleeves (We trappin')
Good numbers on them bales (How you get it?)
They gon' think you sellin' kis (Where we goin'?)
Ferrari truck, the new one (From where?)
Just shipped from overseas (Freebandz)
We got M's and changed the quota (Ayy, say, gang), right now, we chasin' B's (Pockets loaded)
Inhalin' dirty rackies (Achoo), that shit there make me sneeze (Oh, you slime)
I knew how to count through money (Super) before I learned to read (Ayy, say, gang)
Put a yacht out the coast, yeah (What's up?)
Put a yacht on the coast, yeah (Who you with?)
La Cosa Nostra (Say, gang)
They ready to vote me in (Skrrt, skrrt)
Push the Royce like a Rover (Who you with?)
I get love from the vultures (Super)
Yeah, came up with the roaches
Yeah, young niggas down like an oath (Super)
More respect than the Pope (What you gon' get?)
She give me top on the low (What you doin'?)
Wipe his nostril like a snotty nose (What you gon' do?)
Wipe his nostril like a snotty nose (What you gon' do?)
Wipe his nostril like you got a cold (Woo)
Yeah, I'm trappin' (Yessirski)
Yeah, I'm trappin' (Yeah, I trap)
Yeah, I'm trappin', yeah, I'm trappin', yeah, I'm still trappin' (Yessirski)
Yeah, I get money, I'm having (Yeah, I get money)
Yeah, I get money, I'm having (Yeah, I get money)
Yeah, I get money, yeah, I get money, yeah, I get money, I'm having (Yessirski)
Bales (What you serving?)
Bales, bales, bales (Ayy, what you serving?)
Bales, bales
Prrt, prrt (Ayy, what that is?)
Shells, shells
Once before a crook
Pluto'll get you cooked
You might also like
My bitch a princess cut (My lil' demon)
Lil' demon in the cut (Fuck you mean?)
Go raidin' at the church (Shit I'm seein')
You movin' wrong, we clutching (That's gang)
We slime, we sharin' sluts (That's slatt)
My twin, it's only us (We trappin')
Go platinum, fuck a budget
My bitch a princess cut (My lil' demon)
Lil' demon in the cut (Fuck you mean?)
Go raidin' at the church (Shit I'm seein')
You movin' wrong, we clutching (That's gang)
We slime, we sharin' sluts (That's slatt)
My twin, it's only us (We trappin')
Go platinum, fuck a budget4Embed",bitch princess cut lil demon lil demon cut fuck mean go raidin church shit im seein movin wrong clutching thats gang slime sharin sluts thats slatt twin us trappin go platinum fuck budget lil demon lil demon cut fuck mean go raidin church shit im seein movin wrong clutching thats gang slime sharin sluts aint cappin real rap im trappin bags comin real ice sleeves trappin good numbers bales get gon think sellin kis goin ferrari truck new one shipped overseas freebandz got ms changed quota ayy say gang right chasin bs pockets loaded inhalin dirty rackies achoo shit make sneeze oh slime knew count money super learned read ayy say gang put yacht coast yeah whats put yacht coast yeah la cosa nostra say gang ready vote skrrt skrrt push royce like rover get love vultures super yeah came roaches yeah young niggas like oath super respect pope gon get give top low doin wipe nostril like snotty nose gon wipe nostril like snotty nose gon wipe nostril like got cold woo yeah im trappin yessirski yeah im trappin yeah trap yeah im trappin yeah im trappin yeah im still trappin yessirski yeah get money im yeah get money yeah get money im yeah get money yeah get money yeah get money yeah get money im yessirski bales serving bales bales bales ayy serving bales bales prrt prrt ayy shells shells crook plutoll get cooked might also like bitch princess cut lil demon lil demon cut fuck mean go raidin church shit im seein movin wrong clutching thats gang slime sharin sluts thats slatt twin us trappin go platinum fuck budget bitch princess cut lil demon lil demon cut fuck mean go raidin church shit im seein movin wrong clutching thats gang slime sharin sluts thats slatt twin us trappin go platinum fuck budget,"{'neg': 0.252, 'neu': 0.557, 'pos': 0.191, 'compound': -0.9862}"
JENNIE,10933700,Mantra,https://genius.com/Jennie-mantra-lyrics,"77 ContributorsTranslationsTürkçeEspañol中文DeutschItalianoРусскийPortuguêsไทย / Phasa ThaiFrançaisMantra Lyrics
Pretty, pretty, pretty, pretty

This that pretty-girl mantra, this that flaunt ya, just touched down in L.A.​
Pretty girls don't do drama 'less we wanna, it'll be depending on the day
Pretty girls packed in a Defender, know I'ma defend her, never let her catch no stray
This that pretty-girl mantra, she's that stunna, make you wanna swing both ways

Mix me with the drama (Drama)
Check you like commas (Ah-ah, ah-ah)
My clothes are pajamas ('Jamas)
Straight from the cold plunge (Ah-ah, ah-ah)
Daytime baddie use her mind
Quick switch of the fit for the night (Night)
Swеrvin' through the lane, we'll bе twenty minute late
'Cause we had to do an In-N-Out drive-by

It's not that deep (Deep), I'm not that drunk (Drunk)
Sometimes, girls just gotta have fun
Throw it back, all that ass
Me and my sis, way too attached
It's not that deep (Deep), we're not that dumb (Dumb)
Look at them Bonnies on the run
Inside glowin' like the sun (Sun, s—)
You're gonna feel this every day (Day)
You might also like
This that pretty-girl mantra, this that flaunt ya, just touched down in L.A.​
Pretty girls don't do drama 'less we wanna, it'll be depending on the day
Pretty girls packed in a Defender, know I'ma defend her, never let her catch no stray
This that pretty-girl mantra, she's that stunna, make you wanna swing both ways

Love what it feel like (Feel like)
To be off of the grid like all night
Oh, with my bih, like (Bitch, like)
We ain't even tryna talk no one
Swerve off all the creeps, no weird vibes
We ain't never let it ruin a good time
Ain't nobody gon' dim our good light
This them words we're livin' by

This that pretty-girl mantra, this that flaunt ya, just touched down in L.A. (Ah)
Pretty girls don't do drama 'less we wanna, it'll be depending on the day (Ah, ah, ah)
Pretty girls packed in a Defender, know I'ma defend her, never let her catch no stray (Ah, ah)
This that pretty-girl mantra, she's that stunna, make you wanna swing both ways (Ah, ah, ah)
This that pretty-girl mantra, this that flaunt ya, just touched down in L.A. (Ah, ah)
Pretty girls don't do trauma, no new drama, we already got a full day (Ah, ah)
Pretty girls that you gon' remember, know that you could never, nothing ever trigger me (Ah, ah)
This that pretty-girl mantra, she's that stunna, everyone knows she is me (Ah)
Hahahahahahaha
Pretty11Embed",pretty pretty pretty pretty prettygirl mantra flaunt ya touched la pretty girls dont drama less wanna itll depending day pretty girls packed defender know ima defend never let catch stray prettygirl mantra shes stunna make wanna swing ways mix drama drama check like commas ahah ahah clothes pajamas jamas straight cold plunge ahah ahah daytime baddie use mind quick switch fit night night swеrvin lane well bе twenty minute late cause innout driveby deep deep im drunk drunk sometimes girls gotta fun throw back ass sis way attached deep deep dumb dumb look bonnies run inside glowin like sun sun youre gonna feel every day day might also like prettygirl mantra flaunt ya touched la pretty girls dont drama less wanna itll depending day pretty girls packed defender know ima defend never let catch stray prettygirl mantra shes stunna make wanna swing ways love feel like feel like grid like night oh bih like bitch like aint even tryna talk one swerve creeps weird vibes aint never let ruin good time aint nobody gon dim good light words livin prettygirl mantra flaunt ya touched la ah pretty girls dont drama less wanna itll depending day ah ah ah pretty girls packed defender know ima defend never let catch stray ah ah prettygirl mantra shes stunna make wanna swing ways ah ah ah prettygirl mantra flaunt ya touched la ah ah pretty girls dont trauma new drama already got full day ah ah pretty girls gon remember know could never nothing ever trigger ah ah prettygirl mantra shes stunna everyone knows ah hahahahahahaha pretty,"{'neg': 0.083, 'neu': 0.67, 'pos': 0.247, 'compound': 0.9937}"
BigXthaPlug,10964232,Leave Me Alone,https://genius.com/Bigxthaplug-leave-me-alone-lyrics,"8 ContributorsLeave Me Alone Lyrics
(Band)
(Let the band play)
Ayy

Ayy, BigX, man, I need me a feature
Ayy, BigX, can you get on this song?
Ayy, BigX— man, shut the fuck up
I just want all you people to leave me alone
Ayy, BigX, man, I need me a feature
Ayy, BigX, can you get on this song?
Ayy, BigX— naw, I ain't even got it
Where was you when I did all this shit on my own?

Lately, baby mama been trippin'
After all of the shit she been gettin'
Made a baby, she still in her feelings
Went through my phone and seen all of these women
Not knowin' that I could care 'less 'bout these bitches
Opps talkin', why these niggas mеntion the biggest?
Watchin' me whеn they could be gettin' richer
Probably mad 'cause they can't meet the 6ixers
Huh, I done lost all the love that I had
Think 'bout lil' bro and I start gettin' mad
How the fuck did you say you knew what type of nigga I was when all I did was give you a chance?
Huh, I'm the one bought you all of them shirts
I'm the one who bought you all them pants
I'm the one who took you off the streets
And gave you a place to come lay your head
You might also like
Ayy, BigX, man, I need me a feature
Ayy, BigX, can you get on this song?
Ayy, BigX— man, shut the fuck up
I just want all you people to leave me alone
Ayy, BigX, man, I need me a feature
Ayy, BigX, can you get on this song?
Ayy, BigX— naw, I ain't even got it
Where was you when I did all this shit on my own?

They say the more money, more problems, that's facts
Everybody gon' speak even if the shit cap
Where was all of these folks with opinions and shit
'Bout my livin' this shit when I used to sell crack?
You see, nobody care when you doin' down bad
I came up from the mud and made half the world mad
Now they all want some clout and a piece of the bag
It's too bad, know them folks left me out on my ass
I know you remember you left me out sad
Shit, I know you remember X broke with that fad
I bet you remember me turnin' up bad
Now I'm lit, nigga dissin', I'm payin' a tab
Three years, I got rich off of rappin' my past
Now I'm rappin' 'bout pain and my hurt
Don't think I'm a pussy, get put on a shirt
In a hearse just like six feet deep in that dirt
Ayy, BigX, man, I need me a feature
Ayy, BigX, can you get on this song?
Ayy, BigX— man, shut the fuck up
I just want all you people to leave me alone
Ayy, BigX, man, I need me a feature
Ayy, BigX, can you get on this song?
Ayy, BigX— naw, I ain't even got it
Where was you when I did all this shit on my own?Embed",band let band play ayy ayy bigx man need feature ayy bigx get song ayy bigx man shut fuck want people leave alone ayy bigx man need feature ayy bigx get song ayy bigx naw aint even got shit lately baby mama trippin shit gettin made baby still feelings went phone seen women knowin could care less bout bitches opps talkin niggas mеntion biggest watchin whеn could gettin richer probably mad cause cant meet ixers huh done lost love think bout lil bro start gettin mad fuck say knew type nigga give chance huh im one bought shirts im one bought pants im one took streets gave place come lay head might also like ayy bigx man need feature ayy bigx get song ayy bigx man shut fuck want people leave alone ayy bigx man need feature ayy bigx get song ayy bigx naw aint even got shit say money problems thats facts everybody gon speak even shit cap folks opinions shit bout livin shit used sell crack see nobody care doin bad came mud made half world mad want clout piece bag bad know folks left ass know remember left sad shit know remember x broke fad bet remember turnin bad im lit nigga dissin im payin tab three years got rich rappin past im rappin bout pain hurt dont think im pussy get put shirt hearse like six feet deep dirt ayy bigx man need feature ayy bigx get song ayy bigx man shut fuck want people leave alone ayy bigx man need feature ayy bigx get song ayy bigx naw aint even got shit,"{'neg': 0.21, 'neu': 0.625, 'pos': 0.165, 'compound': -0.9496}"
Rod Wave,10972411,Karma,https://genius.com/Rod-wave-karma-lyrics,"6 ContributorsKarma Lyrics
Mm

Deep inside my thoughts when I'm alone at night, uh
Looking for myself, I get lost sometimes (Yeah)
Do you believe in karma? Are you superstitious?
Are you tapped inside the universe with energies and spirits?
It's family over everything, I swear I love them dearly
I wonder, do they feel the same 'bout me?
Sometimes I wanna go back home, wonder how things'll be
I'll leave rap alone if I can find thеm things for cheap
24/7 I'm ripping and running until I get lost in my feelings
Hate doing shows, but I lovе my fans and I'm loving all of these millions (Yeah), yeah
And I love that girl to death, I wonder, can she feel it?
Sometimes I miss the past and how things were in the beginning
And tell me, have you ever seen love? 'Cause I swear I didn't (Yeah)
Mama gave me love, but at least she tried her hardest
Fuck an opp nigga birthday, might pull up and crash the party
I owe karma so many heartbreaks that it scarred me (You know what I'm sayin'? So I say)

And the walls keep on whispering (Yeah, yeah, yeah, yeah)
I'm surprised you can hear it (Yeah)
Tell me, do you believe in love? Do you believe in karma? (Yeah)
Are you superstitious? (Mm)
Three hundred and sixty-five dope sales, that's a play a day
Crack under my fingernails, only time I felt a way
Do you believe in love? Do you believe in karma?
Are you superstitious?
See Rod Wave LiveGet tickets as low as $80You might also like
Tell me
Tell me, tell me
Tell me, tell me
Three hundred and sixty-five dope sales, that's a play a day
Crack under my fingernails, only time I felt a way
Only time I felt a way
Could never make me feel a way
Oh, so I made it out that
Tell me, tell meEmbed",mm deep inside thoughts im alone night uh looking get lost sometimes yeah believe karma superstitious tapped inside universe energies spirits family everything swear love dearly wonder feel bout sometimes wanna go back home wonder thingsll ill leave rap alone find thеm things cheap im ripping running get lost feelings hate shows lovе fans im loving millions yeah yeah love girl death wonder feel sometimes miss past things beginning tell ever seen love cause swear didnt yeah mama gave love least tried hardest fuck opp nigga birthday might pull crash party owe karma many heartbreaks scarred know im sayin say walls keep whispering yeah yeah yeah yeah im surprised hear yeah tell believe love believe karma yeah superstitious mm three hundred sixtyfive dope sales thats play day crack fingernails time felt way believe love believe karma superstitious see rod wave liveget tickets low might also like tell tell tell tell tell three hundred sixtyfive dope sales thats play day crack fingernails time felt way time felt way could never make feel way oh made tell tell,"{'neg': 0.147, 'neu': 0.571, 'pos': 0.282, 'compound': 0.9866}"
